order_id,product_id,add_to_cart_order,reordered
1579,35000,1,1
1579,25466,2,1
1579,47380,3,0
1579,42900,4,1
1579,11123,5,1
3529,17261,1,0
3529,6679,2,1
4968,5077,1,1
4968,26322,2,0
4968,1263,3,1
4968,6448,4,0
4968,27045,5,0
4968,28473,6,1
4968,21333,7,0
4968,46842,8,0
4968,2029,9,0
4968,10673,10,0
4968,39988,11,0
4968,32338,12,0
4968,24852,13,0
4968,5750,14,0
4968,3285,15,0
4998,25466,1,1
4998,27966,2,1
4998,24838,3,1
5044,28553,1,1
5044,46802,2,1
5044,21903,3,0
5044,47209,4,0
5044,17638,5,0
5044,31328,6,0
5796,397,1,0
5796,13249,2,1
5796,28842,3,0
5796,39107,4,0
5796,45061,5,0
5796,8204,6,0
5796,1313,7,0
5796,35370,8,0
5796,23067,9,0
5796,15600,10,1
5796,39751,11,0
5796,22551,12,0
5796,10853,13,0
5796,15915,14,0
5796,9884,15,1
5796,40453,16,0
5796,31479,17,0
5796,12788,18,0
5796,43136,19,1
5796,39581,20,1
5796,21011,21,0
5796,16761,22,0
5796,40027,23,0
5796,32137,24,0
5796,36086,25,1
5796,22427,26,1
7724,7325,1,1
7724,47209,2,1
7724,45007,3,1
7724,1529,4,1
11382,30391,1,1
11382,37646,2,1
11980,11844,1,1
11980,28415,2,1
11980,28309,3,1
11980,38159,4,0
11980,25305,5,1
11980,10514,6,1
11980,37985,7,0
11980,43432,8,1
11980,48222,9,1
11980,23848,10,1
11980,17758,11,1
11980,40198,12,1
11980,46886,13,1
14971,5612,1,1
14971,39275,2,1
14971,28699,3,0
14971,30385,4,0
14971,16797,5,0
14971,22312,6,0
15044,38768,1,1
15044,8571,2,1
15044,20940,3,1
15044,21573,4,1
15044,20518,5,1
15044,10685,6,0
15044,13176,7,0
15044,8803,8,1
15044,48762,9,0
19004,12916,1,1
19004,27505,2,0
19004,38875,3,0
19004,30140,4,0
19004,43565,5,0
19004,32047,6,1
19004,19057,7,0
19004,18673,8,1
19004,37478,9,0
19004,44413,10,0
19004,16731,11,1
19004,38777,12,1
19004,35510,13,0
19473,43739,1,1
19473,19691,2,1
19473,38928,3,1
19473,30720,4,1
19473,9584,5,1
19473,42265,6,1
19473,14689,7,1
24664,28900,1,0
24664,28911,2,0
24664,10673,3,0
24664,21497,4,1
24664,31683,5,0
24664,41863,6,1
24664,17616,7,1
24664,13944,8,1
24664,40910,9,1
24664,17341,10,1
24664,27801,11,1
24664,40592,12,1
24664,33452,13,1
24664,44234,14,1
24664,36884,15,0
24664,29520,16,1
24664,44167,17,0
24707,20463,1,0
24707,4986,2,1
24707,6338,3,0
24707,17896,4,0
24707,46676,5,0
24707,11233,6,1
24707,39059,7,1
24707,35072,8,0
24707,27011,9,0
24707,9535,10,1
24707,6328,11,1
24994,5883,1,1
24994,28373,2,1
24994,26298,3,1
24994,18599,4,0
24994,39619,5,0
24994,24499,6,0
24994,21903,7,0
24994,27596,8,0
24994,30676,9,0
24994,3339,10,0
24994,45249,11,0
24994,27845,12,0
24994,9839,13,0
26297,196,1,1
26297,34024,2,1
26297,23082,3,1
26297,38817,4,1
26297,37654,5,0
26898,23543,1,1
26898,1463,2,1
26898,39475,3,1
26898,21137,4,1
26898,29307,5,1
26898,18609,6,0
26898,12845,7,0
27487,31506,1,0
27487,45747,2,0
27487,3957,3,1
27487,7146,4,0
27487,33198,5,1
27487,31163,6,1
27487,40469,7,0
30725,35108,1,0
30725,38988,2,1
30725,21938,3,1
30725,35321,4,1
30725,8193,5,1
30725,48845,6,1
30725,47766,7,1
30725,20574,8,1
30725,25199,9,1
30725,45066,10,1
30725,21903,11,1
30725,16083,12,1
30725,12745,13,1
30725,18362,14,1
30725,7762,15,1
30725,21137,16,1
30725,40706,17,1
30725,38256,18,1
30725,28769,19,1
30725,36537,20,1
30725,46229,21,1
30725,43961,22,1
30725,2322,23,1
30725,1542,24,1
30725,27999,25,0
31054,43295,1,1
31054,48529,2,1
31054,22825,3,1
31054,11520,4,1
31054,38200,5,1
31054,4920,6,1
31054,1695,7,1
31054,27695,8,1
31054,34448,9,1
31054,27086,10,1
31054,23375,11,1
31054,20520,12,1
31054,42110,13,0
31054,2905,14,1
31054,31040,15,1
31054,45788,16,0
31228,31717,1,0
31228,10385,2,0
31228,26369,3,1
31228,8518,4,1
31228,34126,5,1
31228,39984,6,1
31228,23165,7,0
31228,6873,8,0
31228,12409,9,0
31249,25824,1,0
31249,20118,2,0
31249,3634,3,0
31249,30489,4,0
31249,36918,5,0
31249,23541,6,0
31249,7806,7,0
31249,44310,8,1
31249,7090,9,0
31249,31127,10,0
31249,23304,11,0
31376,39190,1,1
31376,27086,2,1
31376,17789,3,1
31376,10761,4,1
31376,44628,5,0
31376,21903,6,1
31376,28985,7,1
31376,1408,8,0
31376,30391,9,0
31376,4562,10,0
31376,29675,11,1
31376,5618,12,1
31376,41690,13,0
31376,24830,14,1
31376,5025,15,1
31376,28842,16,1
31376,47766,17,1
31376,35939,18,1
31376,24852,19,1
31376,2537,20,0
31376,8138,21,1
31376,33846,22,0
31376,28199,23,1
33157,41722,1,1
33157,15948,2,1
33157,5782,3,1
33157,38168,4,1
33157,47141,5,1
33157,19948,6,1
33157,35483,7,1
33157,44290,8,0
33157,14719,9,0
33641,45249,1,1
33641,26369,2,0
33641,10132,3,1
33641,37119,4,0
33641,29987,5,1
33641,32525,6,0
33641,24630,7,0
33641,15803,8,0
33641,6606,9,0
33641,45195,10,0
33641,33194,11,0
33641,4429,12,0
33641,24195,13,0
33641,4115,14,0
33641,3843,15,0
33641,28985,16,1
33641,459,17,1
33641,2763,18,0
33641,34786,19,0
33641,22208,20,0
33641,2098,21,0
33641,13819,22,1
33641,5353,23,1
33641,31927,24,0
33641,28986,25,1
33662,19604,1,1
33662,33756,2,1
33662,33357,3,1
36087,48264,1,0
36087,23734,2,0
36087,27360,3,0
36087,36086,4,0
36087,15100,5,0
36087,25423,6,0
36087,32638,7,0
36087,20898,8,0
36087,1511,9,1
36087,28634,10,1
36087,23646,11,1
36087,557,12,1
36087,15269,13,1
37871,13263,1,1
37871,48309,2,1
37871,27705,3,1
37871,48523,4,0
37871,19311,5,0
37871,47766,6,0
37871,37067,7,1
37871,15290,8,1
37871,45066,9,1
37871,45007,10,1
37871,21903,11,1
37871,30305,12,1
37871,22849,13,1
37871,3142,14,1
37871,28553,15,1
37871,41149,16,0
37871,1158,17,0
37875,27344,1,1
37875,34217,2,1
37875,21781,3,0
37875,13385,4,1
37875,47890,5,1
37875,24097,6,1
37875,36076,7,1
37875,9124,8,1
37875,4317,9,1
37875,43867,10,1
37875,8424,11,1
37875,33129,12,1
37875,37174,13,0
38896,22035,1,1
38896,13176,2,1
38896,21497,3,1
38896,27845,4,1
38896,17630,5,1
38896,28928,6,0
38896,23029,7,0
38896,3952,8,1
38896,35535,9,0
40479,36189,1,0
40479,48298,2,0
40479,24373,3,0
40479,43928,4,1
40479,1700,5,0
40479,24852,6,0
40479,1025,7,0
40479,44683,8,0
40479,8424,9,0
40479,45007,10,0
40479,32446,11,0
40479,9020,12,1
40479,41058,13,0
40479,26104,14,0
40479,1408,15,1
40479,38739,16,0
40479,21616,17,0
40479,27104,18,1
40479,27683,19,0
40479,25544,20,0
40479,25886,21,0
40479,5456,22,0
43443,17027,1,1
43443,36724,2,1
43443,44632,3,1
43443,26128,4,1
43443,17948,5,1
43443,24009,6,1
43443,3737,7,0
43443,13966,8,0
43443,21137,9,1
43443,32285,10,0
44766,48142,1,1
44766,24532,2,0
44766,43352,3,1
45794,9636,1,0
45794,11613,2,0
49060,15433,1,0
49060,42972,2,0
49060,26604,3,0
49060,2781,4,0
49060,3240,5,0
49060,8149,6,0
49060,43961,7,1
50199,605,1,0
50199,13838,2,0
50199,12312,3,0
50199,22950,4,0
50199,12209,5,0
50199,7396,6,0
50199,7895,7,0
50199,9824,8,1
50199,13870,9,1
50199,21709,10,1
50199,24852,11,1
50199,5450,12,1
50199,29758,13,1
50199,43772,14,1
50199,19488,15,1
50499,38841,1,0
50499,2556,2,0
50499,47385,3,0
50499,39479,4,0
50499,39620,5,0
50499,17691,6,0
50499,28297,7,1
50499,47235,8,0
50499,37651,9,0
50499,26224,10,0
50499,15595,11,0
50499,14280,12,0
50499,17008,13,0
51155,27464,1,1
51155,24852,2,1
51155,27405,3,1
51155,44632,4,0
51155,36070,5,1
51155,34214,6,0
51155,4428,7,0
51155,38400,8,1
51155,17562,9,0
51155,34619,10,1
51155,47962,11,0
51155,22882,12,0
51155,33195,13,0
51155,18091,14,0
51155,45645,15,0
51654,24852,1,1
51654,38689,2,0
51654,26209,3,1
51654,41787,4,0
51654,22935,5,0
51654,5883,6,1
51654,4920,7,1
51654,43086,8,1
51654,16262,9,1
51654,34126,10,1
51654,7948,11,1
51654,26604,12,0
51654,32035,13,0
51654,35383,14,0
51654,21019,15,0
51654,32177,16,0
51654,12341,17,0
51654,31461,18,0
51654,28431,19,0
51654,6750,20,0
51654,28849,21,0
51691,19057,1,1
53395,39475,1,1
53395,45007,2,1
53395,4853,3,1
53395,21903,4,1
53395,32864,5,1
53395,10246,6,1
53395,21938,7,1
53395,40120,8,1
53395,20632,9,1
53395,389,10,0
53395,11068,11,0
53395,9808,12,0
53395,8424,13,0
53395,40738,14,1
53395,35948,15,1
53395,744,16,1
53395,23537,17,0
53395,26634,18,0
53395,46107,19,0
53395,30720,20,1
53395,15937,21,0
53395,22312,22,0
53395,5025,23,1
54804,33000,1,0
54804,29871,2,0
54804,34497,3,0
54804,32642,4,0
54804,36685,5,0
54804,32689,6,0
54804,15290,7,0
54804,40619,8,0
54804,43279,9,0
54804,264,10,0
54804,10901,11,0
54804,22957,12,0
54804,31506,13,0
54804,9068,14,0
54804,9743,15,0
54804,19734,16,0
54804,35721,17,0
54804,20985,18,0
54804,11331,19,0
54804,30338,20,0
54804,39889,21,0
54804,38406,22,0
54804,19468,23,0
54804,37449,24,0
54804,15269,25,0
54804,35761,26,0
54804,22105,27,0
54804,36434,28,1
54804,33168,29,0
54804,43968,30,0
54804,29783,31,0
54804,6189,32,0
54804,8049,33,0
54804,36259,34,0
54804,19005,35,0
54804,44245,36,0
54804,36849,37,0
56788,7521,1,1
56788,13560,2,1
56788,19006,3,0
57869,19677,1,1
57869,8163,2,0
57869,47888,3,1
57869,13176,4,1
57869,32177,5,0
57869,26940,6,0
57869,8518,7,0
57869,28348,8,0
57869,24964,9,1
57869,6292,10,0
57869,18242,11,0
57869,41544,12,0
57869,2295,13,0
57869,27683,14,0
57869,17789,15,0
57869,7515,16,0
58387,40709,1,1
58387,40459,2,1
58387,24852,3,1
58387,24010,4,1
58387,6347,5,1
58387,16185,6,1
58387,8153,7,1
58387,39560,8,1
58387,19624,9,1
58387,44799,10,1
58387,33000,11,1
58387,23375,12,1
58387,3384,13,1
58387,4377,14,1
58387,46058,15,1
58387,49605,16,1
63889,33614,1,1
63889,14159,2,0
63889,15276,3,1
63889,41534,4,0
63889,6274,5,0
63889,27429,6,0
63889,35923,7,0
63889,46222,8,0
63889,8424,9,0
63889,5375,10,0
64546,40939,1,1
66813,10026,1,1
66813,27086,2,1
66813,21333,3,1
66813,46881,4,1
66813,40706,5,1
66813,6927,6,0
66813,46979,7,0
66813,29487,8,0
66813,30720,9,1
66813,30391,10,0
66813,4920,11,0
66813,6647,12,1
66813,9076,13,0
66813,48290,14,1
68760,29307,1,1
69997,17706,1,0
69997,35951,2,0
69997,30169,3,0
69997,21903,4,1
69997,34221,5,0
70005,44690,1,1
70005,19479,2,0
70005,30352,3,1
70005,11452,4,0
70005,37849,5,0
70005,4605,6,1
70005,13423,7,1
70005,10912,8,0
70005,3560,9,1
70005,24852,10,0
70005,5472,11,0
70005,36962,12,1
70005,40310,13,0
70005,15100,14,1
70005,14488,15,0
70005,31564,16,1
70005,27196,17,1
70005,21938,18,1
70005,24184,19,0
70005,39028,20,0
70005,34321,21,1
70005,307,22,1
70005,27179,23,1
70005,13822,24,0
70005,12087,25,0
70074,22451,1,0
70074,37121,2,0
70074,27845,3,0
70074,22142,4,0
70074,43749,5,0
70074,8104,6,0
70074,28986,7,0
70074,27665,8,0
70074,43295,9,0
70074,16521,10,0
70422,19660,1,1
70932,35951,1,1
70932,43122,2,1
70932,13176,3,1
70932,34134,4,1
70932,5114,5,1
70932,21137,6,1
70932,33754,7,1
70932,38248,8,1
70932,39275,9,1
70932,46692,10,1
70932,47888,11,1
70932,45582,12,1
70932,8859,13,1
70932,33787,14,1
70932,45007,15,1
70932,9000,16,0
70932,6188,17,0
70932,38141,18,0
70932,11130,19,0
70932,46906,20,0
71561,24852,1,1
71561,45002,2,0
71561,26497,3,1
71561,19068,4,1
71561,10151,5,0
73642,46284,1,1
73642,3808,2,0
73642,19653,3,0
73914,13176,1,1
73914,14874,2,1
73914,24120,3,0
73914,35629,4,0
73914,48123,5,1
73914,5818,6,1
73914,27719,7,0
73914,9839,8,1
73914,23165,9,1
73914,26369,10,1
73914,38777,11,1
73914,31553,12,1
73914,10749,13,1
73914,43768,14,1
73914,17794,15,1
73914,8193,16,1
73914,26497,17,0
73914,38159,18,1
73914,28199,19,1
75709,49189,1,0
75709,24852,2,1
75709,28204,3,1
75709,45279,4,1
75709,32566,5,1
75709,274,6,1
75709,31268,7,0
75709,8192,8,1
75709,32677,9,1
75709,13672,10,1
75709,41351,11,0
75709,20512,12,1
75709,13203,13,1
75780,6891,1,1
75780,34061,2,1
75780,49235,3,1
75780,7781,4,1
76073,49191,1,0
76073,12576,2,0
76073,44925,3,0
76073,43799,4,0
76073,46488,5,0
76073,26372,6,0
77188,31343,1,0
77188,17600,2,0
77188,47672,3,1
77188,4455,4,1
77188,41844,5,1
77188,21417,6,1
77188,45066,7,1
77188,39180,8,1
77188,21704,9,1
77188,21137,10,1
77188,13176,11,1
77188,3952,12,1
77188,4920,13,1
77188,20899,14,1
77188,36695,15,1
77188,7559,16,1
77188,23801,17,1
78345,32478,1,1
78345,13575,2,1
78345,6184,3,1
78345,8048,4,1
78345,41400,5,1
78345,26088,6,1
78345,37590,7,1
78345,651,8,1
78345,37687,9,1
78345,9067,10,1
78345,27156,11,1
78345,21903,12,1
78345,14001,13,1
78345,4724,14,1
78345,21137,15,0
78345,37220,16,0
79506,19660,1,1
79506,4957,2,1
79506,42450,3,1
79506,34448,4,1
79506,9124,5,1
79506,8424,6,1
79506,26083,7,0
79506,15290,8,1
79506,2295,9,1
79506,41544,10,0
79506,23375,11,1
79506,28476,12,1
79506,42110,13,0
79506,39966,14,0
79506,31869,15,0
80205,3990,1,1
80205,13176,2,1
80205,26856,3,1
80205,45210,4,1
80205,41665,5,1
80205,28849,6,1
80205,11941,7,1
80205,26711,8,1
80205,26767,9,1
80205,44548,10,1
80205,17829,11,1
80205,22920,12,0
80205,49328,13,0
80205,22472,14,1
80205,38563,15,0
80856,26040,1,1
80856,33589,2,0
80856,13834,3,0
80856,29487,4,0
80856,12403,5,0
80856,43905,6,0
80856,18019,7,0
80856,47141,8,1
80856,39247,9,0
80856,20273,10,0
80856,33245,11,1
80856,29078,12,0
80856,14897,13,0
80856,11433,14,0
80856,11182,15,1
82890,18196,1,0
82890,34064,2,0
82890,10246,3,0
82890,28842,4,1
82890,35907,5,1
82890,36736,6,0
82890,33086,7,0
85194,12732,1,1
85811,17355,1,1
85811,15438,2,1
85811,27086,3,1
85811,24131,4,1
85811,18441,5,1
85811,34425,6,1
85811,46886,7,1
85811,40198,8,1
85811,44422,9,1
85811,42938,10,1
85811,44632,11,1
85811,32864,12,1
85811,20437,13,1
85811,25146,14,1
85811,48104,15,1
85811,45123,16,1
89512,2855,1,1
89512,24852,2,1
89512,30233,3,0
89512,7485,4,0
89512,46820,5,1
89512,40632,6,1
89512,34747,7,1
89512,21128,8,0
89512,27336,9,0
89512,40723,10,1
89512,38164,11,0
89512,17526,12,0
89512,37276,13,0
89512,32580,14,0
90636,44172,1,0
90636,42265,2,0
90636,21572,3,0
90636,26317,4,0
90822,23405,1,0
90822,12409,2,0
90822,46688,3,0
90906,15950,1,1
90906,36117,2,1
90906,21903,3,1
90906,16083,4,1
90906,6104,5,1
90906,6187,6,1
90906,7781,7,1
90906,37067,8,1
90906,47766,9,1
90906,8277,10,1
90906,42944,11,0
90906,12206,12,1
90906,42828,13,1
90906,14992,14,1
90906,260,15,1
90906,47388,16,1
90906,28849,17,1
90906,27521,18,1
90906,46505,19,1
90906,3376,20,0
90906,23695,21,0
90906,15892,22,0
90906,45679,23,1
90906,1090,24,0
90906,24221,25,0
90906,22312,26,0
90906,38273,27,1
90906,48210,28,0
91549,260,1,0
91549,8174,2,1
91549,1468,3,1
91628,36550,1,1
91628,35163,2,0
91628,40706,3,1
91628,26209,4,1
91628,46226,5,0
91628,5031,6,0
91628,27683,7,0
91628,40836,8,0
93150,7574,1,1
93150,48805,2,0
93150,13974,3,0
93150,24852,4,1
93150,33664,5,0
93150,19723,6,0
93150,21572,7,1
94114,34940,1,1
94114,760,2,1
94114,7644,3,1
94114,22943,4,1
94114,15540,5,1
94114,49139,6,1
95337,10117,1,1
95337,8474,2,1
95337,20674,3,1
95337,14233,4,1
95337,16965,5,1
95337,20844,6,1
95337,18362,7,1
95337,45714,8,1
95337,47681,9,1
95337,47518,10,1
95337,7597,11,1
95337,47141,12,1
95337,21293,13,0
97584,47766,1,1
97584,47626,2,1
97584,21137,3,1
97584,44795,4,1
97584,12440,5,1
97584,4920,6,1
97584,3645,7,1
97584,18159,8,0
97584,13500,9,1
98257,591,1,1
98588,16234,1,1
98588,13176,2,1
98588,41771,3,1
98588,39408,4,1
98588,27325,5,1
98588,14233,6,1
99089,26475,1,1
99089,21386,2,1
99089,329,3,1
99089,13176,4,1
99089,4952,5,1
99089,7808,6,1
99089,18765,7,1
99089,49416,8,1
99089,30391,9,1
99089,20632,10,1
99089,21137,11,1
99089,15200,12,1
99089,5876,13,1
99089,47209,14,1
99089,8277,15,1
99089,19057,16,1
99089,6740,17,0
99089,16254,18,1
99089,34270,19,1
99089,26317,20,1
99089,19731,21,1
99089,16759,22,1
99089,44359,23,1
99089,41757,24,1
99089,4461,25,0
100428,8803,1,1
100428,21903,2,1
102139,28204,1,1
102139,24267,2,1
102139,19348,3,1
102139,19660,4,1
102139,21019,5,1
102139,18599,6,1
102139,25890,7,1
102139,46906,8,1
102139,13984,9,1
102139,47626,10,1
102139,48299,11,1
102139,41950,12,1
102139,11777,13,1
102139,26604,14,1
102523,33394,1,1
102523,37190,2,1
102523,25544,3,1
102523,31883,4,1
102523,49098,5,1
102523,39408,6,1
102523,3717,7,1
102523,49520,8,0
102523,24852,9,1
102523,36236,10,0
102523,27356,11,0
102523,45588,12,1
102523,18498,13,1
102523,4605,14,1
102523,28805,15,0
102523,495,16,0
104170,30923,1,1
104170,8018,2,1
104170,38689,3,1
104170,21802,4,1
104170,24852,5,1
104170,18465,6,1
104170,6489,7,1
104170,23765,8,1
104170,28986,9,0
104170,46906,10,0
104170,5438,11,1
104170,43465,12,0
104170,26283,13,0
104765,8932,1,0
104765,13287,2,1
104765,13029,3,1
104765,18610,4,1
104765,196,5,1
104765,9290,6,0
104765,22559,7,0
104765,1603,8,0
104765,5375,9,1
104765,49306,10,1
104765,20156,11,1
104765,27395,12,1
104765,37066,13,1
104765,37940,14,1
104765,46023,15,1
104765,14539,16,0
104830,24838,1,0
104830,39275,2,1
104830,35547,3,1
104830,34234,4,1
104830,25513,5,0
104830,31487,6,0
104830,1700,7,1
104830,19491,8,1
104830,5770,9,1
104830,2481,10,1
104830,44925,11,1
104830,31618,12,1
104830,24117,13,1
104830,37366,14,1
104830,21240,15,1
104830,48568,16,0
104830,1461,17,0
104830,19178,18,0
106635,25437,1,0
106635,29142,2,1
106635,311,3,1
106635,27695,4,1
106635,7035,5,1
106635,13802,6,0
106635,43086,7,1
106635,46785,8,1
106635,47209,9,1
106635,39475,10,1
106635,24830,11,0
106635,17221,12,0
106635,13852,13,0
106635,1203,14,1
106635,30881,15,0
106635,6344,16,0
106635,30165,17,0
106635,32465,18,0
106635,24964,19,1
106635,18531,20,0
106635,33642,21,1
106635,21463,22,0
107263,21709,1,1
107263,47766,2,1
107263,9689,3,1
107263,34969,4,1
107263,3376,5,1
107263,24830,6,1
107263,40516,7,1
107263,19348,8,1
107263,30391,9,1
107263,28156,10,0
107263,41593,11,0
109205,22890,1,0
109205,46709,2,0
109205,6141,3,0
109205,32338,4,0
109205,11265,5,1
109205,14197,6,1
109205,17794,7,0
109205,17862,8,0
109205,7058,9,0
109205,15261,10,0
109205,13780,11,0
109205,2309,12,0
109205,18523,13,0
109205,40073,14,0
109205,37067,15,0
109205,49517,16,1
109205,40332,17,0
109205,35752,18,0
109205,27903,19,0
109205,11344,20,0
111496,44632,1,1
111496,37646,2,0
111496,22825,3,0
111496,21903,4,0
111496,15040,5,0
111496,48679,6,1
111496,13176,7,0
111496,27966,8,0
111496,18471,9,0
111496,30450,10,0
111496,35921,11,0
111496,2757,12,0
111496,19048,13,0
111496,45007,14,0
113838,13176,1,1
113838,5450,2,1
113838,128,3,1
113838,41544,4,1
113838,49075,5,1
113838,20767,6,1
113838,15803,7,1
113838,3952,8,1
113838,28934,9,1
113838,29127,10,1
113838,6210,11,1
113838,29574,12,0
113838,42768,13,1
113838,16145,14,1
116695,27086,1,1
116695,13733,2,1
116695,24852,3,1
116695,36550,4,1
116695,8968,5,1
116695,45346,6,1
116695,11162,7,1
116695,45842,8,1
116695,14947,9,1
116695,4400,10,1
116695,28329,11,1
116695,23029,12,1
116695,24489,13,1
116695,47209,14,1
116695,39877,15,1
116695,34969,16,1
116695,19125,17,1
116695,44397,18,0
116695,18389,19,0
116695,40910,20,0
117117,19660,1,1
117117,40001,2,1
117117,432,3,0
117117,39275,4,0
117117,26604,5,0
117117,12741,6,1
117117,21903,7,1
117117,36994,8,1
117117,23032,9,1
117117,37851,10,0
119255,41774,1,1
119255,36189,2,1
119255,25005,3,1
119255,49383,4,1
119255,14161,5,1
119255,21137,6,1
119255,48679,7,1
119255,42585,8,1
119255,22825,9,1
119255,15200,10,1
119255,47809,11,1
119255,47766,12,1
119947,27845,1,1
119947,30776,2,1
119947,6656,3,1
119947,2382,4,1
119947,46906,5,1
119947,12872,6,1
119947,15649,7,1
119947,29970,8,1
119947,31130,9,0
119947,18523,10,0
119947,44310,11,0
119947,26914,12,0
119947,27966,13,0
119947,46049,14,1
119947,40706,15,0
119947,44632,16,0
119947,19125,17,1
119947,49318,18,0
119967,20034,1,0
119967,41950,2,0
119967,31553,3,0
119967,1240,4,1
119967,47788,5,1
119967,260,6,1
119967,35951,7,1
119967,24838,8,0
119967,47893,9,0
119967,1828,10,0
119967,8193,11,1
119967,28553,12,1
119967,27521,13,1
119967,14126,14,1
119967,31717,15,1
119967,18535,16,1
119967,45827,17,1
119967,40706,18,1
119967,35163,19,1
119967,16797,20,1
119967,32177,21,1
119967,7503,22,0
119967,38693,23,1
119967,42585,24,1
120169,12033,1,1
120169,20178,2,1
120169,25948,3,0
120169,38164,4,1
120169,7325,5,1
120169,31444,6,0
120169,43165,7,0
120169,13176,8,1
120169,8174,9,1
120169,47626,10,0
121883,41680,1,0
121883,13715,2,0
121883,11352,3,1
121883,27454,4,0
121883,45767,5,1
121883,16920,6,1
121883,16714,7,1
121883,39275,8,1
121883,44497,9,1
121883,34160,10,1
121883,9389,11,0
121883,21137,12,1
121883,27730,13,0
121883,47950,14,1
121883,3381,15,1
121883,3990,16,0
121883,13083,17,0
121883,31689,18,1
121883,14957,19,0
121883,27966,20,0
121883,4687,21,1
121883,8873,22,1
121883,37354,23,1
121883,11826,24,1
121883,9106,25,0
121883,35570,26,0
121883,17758,27,0
121883,31215,28,0
121883,49247,29,0
121883,33754,30,0
121883,43902,31,0
121883,23753,32,1
121883,364,33,0
121883,8190,34,0
121883,35580,35,0
121883,21754,36,0
122349,39041,1,0
122349,8479,2,0
122349,36650,3,0
122349,15109,4,1
122349,28199,5,0
124394,4724,1,1
124394,16797,2,1
124394,9007,3,1
124394,25379,4,1
124394,23537,5,0
125765,19895,1,1
125765,44389,2,1
125765,13870,3,1
125765,27966,4,1
125765,20632,5,1
125765,22035,6,1
125765,20118,7,1
125765,781,8,1
125765,35038,9,0
125765,36724,10,0
125765,42445,11,0
130722,32465,1,1
130722,30489,2,1
130722,24852,3,1
130722,43295,4,0
130722,42736,5,1
130722,39180,6,0
130722,16185,7,0
130722,21903,8,1
130722,5337,9,1
130722,44570,10,0
130722,17794,11,1
130722,5618,12,0
130722,7058,13,0
130722,32624,14,0
130722,12779,15,0
130722,45007,16,0
130722,5769,17,0
130722,45535,18,0
130722,28849,19,0
130722,34126,20,0
130760,39275,1,1
130760,43352,2,1
130760,38768,3,1
130760,21288,4,1
130760,8048,5,1
130760,17207,6,1
130760,32079,7,1
131716,24852,1,1
131716,16083,2,1
131716,28934,3,1
131716,2078,4,1
131716,4920,5,1
131716,42585,6,1
131716,24964,7,1
131716,7628,8,1
131716,47626,9,1
131716,8412,10,1
131716,27845,11,1
131716,26317,12,1
131716,1158,13,1
131716,42265,14,1
131716,9387,15,1
131716,26209,16,1
131716,28553,17,1
131716,24830,18,1
131716,4605,19,0
131716,36216,20,1
134531,12113,1,0
134531,13198,2,0
134531,5450,3,0
134531,38544,4,1
134531,37718,5,1
134531,37119,6,0
134531,33911,7,0
137773,48453,1,1
137773,10339,2,1
137773,17530,3,1
137773,14233,4,1
137773,27020,5,1
139431,24852,1,1
139431,40604,2,1
139431,22825,3,1
139431,47209,4,1
139431,15872,5,1
139431,5212,6,1
139431,25371,7,1
139431,24413,8,1
139431,44557,9,1
139431,18629,10,1
139431,32230,11,0
139431,35050,12,0
139431,40174,13,0
139431,40788,14,1
139431,28570,15,0
139431,35819,16,0
139431,48679,17,0
139431,39619,18,0
139431,10121,19,0
139431,24221,20,0
139431,260,21,1
141857,24852,1,1
141857,581,2,1
141857,21903,3,0
141857,47766,4,1
141857,40706,5,1
141857,16797,6,1
141857,39408,7,0
141857,32259,8,0
141857,8239,9,0
141857,10246,10,0
141857,34861,11,0
141857,28156,12,0
141857,32747,13,0
143541,12078,1,1
143541,12916,2,1
143541,21292,3,1
143541,33279,4,1
151108,15028,1,0
151108,18242,2,0
151108,39090,3,1
151108,38903,4,0
151108,14429,5,0
151108,5769,6,1
151108,11933,7,1
151108,165,8,1
151108,24964,9,1
151108,4605,10,1
151108,45007,11,1
151108,18908,12,1
151108,16521,13,1
151108,18531,14,1
151108,12431,15,1
151108,36651,16,1
151108,29820,17,1
151108,7734,18,1
151108,7948,19,1
151108,39328,20,1
151108,39475,21,1
151108,37646,22,1
151108,3952,23,1
151108,1025,24,1
155193,3298,1,1
155193,8057,2,1
155193,46058,3,0
155193,12078,4,0
155193,45051,5,1
155193,13259,6,0
155193,17902,7,1
155193,40939,8,1
159292,6991,1,0
159292,16217,2,0
159292,24152,3,0
159292,12805,4,0
159292,42137,5,0
159580,40004,1,0
159580,970,2,1
159580,44142,3,1
159580,38365,4,1
159580,15664,5,1
159580,14258,6,0
159580,24313,7,1
159580,48697,8,1
159580,36236,9,0
159580,14197,10,0
159580,29744,11,1
159580,47261,12,1
162949,24838,1,1
162949,47766,2,1
162949,39121,3,1
162949,27307,4,1
162949,29987,5,1
162949,24964,6,1
162949,13829,7,1
162949,3628,8,1
162949,21174,9,1
162949,46979,10,1
162949,43768,11,1
162949,31717,12,1
162949,29328,13,1
162949,32465,14,1
162949,48094,15,1
162949,5646,16,1
162949,21267,17,1
162949,41259,18,0
162949,26217,19,0
162949,37458,20,0
162949,15411,21,0
162949,19508,22,1
162949,12206,23,1
162949,21903,24,1
162949,23304,25,0
164317,18432,1,1
164317,49139,2,1
164317,6448,3,1
164317,35923,4,0
164317,10521,5,0
164317,48454,6,0
164317,20076,7,0
164317,26172,8,1
164317,14539,9,0
166841,24852,1,1
166841,7806,2,1
166841,24561,3,1
166841,781,4,1
166841,18465,5,1
166841,46346,6,1
166841,38689,7,1
166841,21137,8,1
166841,5450,9,1
166841,7923,10,1
166841,41149,11,1
166841,21513,12,0
166841,6892,13,1
166841,2966,14,0
166841,8619,15,0
166841,25762,16,1
166841,34969,17,1
166841,890,18,1
166841,30827,19,1
166841,44479,20,0
167708,47209,1,0
167708,13176,2,1
167708,43295,3,0
167708,45007,4,0
167708,343,5,0
167708,30489,6,0
167708,46906,7,0
167708,40723,8,0
167708,31553,9,1
167708,27104,10,0
167708,30776,11,0
167708,47492,12,0
167708,35734,13,0
167708,47626,14,1
167708,8518,15,0
167708,22963,16,0
167708,19019,17,1
167708,45311,18,0
167708,34358,19,1
167815,38689,1,1
167815,13176,2,1
167815,21137,3,1
167815,45066,4,1
167815,43352,5,0
167815,30391,6,0
167815,3970,7,0
168357,11520,1,1
168357,35108,2,0
168357,29125,3,0
168357,27966,4,1
168357,9477,5,1
168697,3765,1,0
168697,26369,2,1
168697,13176,3,0
168697,19678,4,1
168697,27966,5,1
168697,48679,6,1
168697,4932,7,0
168697,260,8,1
168697,12745,9,1
168697,10768,10,1
168697,45210,11,0
168697,44359,12,1
168697,38777,13,1
168697,20734,14,0
168697,9154,15,0
170336,31596,1,0
170336,28058,2,0
170336,14240,3,0
170336,14833,4,0
170336,11945,5,1
170336,47492,6,0
171083,3265,1,0
171083,27966,2,1
171083,13176,3,1
171083,39275,4,0
171083,6286,5,1
171083,35181,6,1
171083,34605,7,1
171083,15872,8,0
171083,41771,9,1
171083,46979,10,1
171083,20158,11,1
171083,36988,12,1
171083,35552,13,1
171083,46654,14,1
171083,39251,15,1
171083,35761,16,1
171083,31683,17,1
171083,12743,18,0
171083,24184,19,0
171083,21085,20,1
171083,8212,21,1
171083,47559,22,0
172567,12732,1,1
172567,22935,2,1
172567,27845,3,0
172567,27243,4,0
172567,2086,5,0
172567,29740,6,1
174127,9644,1,1
174127,20955,2,1
174127,31869,3,1
174127,40939,4,1
174127,769,5,1
174755,16000,1,1
174755,24165,2,0
174913,27029,1,0
174913,5750,2,1
174913,6338,3,1
174913,2708,4,1
174913,44487,5,1
174913,6629,6,1
174913,48527,7,1
174913,43928,8,1
174913,44115,9,0
174913,28619,10,1
174913,15128,11,1
174913,13698,12,1
174913,18437,13,1
174913,40117,14,1
174913,8029,15,0
174913,40714,16,1
174913,7901,17,1
174913,8707,18,0
174913,6128,19,1
174913,24138,20,0
174913,29794,21,0
174913,13806,22,0
174913,24852,23,0
174913,6522,24,0
174913,37318,25,0
174913,17351,26,0
174913,21452,27,0
174913,25495,28,0
174913,6309,29,0
174913,16419,30,0
174913,40914,31,0
174913,9130,32,0
174913,22128,33,0
174913,49131,34,0
174913,44323,35,0
174913,38485,36,0
174913,29859,37,1
174913,28236,38,0
174913,26863,39,1
174913,6448,40,1
176085,24852,1,1
176085,47144,2,1
176085,6348,3,1
176085,44479,4,1
176085,38471,5,1
176085,19057,6,1
176085,45866,7,1
176085,4663,8,1
176240,27494,1,0
176240,49610,2,1
176240,20754,3,0
176240,14199,4,0
177897,6182,1,1
177897,13176,2,1
177897,18531,3,1
177897,27104,4,1
177897,14711,5,1
177897,2552,6,1
177897,47652,7,0
177897,21198,8,0
178198,29127,1,1
178198,23236,2,1
178198,46175,3,1
178198,20367,4,1
178198,10874,5,1
178198,13646,6,1
178198,46654,7,1
178198,24852,8,1
178198,1360,9,1
178198,15123,10,0
183918,26131,1,0
183918,35168,2,0
183918,10132,3,0
183918,8277,4,1
183918,28985,5,0
183918,21903,6,0
183918,45007,7,0
183918,24964,8,0
183918,5876,9,0
183918,16349,10,0
183918,22142,11,0
183918,40742,12,0
183918,20119,13,1
183918,26620,14,0
183918,24125,15,0
183918,28366,16,0
183918,8671,17,1
183918,27086,18,1
183918,5785,19,1
185629,19459,1,1
185629,28204,2,1
185629,5450,3,1
185629,6739,4,1
185629,45149,5,1
185629,15191,6,1
185629,8016,7,1
185629,30105,8,1
185629,17650,9,1
186321,35503,1,1
186321,40706,2,0
186321,24631,3,1
186321,6300,4,1
186321,11865,5,1
186321,37935,6,1
186321,39696,7,1
186321,49416,8,0
186321,30135,9,0
186321,7751,10,0
186321,2452,11,1
186321,45061,12,0
187423,49628,1,0
187423,3765,2,1
187673,45877,1,1
187673,47499,2,0
187673,27288,3,0
188277,12341,1,1
188277,11123,2,1
188277,26165,3,1
188277,13176,4,1
188277,15200,5,1
188277,5876,6,0
188277,4920,7,1
188277,33722,8,1
188277,44750,9,0
188277,2582,10,1
188277,16868,11,1
188277,19678,12,1
188277,47119,13,1
188277,5785,14,1
188277,5212,15,1
188277,18288,16,1
188277,13380,17,1
188277,39190,18,1
188277,37450,19,1
188277,26351,20,1
188277,10126,21,1
188277,16262,22,1
188277,28289,23,1
188277,44910,24,1
188277,2732,25,1
188277,8580,26,0
188277,26410,27,1
188277,24231,28,1
188277,10343,29,1
188277,40604,30,1
188277,37646,31,1
188277,20995,32,0
188277,35903,33,1
188277,10436,34,1
188277,40310,35,0
188277,1392,36,0
188277,781,37,1
188277,27392,38,0
188277,18370,39,0
188277,48745,40,0
188277,34126,41,1
188277,25513,42,1
188277,35704,43,0
189129,4799,1,1
189129,33731,2,1
189129,47788,3,0
189129,48978,4,0
189129,43789,5,1
189129,46979,6,0
189129,26800,7,1
189129,27521,8,1
189129,26369,9,1
189129,47526,10,0
189129,13984,11,1
189129,23265,12,0
189129,27845,13,1
189129,5876,14,1
189129,16995,15,1
189129,5450,16,1
189129,34126,17,1
189129,39984,18,1
189129,26620,19,1
192225,27966,1,1
192225,21903,2,1
192225,16154,3,0
192225,43713,4,1
192225,14947,5,1
192225,33527,6,1
192225,41488,7,0
192225,26940,8,1
192225,40706,9,1
193272,24852,1,1
193272,33198,2,1
193272,38164,3,1
193272,8021,4,1
193272,33407,5,1
193272,23634,6,1
193272,39024,7,1
193272,6948,8,1
193272,39619,9,1
193272,2979,10,1
193272,21872,11,0
193272,42265,12,0
193272,48487,13,1
193272,28597,14,1
193272,3849,15,1
193272,38861,16,1
193272,14643,17,0
193272,17429,18,1
193272,13496,19,1
193272,29622,20,1
193272,10006,21,1
193272,26661,22,0
193272,18567,23,1
193272,21230,24,1
193272,13031,25,0
193272,35912,26,0
194632,42828,1,1
194632,5132,2,0
194632,1463,3,1
194632,2452,4,1
194632,20113,5,1
194632,45535,6,0
194632,19482,7,0
194632,11107,8,0
194632,44372,9,0
195674,21903,1,1
195674,22260,2,1
195674,43014,3,1
195674,7021,4,1
195674,6291,5,1
195674,23586,6,1
195674,5479,7,1
195879,23726,1,0
195879,15406,2,1
195879,32360,3,0
195879,890,4,0
195879,23400,5,0
195879,12797,6,0
195879,31539,7,0
195879,48423,8,0
195879,8927,9,0
195879,12974,10,0
195879,3869,11,0
195879,18578,12,0
195879,38533,13,0
198150,32655,1,1
198150,15399,2,0
198150,44048,3,1
198150,22520,4,1
198150,44290,5,0
199959,18027,1,1
199959,35628,2,1
199959,24838,3,1
199959,24489,4,1
199959,3142,5,1
199959,37029,6,1
199959,18465,7,1
199959,23801,8,1
199959,13176,9,1
199959,29993,10,1
199959,19048,11,1
199959,29662,12,1
199959,21616,13,1
199959,40706,14,1
199959,48679,15,1
199959,28199,16,1
200562,12811,1,1
200562,14379,2,1
200562,9462,3,1
200562,14366,4,1
200562,44566,5,1
200562,48440,6,1
200562,32478,7,1
200562,1498,8,1
200562,937,9,1
200562,33129,10,1
200562,13966,11,1
200562,42987,12,1
200562,2231,13,1
200562,5124,14,1
200562,18439,15,1
200562,37229,16,1
200562,40332,17,1
200562,30247,18,1
200562,39719,19,1
200562,25431,20,1
200562,3990,21,1
200562,38129,22,1
200562,18366,23,1
200562,31564,24,1
200562,7851,25,1
200562,16759,26,1
200562,16215,27,1
200562,22935,28,1
200562,8193,29,1
200562,12313,30,1
200562,4595,31,1
200562,36257,32,0
200562,45681,33,0
201143,11112,1,0
201143,1577,2,0
201143,35050,3,0
201143,8174,4,1
201143,11057,5,1
201143,34126,6,1
201143,46584,7,1
201143,5428,8,1
201143,5876,9,1
201143,49383,10,1
201143,4461,11,1
201143,41220,12,1
201143,35784,13,0
207567,39877,1,0
207567,5646,2,1
207567,28204,3,1
207567,12456,4,1
207567,20119,5,1
210632,27549,1,1
210632,29487,2,1
210632,649,3,1
210632,32403,4,1
210632,12481,5,1
210632,17819,6,1
210632,35430,7,1
210632,3040,8,1
210632,39276,9,1
210632,40310,10,1
210632,11985,11,1
210632,10734,12,1
210632,1460,13,1
210632,26436,14,1
210881,46990,1,1
210881,13889,2,0
210881,40709,3,0
210881,14633,4,0
210881,24035,5,0
210881,42442,6,0
213169,45058,1,0
213169,2838,2,1
213169,4103,3,0
213169,2054,4,1
213169,38739,5,1
213169,38768,6,1
214022,29987,1,1
214022,31981,2,1
214022,25272,3,1
214022,24009,4,1
214022,7485,5,0
214022,40545,6,0
214022,21616,7,0
214022,8518,8,0
216186,25783,1,1
216186,22610,2,1
216186,21019,3,0
216186,12562,4,1
216186,21282,5,0
216186,16245,6,1
216186,47759,7,1
216186,24852,8,0
216186,22520,9,0
216186,39614,10,0
216186,35909,11,0
216186,39059,12,0
216186,27471,13,0
216186,39758,14,0
216186,36221,15,0
216186,12606,16,0
216502,38044,1,0
216502,24184,2,0
216502,21955,3,0
216502,1582,4,0
216502,24852,5,1
216502,31066,6,0
217357,33754,1,1
217357,31371,2,1
217357,43122,3,1
217357,17568,4,0
217357,30252,5,1
217357,13176,6,1
217357,42828,7,1
217357,47672,8,1
217357,38689,9,1
217357,2124,10,0
217357,16469,11,1
217357,43014,12,1
217357,33731,13,1
217357,16185,14,1
217357,48595,15,0
217357,22417,16,0
217357,23695,17,1
217357,35004,18,1
217472,39427,1,1
218237,30391,1,1
218237,36389,2,1
218237,28204,3,1
218237,24184,4,1
218237,34969,5,1
218237,8424,6,1
218237,24852,7,1
218237,4920,8,1
218237,40706,9,1
218237,18234,10,1
218237,28985,11,1
218237,47626,12,0
218237,48682,13,1
221908,7468,1,0
221908,47626,2,1
222101,44219,1,0
222101,21137,2,1
222101,2447,3,0
223510,23288,1,1
223510,40939,2,1
223567,14381,1,1
223567,27239,2,1
223567,18792,3,1
223567,24413,4,1
223567,44245,5,1
223567,44787,6,0
223567,11308,7,0
223567,8366,8,0
223567,41040,9,0
223567,22358,10,0
223567,7123,11,0
223567,31268,12,0
223567,12817,13,0
223567,42731,14,1
223567,25544,15,1
223567,1661,16,0
223567,43867,17,0
223567,18629,18,1
223567,42078,19,1
223567,39275,20,1
223567,27966,21,1
224293,14788,1,1
224293,1485,2,0
224293,23102,3,1
224293,3061,4,1
224293,49235,5,0
224293,43772,6,1
224293,6576,7,1
224293,41680,8,1
224293,7644,9,1
224293,39947,10,1
224293,43483,11,1
224293,18175,12,1
224293,17872,13,1
224293,37728,14,1
224293,24719,15,1
224293,36085,16,1
224293,5451,17,1
224293,25152,18,1
224293,35310,19,1
224293,19604,20,0
225482,12384,1,1
225482,9038,2,1
225482,30949,3,1
225482,28465,4,0
225482,8309,5,0
225482,18465,6,1
225482,21137,7,1
225482,38777,8,1
225482,19057,9,0
225482,25588,10,0
225482,20608,11,0
225482,2676,12,0
226282,4759,1,0
226282,49441,2,0
226282,47865,3,0
226282,45664,4,0
226282,37033,5,0
226282,14633,6,0
226533,19660,1,1
226533,14477,2,1
227753,5550,1,0
227753,16786,2,0
227753,45810,3,0
227753,33314,4,0
227753,21137,5,0
228930,48523,1,1
228930,31371,2,1
228930,24799,3,1
228930,432,4,1
228930,43352,5,1
228930,14650,6,1
228930,27705,7,0
228930,9036,8,0
228930,15399,9,0
228930,40706,10,0
228930,25931,11,0
228930,39877,12,0
228930,820,13,0
228930,44830,14,0
228930,43713,15,1
228930,36476,16,0
228930,14870,17,0
230194,16174,1,0
230194,18689,2,1
230194,4350,3,1
230194,7515,4,1
230194,42479,5,1
230194,23375,6,1
230194,25533,7,1
230314,33754,1,1
230314,38689,2,1
230314,13176,3,1
230314,10831,4,1
230314,24184,5,0
230314,43662,6,1
231659,22275,1,1
231756,13984,1,0
231756,36695,2,0
231756,28985,3,1
231756,21295,4,1
231756,48679,5,1
231756,18465,6,1
231756,18531,7,0
231756,31391,8,0
231756,25659,9,1
231756,17795,10,1
231756,35163,11,0
231756,41220,12,1
231756,22935,13,1
231756,21903,14,1
231756,43772,15,1
231756,47209,16,1
231756,35951,17,0
231756,651,18,1
231756,43101,19,0
231756,27966,20,0
231756,21137,21,1
231756,45578,22,0
231756,13675,23,0
231756,2309,24,0
238827,33754,1,1
238827,33787,2,1
238827,35921,3,1
238827,17316,4,1
238827,5077,5,1
238827,3231,6,0
238827,45066,7,1
238827,4920,8,1
238827,28931,9,0
239974,43662,1,1
239974,8518,2,1
239974,33731,3,1
239974,40571,4,1
239974,42342,5,1
239974,20114,6,1
239974,18465,7,1
239974,5479,8,1
239974,46906,9,1
239974,13198,10,1
239974,22035,11,1
239974,5449,12,1
239974,13629,13,1
239974,34034,14,1
239974,49236,15,1
239974,42265,16,1
239974,4957,17,1
239974,26209,18,1
239974,30489,19,1
239974,45007,20,1
239974,8193,21,1
239974,32029,22,1
239974,5818,23,1
239974,38890,24,1
239974,23801,25,1
239974,14386,26,1
239974,45582,27,0
239974,46047,28,1
239974,1516,29,1
239974,42244,30,1
239974,42701,31,1
239974,28553,32,0
239974,47766,33,1
239974,10017,34,1
239974,31717,35,1
239974,35951,36,1
241432,32331,1,1
241432,48907,2,1
241432,459,3,1
241432,13164,4,1
241432,29424,5,1
241432,12919,6,0
241432,27423,7,0
241432,13287,8,0
241432,37658,9,0
242370,19125,1,1
242370,27344,2,1
242370,27086,3,1
242370,31343,4,1
242370,8174,5,1
242370,8025,6,0
242370,26497,7,0
242370,24830,8,0
242370,33768,9,0
243192,33754,1,1
243192,40571,2,1
243192,33787,3,1
243192,4957,4,1
243192,22367,5,1
243192,13176,6,1
243192,47087,7,1
243192,31893,8,1
243192,2596,9,1
243192,11494,10,1
243192,36029,11,1
243192,9339,12,1
243192,15576,13,0
243192,3855,14,0
243192,38159,15,0
243192,17758,16,0
243192,45681,17,0
243192,46204,18,0
243192,31404,19,0
243192,32730,20,0
243192,41117,21,0
243192,22238,22,0
243192,22828,23,1
243192,45368,24,0
243192,33482,25,0
243192,3204,26,0
243192,25672,27,0
243192,44450,28,0
243192,19768,29,0
243192,44389,30,0
246868,9321,1,0
246868,5620,2,0
246934,31717,1,1
246934,26209,2,1
246934,40706,3,1
246934,16185,4,1
246934,11440,5,1
246934,27156,6,1
246934,38273,7,1
246934,39921,8,1
246934,10603,9,1
246934,4493,10,1
246934,5479,11,1
246934,43789,12,1
246934,12872,13,1
246934,5450,14,1
246934,7079,15,1
246934,17461,16,1
246934,2450,17,1
246934,2272,18,1
246934,29603,19,1
246934,8012,20,1
246934,46692,21,1
246934,10163,22,1
246934,40716,23,1
246934,24120,24,1
246934,23836,25,1
246934,13733,26,1
247166,37193,1,1
247166,25513,2,0
247166,2148,3,1
247166,15847,4,1
247166,23343,5,1
247166,12145,6,1
247166,35946,7,1
247166,39276,8,1
247166,20738,9,1
247501,17313,1,1
247501,8571,2,1
247501,13176,3,1
247501,32478,4,1
247501,10326,5,1
247501,4149,6,1
248350,19496,1,1
248350,12916,2,1
248350,33454,3,1
248350,32645,4,1
248350,37320,5,1
248350,35430,6,1
248350,4565,7,1
248350,28427,8,1
248350,1405,9,1
248350,27471,10,1
248350,37229,11,1
248350,22053,12,1
248350,43409,13,1
248350,36278,14,1
248350,11427,15,1
249067,18027,1,1
249067,32655,2,1
249067,4605,3,1
249067,19816,4,0
249067,28476,5,0
249067,23634,6,0
249067,35898,7,0
249067,26209,8,1
249067,38456,9,0
249067,1025,10,1
249067,46667,11,1
249067,47209,12,1
249067,2063,13,0
249067,13176,14,1
249067,33919,15,0
249067,12163,16,0
249067,4097,17,1
249067,16616,18,1
249067,43961,19,1
249067,21903,20,1
249067,44820,21,1
249067,29662,22,1
249067,32255,23,0
249067,47626,24,1
249067,34126,25,1
249067,24964,26,1
249067,38419,27,0
249067,17794,28,1
251964,13176,1,1
251964,23282,2,1
251964,21137,3,1
251964,8465,4,1
251964,21376,5,0
251964,30489,6,0
251964,21267,7,1
251964,24857,8,1
251964,21387,9,1
251964,29370,10,1
251964,45066,11,1
251964,5337,12,0
251964,4210,13,1
251964,31040,14,0
251964,44632,15,1
251964,22556,16,0
251964,12916,17,1
251964,26476,18,0
251964,41844,19,0
251964,32096,20,0
251964,9365,21,0
252676,13245,1,1
252676,21334,2,0
252676,8309,3,0
252676,35951,4,0
252676,2086,5,0
252676,21847,6,0
253246,7175,1,1
253246,47209,2,1
253246,44636,3,1
253246,34969,4,1
253246,24799,5,1
253246,8021,6,1
253246,29285,7,1
253246,38944,8,1
253246,14335,9,1
253246,8615,10,1
253246,47672,11,1
253246,22260,12,0
253246,43914,13,1
253246,16797,14,1
253246,8518,15,1
253246,24184,16,0
253246,30391,17,0
253246,10246,18,0
253246,48775,19,0
253246,17284,20,0
253246,12357,21,0
253246,24737,22,0
253246,39732,23,0
254156,18465,1,1
254156,13176,2,1
254156,17706,3,1
254156,8193,4,1
254156,25890,5,1
254156,16797,6,1
254156,47626,7,1
254156,42139,8,1
254156,46979,9,1
254156,43394,10,1
254156,24231,11,1
254156,33000,12,1
254156,28985,13,1
254156,8021,14,1
254156,38273,15,1
254156,30720,16,1
254156,18027,17,1
254156,19650,18,1
254156,21616,19,1
254156,46812,20,1
254156,12312,21,0
255037,4086,1,0
255037,30391,2,1
255037,29487,3,1
255037,20114,4,1
255037,22000,5,0
255037,34126,6,0
255037,25890,7,1
255037,22247,8,0
255037,22935,9,1
255775,24799,1,1
255775,28465,2,1
255775,13733,3,1
255775,24852,4,1
255775,9825,5,1
255775,6098,6,1
257175,37141,1,1
257175,17706,2,1
257175,49075,3,1
259589,9550,1,0
259589,6110,2,0
259589,44014,3,1
259589,34092,4,0
259589,16430,5,0
259589,7948,6,1
259589,45946,7,1
259589,35050,8,1
259589,38558,9,1
259589,18891,10,0
259589,3896,11,1
259589,5363,12,1
259589,2314,13,1
259589,27881,14,1
259589,3738,15,1
259589,18918,16,1
259589,6050,17,0
259589,6638,18,0
259589,17604,19,0
259589,31342,20,1
259589,17794,21,1
259589,13176,22,1
259589,26209,23,1
259589,39928,24,1
259589,43122,25,1
259589,8174,26,1
259589,47209,27,1
259589,27521,28,1
259589,22935,29,1
259589,36695,30,1
259589,1025,31,1
259589,39984,32,1
259589,31717,33,1
259589,7746,34,1
259589,5484,35,0
260160,32757,1,0
260160,27864,2,0
260160,29734,3,0
260160,32740,4,0
260160,17638,5,0
260160,27086,6,1
260160,5212,7,0
260704,46129,1,1
260704,19087,2,1
260704,29418,3,1
260704,5047,4,0
260704,33493,5,0
260704,39108,6,1
260704,43556,7,1
260704,22359,8,0
260704,9327,9,1
260704,6121,10,1
261941,45066,1,1
261941,24390,2,0
261941,33787,3,1
261941,33754,4,0
261941,34551,5,0
261941,23537,6,0
261941,27663,7,1
261941,42736,8,1
261941,45541,9,0
261941,46175,10,0
261941,43957,11,0
261941,248,12,1
261941,14947,13,0
261941,44632,14,0
261941,6552,15,0
261941,17300,16,0
262161,28999,1,0
262161,12015,2,0
262161,28985,3,1
262541,24852,1,1
262541,44799,2,1
262541,12099,3,1
262541,38200,4,1
262541,260,5,1
262541,32156,6,1
262541,28710,7,1
262541,41290,8,1
262541,9076,9,1
262541,30696,10,1
262541,44566,11,1
262541,2745,12,1
262541,10613,13,1
262541,36860,14,1
262541,5067,15,1
262541,4956,16,0
262541,23360,17,1
262774,37067,1,1
262774,25949,2,1
262774,27845,3,1
262774,28199,4,1
262774,38689,5,1
262774,7014,6,1
262774,581,7,1
262774,47616,8,1
262774,27966,9,1
262774,26128,10,1
262774,26209,11,1
262774,17284,12,1
262774,14182,13,1
262774,27156,14,1
262774,22935,15,1
262774,9364,16,0
262774,13984,17,1
262774,8518,18,1
262774,47333,19,1
262774,21195,20,1
262774,21841,21,1
262774,24160,22,1
262774,5450,23,1
262774,45007,24,1
262774,21137,25,1
262774,34606,26,0
262774,19415,27,0
264970,196,1,1
264970,43154,2,1
264970,21137,3,1
265132,45200,1,1
265132,5134,2,0
265132,44359,3,1
265132,16759,4,1
265132,37687,5,0
265132,24204,6,0
265132,10978,7,0
265132,742,8,0
265132,34067,9,0
265132,45007,10,1
265132,31553,11,0
265132,18234,12,0
265132,34358,13,1
265132,4605,14,1
265132,8518,15,1
265132,5769,16,1
265132,8912,17,0
265132,21137,18,1
265132,47766,19,0
265132,35505,20,1
265132,18606,21,0
265132,44053,22,1
265132,40541,23,1
265132,37646,24,1
265132,27086,25,1
270095,37646,1,0
270095,39877,2,1
270095,48216,3,0
270095,8021,4,0
270095,2086,5,0
271949,21709,1,0
271949,44632,2,0
271949,35221,3,0
271949,39947,4,0
271949,43631,5,0
271949,47141,6,0
271949,26209,7,1
271949,47626,8,1
271949,33198,9,0
272821,14233,1,1
272821,11520,2,0
272821,13603,3,1
272821,34126,4,1
272821,34429,5,1
272821,2985,6,1
272821,13292,7,0
272821,43504,8,1
272821,12572,9,0
272821,20084,10,0
272821,44247,11,0
272821,7669,12,0
272821,21938,13,1
272821,47209,14,1
272821,25972,15,0
272821,8277,16,0
272821,3843,17,1
272821,18027,18,0
272821,1244,19,0
272821,43768,20,0
272821,41220,21,0
272821,3142,22,0
275333,2772,1,0
275333,16185,2,0
275333,12845,3,0
275333,34124,4,1
275333,36315,5,1
275333,22819,6,0
275333,9109,7,0
275333,22395,8,0
275333,32519,9,0
275333,46844,10,1
275333,18104,11,1
277075,28199,1,1
277075,49618,2,1
277075,20890,3,1
277075,26915,4,1
277075,12745,5,1
277075,10912,6,1
277075,39180,7,1
277075,12384,8,1
277075,5120,9,1
277230,5251,1,0
277230,4605,2,0
277230,12331,3,0
277230,29195,4,1
279968,28204,1,1
279968,40910,2,0
279968,31444,3,0
284667,5025,1,1
284667,18987,2,1
284667,46749,3,1
284667,8590,4,1
284667,14705,5,1
284667,6368,6,1
284667,14161,7,1
284667,26497,8,1
284667,31343,9,1
284667,130,10,1
284667,15424,11,1
284667,44799,12,1
284667,581,13,1
284667,32953,14,1
284774,9623,1,1
284774,16696,2,1
284774,10957,3,1
285230,27325,1,1
285230,23081,2,1
285230,47209,3,1
285230,45608,4,1
285594,41220,1,1
285594,29603,2,0
285594,9018,3,1
285594,16759,4,1
285594,18465,5,1
285594,27845,6,1
285594,33000,7,1
285594,35628,8,1
285594,39303,9,1
285594,46226,10,1
285594,24489,11,1
285594,43352,12,0
285594,28289,13,1
285594,23671,14,0
285594,43891,15,0
285594,20734,16,0
285594,43355,17,0
285594,45362,18,0
285594,3599,19,0
285594,19711,20,0
285594,49585,21,0
285594,49175,22,0
285594,47209,23,1
285594,6638,24,0
285594,38456,25,0
285594,21903,26,1
285594,9666,27,0
285594,42701,28,1
285594,23265,29,0
285594,35530,30,0
285594,43789,31,0
285594,2228,32,0
285594,46802,33,0
285594,44201,34,0
285594,24852,35,1
285594,34562,36,0
285594,42097,37,0
286546,21195,1,0
286546,32538,2,0
288544,33198,1,1
288544,19660,2,1
288544,160,3,1
288544,47209,4,1
288544,35470,5,1
288544,6182,6,1
288544,37067,7,1
289317,35269,1,0
289317,38883,2,0
290828,22935,1,1
290828,35547,2,1
290828,19057,3,1
290828,35887,4,0
290828,13431,5,0
290828,36735,6,1
290828,26949,7,0
290828,38073,8,1
290828,17725,9,1
290828,42768,10,1
290828,2855,11,1
290828,48679,12,1
290828,2720,13,1
290828,13176,14,1
290828,21903,15,1
290881,19173,1,1
290881,43967,2,0
290881,42472,3,0
290881,14220,4,0
290881,22620,5,1
291450,10017,1,1
291450,37011,2,1
291450,17794,3,1
291450,40706,4,1
291450,21137,5,1
291450,27104,6,1
291450,47626,7,1
291450,26209,8,1
291450,45007,9,0
291763,28450,1,0
291763,5025,2,1
291763,19953,3,1
291763,31808,4,0
291763,39921,5,0
291763,43967,6,0
291763,38200,7,0
291763,15937,8,0
291763,29487,9,1
291968,19488,1,1
292977,46979,1,1
292977,13176,2,1
292977,7781,3,0
292977,18721,4,1
292977,23199,5,1
292977,11777,6,1
292977,26604,7,0
292977,1700,8,1
292977,47015,9,1
292977,44801,10,1
292977,41771,11,1
292977,49141,12,1
292977,23233,13,0
292977,38739,14,0
292977,20512,15,0
292977,31553,16,1
292977,32312,17,1
292977,2726,18,0
292977,28904,19,0
294636,12935,1,0
294636,47209,2,1
294636,24964,3,1
294636,26209,4,1
294636,5876,5,0
294636,16759,6,0
294636,22260,7,0
297615,6757,1,0
297615,16696,2,0
297615,10957,3,0
297615,11571,4,0
297615,25146,5,0
297615,38200,6,0
297615,40310,7,1
297615,26040,8,0
297615,43183,9,0
297615,14063,10,1
297615,21793,11,1
297615,44980,12,0
297615,19468,13,0
297615,34092,14,0
297615,47479,15,0
297615,7751,16,0
297615,24852,17,1
297615,4920,18,1
297615,11777,19,1
297615,21137,20,0
297615,27020,21,0
297615,33065,22,0
297615,2120,23,1
299168,32082,1,0
299168,33443,2,0
299168,39928,3,0
299168,41793,4,0
306147,9934,1,1
306147,27086,2,0
306147,5746,3,0
306147,6649,4,0
306147,32578,5,0
306147,46720,6,0
306147,18880,7,0
306147,32347,8,0
306147,28204,9,0
306147,39928,10,0
306147,28199,11,0
306147,37766,12,0
306147,21137,13,1
306147,22825,14,0
306147,5450,15,0
308603,43122,1,1
308603,37646,2,0
308603,39180,3,1
308603,38277,4,0
308603,24852,5,0
308603,33754,6,1
308603,4920,7,1
308603,47626,8,0
308603,27086,9,0
308603,33787,10,1
309152,7631,1,1
309152,38797,2,1
309152,49279,3,1
309152,3967,4,0
309152,25509,5,0
309152,27196,6,0
309152,43483,7,0
309152,27104,8,0
309152,34640,9,1
309152,21570,10,0
309152,40974,11,0
309152,1538,12,0
311734,5011,1,0
311734,47345,2,0
311734,17872,3,0
311734,30949,4,1
311734,6532,5,1
311734,11009,6,1
311734,41385,7,0
311734,6777,8,0
311734,33502,9,0
311734,21919,10,0
311734,17341,11,0
311734,7274,12,1
311734,24852,13,1
311734,19348,14,1
311734,25146,15,1
311734,15780,16,1
311734,14705,17,0
311734,44492,18,0
311734,33298,19,0
311734,48705,20,0
311734,22952,21,0
311734,30057,22,0
311734,30918,23,1
311734,19068,24,0
311734,5744,25,0
311734,2202,26,0
311734,8424,27,1
311734,27196,28,1
313756,13176,1,1
313756,21903,2,1
313756,47766,3,1
313756,27521,4,1
313756,10621,5,1
313756,34243,6,1
313756,8518,7,1
313756,15613,8,1
313756,31915,9,1
313756,28566,10,1
313756,39190,11,0
313756,41544,12,1
313756,24964,13,1
314589,27757,1,1
314589,9175,2,1
314589,13237,3,1
314589,5727,4,1
314589,31499,5,1
314589,2601,6,1
314589,21325,7,1
314589,21333,8,1
314589,24587,9,1
314589,9465,10,1
314589,46476,11,1
314589,44234,12,0
315472,24535,1,0
315472,35440,2,1
315472,10248,3,0
315472,19495,4,0
315472,2390,5,0
315472,33129,6,0
315472,12144,7,0
315472,46522,8,0
315472,39190,9,0
315472,40745,10,0
315472,2949,11,0
315472,26315,12,0
315472,26209,13,0
317333,16772,1,1
317333,43768,2,1
317333,48679,3,1
317333,19057,4,1
317333,8277,5,0
317333,37417,6,0
317333,28986,7,0
317333,40761,8,0
317333,27966,9,0
317333,45954,10,0
317333,19821,11,0
319689,15221,1,1
319689,41488,2,0
319689,27086,3,0
319689,9839,4,1
319689,21417,5,0
319689,10173,6,0
319689,38129,7,0
320585,14715,1,1
320585,49235,2,1
320585,13948,3,1
320585,37059,4,0
321320,42455,1,1
321320,26317,2,1
321320,39827,3,0
321320,30292,4,0
327782,6046,1,1
327782,4605,2,1
327782,8424,3,0
327782,44820,4,0
328316,2453,1,1
328316,34050,2,1
328316,48183,3,0
328316,36393,4,1
328316,27305,5,0
328316,21242,6,1
328316,8025,7,1
328316,26113,8,1
328316,45938,9,0
328316,28985,10,0
330727,44098,1,0
330727,24850,2,0
330727,334,3,0
330727,18364,4,0
330727,7450,5,0
330727,9967,6,0
330727,23909,7,1
330727,27730,8,1
330727,39247,9,1
330727,36383,10,1
330727,46275,11,1
330727,30975,12,0
330727,1752,13,0
330727,45368,14,0
330727,1410,15,1
330727,27311,16,0
330727,9894,17,0
330727,15097,18,0
330727,40470,19,0
330727,20634,20,0
330727,39276,21,1
332877,16768,1,1
332877,49393,2,1
332877,21103,3,1
332877,35948,4,1
332877,36086,5,0
332877,13016,6,1
332877,8955,7,0
332877,8020,8,1
332877,6873,9,0
332877,4136,10,1
332877,45771,11,1
332877,35163,12,0
332877,21849,13,0
332877,32429,14,0
332877,46522,15,0
332877,12072,16,0
332877,30918,17,0
332877,2294,18,0
332877,24759,19,0
332877,3939,20,0
332877,14131,21,0
332877,24097,22,0
332877,28609,23,0
332877,31576,24,0
332877,34821,25,0
334703,34448,1,1
334703,14633,2,1
334703,14881,3,1
335285,32633,1,1
335285,45656,2,1
335285,13237,3,1
337549,1940,1,1
337549,21709,2,1
337549,20119,3,0
337549,26278,4,1
337549,24706,5,1
337549,9201,6,1
337549,38544,7,1
337549,20463,8,0
337549,40354,9,0
337549,38318,10,0
337549,41844,11,0
337549,27874,12,1
337549,26221,13,0
337549,19493,14,0
337652,45066,1,1
337652,311,2,1
337652,19208,3,1
337652,45007,4,1
337652,33352,5,1
337652,19966,6,1
337652,28993,7,1
337652,12341,8,1
337652,18309,9,0
337652,28553,10,0
337652,47144,11,0
337652,45646,12,1
337652,35140,13,0
337652,25299,14,0
338535,21137,1,1
338535,47912,2,1
338535,29616,3,1
338535,30492,4,1
338535,16303,5,1
338535,21376,6,0
338535,40501,7,0
338650,25936,1,1
338650,15399,2,1
338650,31663,3,1
338650,35989,4,1
338650,13702,5,1
338650,5876,6,1
338650,35951,7,1
338650,14766,8,1
338650,13176,9,1
338650,48988,10,1
338650,44632,11,1
338650,33198,12,1
338650,8277,13,1
338650,27966,14,1
338650,43122,15,1
338650,14011,16,1
338650,46676,17,1
338650,47209,18,1
338650,28745,19,1
338650,44910,20,1
338650,21137,21,1
338935,47766,1,1
338935,45594,2,1
338935,21903,3,1
338935,47626,4,1
338935,40531,5,0
338983,7412,1,1
338983,18441,2,1
338983,37687,3,1
338983,48287,4,1
338983,45123,5,1
338983,11494,6,1
338983,5732,7,1
338983,45957,8,1
340372,28342,1,1
340372,22556,2,1
340372,35221,3,1
340372,21709,4,1
340372,20119,5,1
340372,26620,6,1
340372,45747,7,1
340372,12576,8,1
340372,44632,9,1
340833,31683,1,1
340833,14996,2,0
340833,23909,3,1
340833,49235,4,0
340833,25138,5,0
340833,47388,6,0
340833,35851,7,1
340833,35050,8,0
340833,12440,9,0
340833,10753,10,0
340833,6400,11,0
340833,36639,12,0
340833,41319,13,0
340833,39550,14,0
340833,41844,15,0
340833,26629,16,0
340833,21914,17,0
340833,10551,18,0
340833,38452,19,1
340833,8518,20,0
340833,22935,21,0
340833,47766,22,0
340833,26209,23,0
340833,29941,24,0
340833,46206,25,0
340833,8277,26,0
340833,47626,27,1
340833,16797,28,0
340833,13984,29,0
340833,2078,30,0
340833,48171,31,0
340833,32950,32,0
340833,41941,33,0
340833,3269,34,0
340833,31377,35,0
340833,30290,36,0
340833,36994,37,0
341776,42265,1,1
341776,44632,2,1
341776,27966,3,1
341776,13176,4,1
341776,31915,5,1
341776,21903,6,1
341776,30391,7,1
341776,14947,8,1
341776,43122,9,1
341776,28199,10,1
341776,31477,11,0
341776,49235,12,0
341776,36406,13,0
341776,30718,14,1
341776,44278,15,1
341776,24549,16,0
341776,24363,17,0
341776,29270,18,0
341776,27729,19,0
341776,23737,20,0
341776,8968,21,0
341776,42706,22,0
341776,25640,23,1
341776,24041,24,0
343446,39485,1,0
343446,28985,2,0
343446,47626,3,1
343446,27521,4,0
343446,8518,5,0
343446,24964,6,0
343446,34126,7,0
343446,13525,8,0
343446,4799,9,1
343446,790,10,0
343446,24852,11,1
343446,5258,12,0
343446,28373,13,1
343446,20887,14,0
344462,24727,1,0
344462,34270,2,1
344462,7916,3,1
344462,27554,4,1
344462,20790,5,1
347492,22559,1,1
347492,31461,2,1
347492,9124,3,1
347492,9383,4,1
347492,19578,5,1
347492,42677,6,1
347492,12905,7,1
347492,37068,8,1
348346,47977,1,1
348346,10993,2,0
348346,48679,3,1
348346,23537,4,0
348346,35108,5,1
348346,7179,6,0
348346,27845,7,1
348346,1999,8,0
348346,22849,9,0
348346,7559,10,0
348346,1376,11,1
348346,22935,12,1
348346,40910,13,1
348346,12919,14,1
348346,34706,15,0
348346,30604,16,0
348346,44883,17,0
348346,25146,18,0
348346,49235,19,1
348346,41665,20,1
348346,36772,21,1
348346,34214,22,0
348346,1440,23,0
348346,16262,24,0
348346,35176,25,0
348346,44359,26,0
350856,33791,1,1
350856,42598,2,1
350856,23106,3,1
350856,23909,4,1
350856,17069,5,1
350856,32888,6,0
352947,9213,1,1
352947,38847,2,0
352947,39477,3,1
352947,13176,4,1
354833,23892,1,0
354833,42959,2,0
354833,45255,3,0
357648,13176,1,1
357648,8193,2,1
357648,47280,3,0
357648,46667,4,0
357648,35749,5,1
357648,17794,6,0
357648,16262,7,0
357868,43352,1,1
357868,32079,2,1
357868,12271,3,1
357868,23423,4,0
362112,23198,1,0
362112,18340,2,0
362112,3952,3,1
362112,11712,4,1
362112,27845,5,1
362112,24852,6,1
362112,14651,7,0
362112,24489,8,0
362112,9018,9,0
362112,11068,10,1
362112,48628,11,1
362112,3599,12,1
362112,9741,13,0
362112,31869,14,0
362112,30391,15,1
362112,26209,16,1
362112,35221,17,0
362112,8412,18,1
362112,44422,19,1
362112,31506,20,0
362112,22142,21,1
362112,30169,22,0
362112,8277,23,1
362112,4920,24,0
362112,42265,25,0
363795,9890,1,1
363795,35419,2,1
363795,937,3,1
363795,1958,4,0
363795,22931,5,0
363795,14800,6,0
363795,7353,7,1
363795,429,8,1
363795,23360,9,1
363795,12232,10,1
363795,9912,11,1
363795,4347,12,1
363795,5884,13,1
363795,9810,14,1
363795,6131,15,1
363795,22656,16,0
363795,9076,17,0
363795,46025,18,0
363795,44799,19,0
363795,2872,20,1
363795,16440,21,0
363795,15592,22,1
366421,49279,1,1
366421,9837,2,1
366421,28993,3,1
366421,3243,4,1
366421,43772,5,1
366421,1396,6,1
366421,45104,7,1
366421,34027,8,0
367075,28427,1,1
367075,22035,2,1
367075,2855,3,1
367075,6948,4,1
367075,47209,5,1
367823,27790,1,1
368388,27642,1,0
368388,1640,2,0
368388,41588,3,0
368388,5539,4,0
368388,35168,5,0
368388,27336,6,0
368388,34356,7,0
368388,42768,8,1
368388,18027,9,0
368388,15063,10,0
368388,47766,11,1
369060,30489,1,1
369060,13646,2,1
369480,24852,1,1
369480,46979,2,1
369480,47766,3,1
369480,23375,4,1
369480,36522,5,0
369480,4605,6,0
369480,33731,7,0
369480,45066,8,1
370970,24703,1,1
370970,41290,2,0
370970,29529,3,0
370970,43083,4,0
370970,31343,5,0
370970,1006,6,0
370970,14875,7,1
370970,4390,8,0
370970,28577,9,0
370970,27801,10,0
370970,29553,11,0
370970,23909,12,1
370970,27676,13,1
370970,16523,14,0
370970,40997,15,0
372123,26348,1,1
372123,11800,2,0
372123,37520,3,1
372123,44475,4,0
373900,19204,1,1
373900,859,2,1
373900,43513,3,1
373900,21405,4,1
373900,19003,5,1
373900,8253,6,1
373900,47391,7,1
373900,25546,8,0
373900,8195,9,1
373900,30496,10,1
373900,10749,11,1
373900,21019,12,0
373900,43768,13,1
373900,1244,14,0
373900,36011,15,0
373900,46799,16,0
373900,27471,17,0
374359,24852,1,1
374359,46047,2,0
374359,44359,3,1
374359,19449,4,1
374359,6218,5,0
374359,7559,6,0
374359,31338,7,0
374359,13870,8,0
374359,21137,9,0
374359,36149,10,0
374359,45084,11,0
374359,44354,12,0
374359,29987,13,0
374359,27344,14,0
376127,14335,1,0
376127,25146,2,1
376127,38772,3,1
376137,19057,1,1
376137,13517,2,1
376137,22950,3,1
376137,12312,4,1
376137,13838,5,1
376137,9741,6,0
376137,26914,7,0
376447,41165,1,1
376447,2651,2,1
376447,28553,3,1
376447,37250,4,1
376447,12204,5,1
376447,22035,6,1
376447,46802,7,1
376447,17600,8,1
376447,41593,9,1
376447,35108,10,1
376447,38890,11,1
376910,24024,1,1
376910,8087,2,1
376910,22255,3,1
376910,10129,4,1
376910,19019,5,1
376910,24852,6,1
376910,18502,7,0
376910,16456,8,1
376910,8670,9,1
376910,35992,10,1
376910,26322,11,1
376910,31927,12,0
376910,34648,13,0
376910,28199,14,0
376910,9076,15,1
376910,35199,16,0
376910,42606,17,0
376910,2604,18,0
376910,1752,19,0
376910,34427,20,1
377622,14947,1,1
377622,6141,2,0
377622,6225,3,0
377622,21288,4,1
377622,30406,5,0
377622,5782,6,1
377622,35752,7,1
377622,44568,8,1
377622,35163,9,1
377622,34930,10,0
377622,32163,11,0
377622,46692,12,0
377622,8555,13,0
377622,20114,14,1
377622,26209,15,1
377622,24524,16,0
377622,5025,17,1
377622,17617,18,1
378642,42221,1,1
378642,49235,2,1
378642,31915,3,1
378856,33198,1,1
378856,21903,2,1
378856,30391,3,1
378856,24852,4,1
378856,16185,5,1
378856,47229,6,0
381468,21137,1,1
381468,24852,2,1
381468,42495,3,1
381468,12099,4,1
381468,14190,5,0
381468,3710,6,0
381468,26628,7,1
381468,37766,8,0
381468,41950,9,0
381468,26040,10,0
381468,21410,11,0
381468,27237,12,1
381468,22242,13,1
381468,5385,14,1
381468,44116,15,1
381468,24850,16,1
381468,13194,17,1
381468,18878,18,1
381468,49281,19,0
381468,34033,20,0
381468,23341,21,1
381468,31981,22,1
381468,3999,23,0
381468,48634,24,0
381468,38113,25,0
381468,37011,26,0
381468,12690,27,0
381468,29746,28,0
382497,13822,1,0
382497,38346,2,1
382497,15290,3,1
382497,21938,4,0
382497,9387,5,0
382497,49341,6,0
382497,13391,7,0
382497,47185,8,1
383580,31562,1,1
383580,364,2,1
383580,5259,3,0
383580,47919,4,1
383580,20955,5,0
383580,49326,6,1
383580,35430,7,1
383580,47345,8,1
383580,29714,9,1
383580,30039,10,0
383692,40706,1,1
383692,15290,2,1
383692,16349,3,1
383692,18465,4,1
383692,31268,5,1
383692,47977,6,0
383692,2966,7,0
383692,26604,8,1
384850,37067,1,0
384850,34969,2,0
384850,47766,3,1
384850,28204,4,1
384850,30233,5,1
384850,43122,6,1
384850,5785,7,1
384850,43713,8,0
384850,2855,9,1
384850,16262,10,0
384850,43295,11,1
384850,32781,12,0
384850,20345,13,0
384850,19019,14,0
384850,13512,15,0
384850,21903,16,1
384850,21137,17,1
384850,8518,18,0
384850,40604,19,1
384850,21709,20,1
386440,8414,1,1
386440,22827,2,1
386440,5450,3,1
386440,42265,4,1
386440,18434,5,1
386440,26165,6,1
386440,768,7,1
386440,41716,8,1
386440,39534,9,1
386440,1576,10,1
386440,10132,11,1
386440,4792,12,1
386440,30967,13,1
386440,40310,14,1
386440,13176,15,1
386440,15793,16,1
386440,31506,17,1
386440,15411,18,1
386440,3840,19,0
386440,29898,20,1
386440,24507,21,0
386440,28769,22,0
386440,48409,23,0
386440,22935,24,1
386440,24964,25,0
386440,30391,26,1
386440,260,27,0
386440,9106,28,0
386440,23233,29,1
386440,14976,30,0
386440,6287,31,1
386440,42828,32,1
386440,31404,33,0
386440,22151,34,0
386440,40706,35,1
386440,43086,36,0
386440,27664,37,0
388560,39408,1,0
388560,28985,2,1
388560,33198,3,1
388560,36425,4,1
388560,33129,5,1
388560,49488,6,1
388910,24852,1,1
388910,1744,2,1
388910,27845,3,1
388910,24838,4,1
388910,5876,5,1
388910,45,6,1
388910,39275,7,1
388910,22950,8,0
388910,43192,9,1
388910,2825,10,1
389167,1273,1,1
389167,2846,2,1
389167,16351,3,1
389167,48123,4,0
391622,47209,1,1
391622,3254,2,1
391622,17615,3,1
391622,27744,4,0
391890,17847,1,0
391890,43182,2,1
391890,38480,3,0
393041,30391,1,1
393041,47209,2,1
393041,46979,3,0
393041,34358,4,1
393041,14992,5,0
393041,37687,6,0
393041,44795,7,0
393041,41541,8,0
393041,29397,9,0
393041,13870,10,0
393041,20247,11,0
393041,28985,12,1
393041,24107,13,0
393041,5578,14,1
393041,33746,15,1
393041,25005,16,1
393041,4461,17,1
393041,27509,18,0
393041,27104,19,0
393835,17825,1,0
393835,1940,2,0
393835,27966,3,1
393835,46676,4,1
393835,24852,5,0
393835,17872,6,1
393835,7349,7,0
393835,43961,8,0
394230,44042,1,1
394230,27246,2,1
394230,43565,3,1
394230,21351,4,1
394230,43638,5,1
394230,27242,6,1
394230,44867,7,1
394230,5770,8,1
394230,17522,9,1
394230,48435,10,1
394230,13955,11,1
394230,47681,12,1
394230,43631,13,1
394230,29502,14,1
394230,36378,15,1
394230,40746,16,1
394230,10073,17,1
394230,3110,18,1
394230,32478,19,1
394230,36058,20,1
394230,15880,21,1
394230,41385,22,1
394230,17044,23,0
394230,25686,24,1
394230,47199,25,1
394230,8707,26,1
394230,25408,27,1
394230,14687,28,1
394230,40453,29,1
394230,38154,30,0
394230,40167,31,1
394230,6422,32,0
394230,47357,33,0
394230,33623,34,0
394230,23431,35,0
394230,17663,36,0
394230,47877,37,1
394230,13210,38,0
394230,26992,39,0
394230,38905,40,0
394230,6201,41,0
394230,15275,42,0
394230,7736,43,0
394230,12481,44,0
394230,30910,45,0
395208,18352,1,1
395208,11980,2,1
395208,8309,3,1
395208,11448,4,1
395208,8053,5,0
396452,3631,1,1
396452,40604,2,0
396452,22359,3,0
396452,7631,4,1
396452,46522,5,0
396452,41238,6,0
397910,19678,1,0
397910,25005,2,0
397910,46720,3,0
397910,123,4,0
397910,21174,5,0
397910,34126,6,0
397910,31506,7,1
397910,2535,8,0
401808,32566,1,1
401808,11422,2,0
401808,30718,3,0
401808,12919,4,1
401808,24269,5,1
401808,26604,6,1
401808,13176,7,0
401808,39877,8,1
404436,432,1,1
404436,47766,2,1
404436,42356,3,0
404436,37646,4,1
404436,4137,5,0
404436,27966,6,1
404436,10749,7,0
404436,24852,8,1
404436,21781,9,1
404436,47672,10,1
404436,29921,11,0
404436,5025,12,1
404436,7628,13,0
404436,45371,14,0
404436,3469,15,0
404436,25931,16,0
404436,1463,17,0
404436,5744,18,0
404518,17352,1,1
404518,12099,2,1
404518,5646,3,0
404518,26604,4,0
404518,16797,5,0
404518,22312,6,0
404518,27086,7,0
404518,47766,8,1
406624,19173,1,0
406624,6647,2,1
406624,44799,3,1
406624,40969,4,0
406624,43352,5,1
406624,48527,6,1
406624,31717,7,1
406624,33198,8,1
406624,48825,9,0
406624,29487,10,1
406624,40310,11,0
406624,260,12,1
406624,24184,13,0
407613,9076,1,1
407613,13237,2,1
407759,35213,1,1
407759,22805,2,1
407759,43394,3,1
407759,44275,4,1
407759,1896,5,1
407759,13870,6,1
407759,5194,7,1
407759,47626,8,1
407759,22504,9,0
407759,29660,10,0
407759,9825,11,0
407759,8277,12,1
407759,43961,13,0
407759,17027,14,0
409253,5640,1,1
409253,11447,2,1
409253,28985,3,1
409253,28849,4,1
409846,30736,1,0
410934,44632,1,1
410934,13166,2,0
410934,14084,3,0
410934,37067,4,0
410934,35562,5,0
410934,38180,6,0
410934,38613,7,0
410934,22935,8,1
410934,23165,9,0
410934,24964,10,1
410934,43789,11,0
410934,41950,12,1
410934,27156,13,0
410934,46720,14,0
410934,31717,15,0
410934,26209,16,0
410934,31242,17,0
410934,27521,18,0
410934,47912,19,0
410934,21137,20,1
410934,28204,21,0
410934,29926,22,0
410934,27104,23,1
410934,10385,24,1
410934,48679,25,0
410934,43504,26,0
410934,30016,27,0
410934,47209,28,1
410934,48628,29,1
413694,43295,1,1
413694,46916,2,1
413694,16797,3,1
413694,42265,4,1
413694,39275,5,1
413694,16525,6,1
413694,35045,7,0
413694,11006,8,1
413694,40545,9,1
413694,9390,10,0
413694,39928,11,0
413694,39561,12,1
413694,32402,13,0
413694,22141,14,0
413694,9839,15,1
413694,41588,16,0
413694,46692,17,1
413694,14553,18,0
413694,7911,19,0
413694,29987,20,1
413694,21783,21,1
414191,38689,1,1
414191,35383,2,1
414191,13176,3,1
414191,5450,4,1
414191,38772,5,1
414191,4920,6,1
414191,41950,7,1
414191,38383,8,1
414191,24830,9,1
414191,9598,10,1
414191,30489,11,1
414191,11712,12,1
414191,26283,13,1
414191,21137,14,1
414191,34574,15,1
414191,40878,16,1
414191,35108,17,1
414191,27104,18,1
414191,15872,19,1
414191,2450,20,1
414191,25890,21,1
414191,13198,22,1
414191,31927,23,1
414191,32734,24,1
414191,3339,25,1
414191,10998,26,0
414280,16281,1,0
418968,24852,1,1
418968,49235,2,1
418968,49273,3,1
418968,23430,4,1
418968,11945,5,1
418968,32843,6,1
418968,49416,7,1
418968,21137,8,1
418968,31915,9,1
418968,18656,10,0
418968,14129,11,1
418968,3849,12,1
418968,49111,13,1
418968,46616,14,1
418968,6598,15,0
419855,36316,1,1
419855,33716,2,1
419855,25447,3,1
419855,22275,4,1
419855,47966,5,0
419855,41714,6,1
419855,20720,7,1
419855,4210,8,0
419855,19305,9,0
421126,17630,1,1
421126,895,2,1
421126,1511,3,1
421126,13176,4,1
421126,26790,5,1
421126,5450,6,0
421126,34448,7,0
421126,14633,8,0
421126,45066,9,0
421126,47626,10,0
421126,47759,11,0
421868,24852,1,0
421868,5818,2,1
421868,26209,3,1
421868,5322,4,0
421868,17794,5,0
421868,36127,6,0
423927,10749,1,1
423927,4562,2,1
423927,40706,3,1
423927,41950,4,0
423927,21137,5,0
423927,34243,6,0
423927,17461,7,1
425064,13176,1,1
425064,13249,2,1
425064,22149,3,1
425064,41950,4,1
425064,43662,5,1
425064,13263,6,1
425064,38777,7,1
425064,8518,8,0
425064,28769,9,0
425064,19478,10,0
425064,21616,11,0
425064,47626,12,1
425064,37524,13,0
425064,32578,14,1
425644,42392,1,1
425644,21195,2,1
425644,28918,3,1
425691,24964,1,1
425691,34126,2,1
425691,48585,3,0
425691,11408,4,1
425691,22935,5,1
425691,14197,6,0
425691,22395,7,0
425691,260,8,1
425691,2314,9,0
425691,21137,10,1
425691,24720,11,0
425691,44359,12,1
425691,39812,13,1
425691,17794,14,1
425691,33884,15,1
425691,41950,16,1
429915,1398,1,1
429915,2846,2,1
429915,27370,3,1
429915,40332,4,1
429915,15599,5,1
429915,18234,6,1
430444,11520,1,1
430444,47209,2,1
430444,2078,3,1
433112,20015,1,1
433112,47042,2,1
433112,13877,3,1
433112,32935,4,1
433112,17017,5,1
433112,24205,6,1
433112,46064,7,1
433112,29370,8,1
433112,5918,9,1
433112,31215,10,0
433112,11068,11,0
433112,49235,12,0
433112,38277,13,0
433112,41999,14,1
433112,29115,15,0
438950,46755,1,0
438950,11116,2,0
438950,8667,3,0
438950,2480,4,0
438950,25559,5,0
438950,7325,6,0
438950,28277,7,0
439986,7952,1,1
439986,27966,2,1
439986,24852,3,1
439986,18362,4,1
439986,42445,5,1
439986,40632,6,1
439986,47209,7,1
439986,24799,8,1
439986,9339,9,1
439986,39699,10,1
439986,28204,11,1
439986,36011,12,1
439986,36865,13,1
439986,41621,14,1
439986,27845,15,1
439986,22825,16,1
439986,2452,17,1
439986,41198,18,1
439986,28301,19,1
439986,22474,20,0
439986,5194,21,0
439986,39561,22,0
439986,25072,23,0
439986,43087,24,0
440995,24852,1,1
440995,39180,2,1
440995,22959,3,1
441383,31553,1,0
441383,15290,2,0
441383,38400,3,1
441383,44234,4,1
441383,287,5,1
441383,24852,6,1
441383,6091,7,1
441383,48705,8,1
441383,44245,9,1
441383,14947,10,1
443798,32700,1,0
443798,15929,2,1
443798,2469,3,1
443798,13083,4,0
443798,32020,5,0
443798,13643,6,1
443798,1534,7,1
443798,8260,8,0
443798,26002,9,0
443798,33351,10,0
443798,45064,11,0
443798,11869,12,0
443798,22890,13,0
443798,41351,14,0
443798,18019,15,0
443798,40770,16,0
443798,38456,17,0
443798,15412,18,0
443798,37966,19,0
443798,43867,20,0
443798,25861,21,0
443798,14612,22,0
443798,36664,23,0
443798,42580,24,0
443798,46479,25,0
443798,8920,26,0
443798,44949,27,0
443798,34862,28,0
443798,46193,29,0
443798,31506,30,0
443798,27696,31,0
443897,13176,1,1
443897,22187,2,0
443897,12363,3,0
443897,8174,4,1
443897,1694,5,1
443897,1408,6,0
443897,47209,7,1
443897,20041,8,0
443897,39485,9,0
443897,43735,10,0
443897,33768,11,0
443897,12614,12,0
443897,22308,13,1
443897,10826,14,0
443897,46087,15,1
443897,18072,16,1
443897,12872,17,1
443897,24830,18,1
444563,13176,1,1
444563,47209,2,1
444563,27012,3,1
444563,34668,4,1
444563,5785,5,1
444563,14531,6,1
444563,3952,7,1
444563,5876,8,1
444563,3469,9,0
444563,3376,10,0
444563,6873,11,1
444563,45842,12,1
444563,19816,13,1
444563,39055,14,1
444563,41844,15,1
444563,11182,16,1
444563,16254,17,1
444563,19677,18,1
444563,29311,19,0
444563,44103,20,1
444563,3896,21,1
444563,43961,22,1
444563,32864,23,1
444563,10798,24,1
444563,22328,25,1
444563,35855,26,1
444563,28278,27,1
444563,14477,28,1
444563,31471,29,1
444563,27325,30,0
444563,20996,31,0
444563,16281,32,0
444563,19057,33,1
444758,46041,1,1
444758,8803,2,1
447070,24799,1,1
447070,39275,2,1
447070,21616,3,1
447070,22474,4,1
447070,14870,5,1
447070,28289,6,1
447070,11555,7,1
447070,23192,8,1
447070,45007,9,1
447070,44053,10,0
447130,26914,1,1
447130,9741,2,1
447130,28431,3,1
447130,25931,4,1
447130,35951,5,1
447130,43768,6,1
447130,18993,7,1
447443,28983,1,1
447443,5449,2,1
447443,2078,3,1
447443,40251,4,1
447443,27966,5,0
447443,4452,6,0
447443,35476,7,0
447443,20459,8,0
447443,972,9,0
448214,44426,1,0
448214,4855,2,1
448214,25653,3,0
448214,31623,4,0
448214,2726,5,1
448214,25331,6,1
448214,35161,7,1
448214,23371,8,1
448214,38003,9,0
448214,39251,10,0
448214,35914,11,1
448214,8774,12,1
448214,49075,13,1
448214,45200,14,0
448214,34243,15,0
448214,24852,16,0
448214,45066,17,0
448214,9808,18,1
448214,40825,19,0
448214,22963,20,1
448214,13252,21,1
448214,27939,22,1
448214,10358,23,0
448214,7628,24,1
448214,24964,25,1
448214,16759,26,1
448214,29045,27,1
448214,25472,28,0
448214,33463,29,1
448214,20900,30,0
448214,43789,31,0
448214,2431,32,0
448214,20542,33,0
448214,1991,34,0
448801,20767,1,0
448801,27243,2,1
448801,14992,3,0
448801,26882,4,1
448801,9210,5,0
448801,23339,6,1
449402,14141,1,0
449402,33089,2,0
449402,21777,3,1
449402,27845,4,1
450210,36005,1,1
450210,14197,2,0
450210,8670,3,0
450210,44368,4,0
450210,10761,5,0
450210,33791,6,0
450210,33548,7,0
450210,23296,8,0
450210,16953,9,0
450210,29387,10,0
451209,39203,1,0
451209,11712,2,1
451209,31717,3,1
451209,4855,4,1
451209,5450,5,1
451209,44414,6,1
451429,39087,1,0
451429,11434,2,0
451429,24852,3,1
451429,6478,4,0
454007,7010,1,0
454007,38650,2,0
454007,36929,3,1
454007,165,4,0
454007,34034,5,0
454007,25659,6,0
454007,13733,7,0
454007,3952,8,0
454007,45123,9,1
454007,7308,10,0
454907,10339,1,1
454907,17530,2,1
454907,45223,3,1
454907,37188,4,1
454907,18606,5,1
456394,13176,1,1
456394,8424,2,0
456394,32177,3,0
456394,810,4,1
456394,47740,5,0
456394,15399,6,1
456394,40146,7,1
456394,20734,8,0
456394,32665,9,0
456394,38548,10,0
456394,34126,11,0
456394,5450,12,0
456394,27683,13,1
456394,10246,14,0
456394,30412,15,0
456394,12165,16,0
456934,13176,1,1
456934,34358,2,1
456934,31717,3,1
456934,24184,4,1
456934,19678,5,1
456934,47788,6,1
456934,30305,7,1
456934,15649,8,1
456934,45066,9,1
456934,15011,10,1
456934,16987,11,1
456934,21938,12,1
456934,14057,13,1
456934,30967,14,1
456934,46064,15,1
456934,48423,16,0
457786,8559,1,1
457786,42224,2,0
457786,49397,3,0
457786,47501,4,0
457786,16262,5,1
457786,11182,6,1
457786,24852,7,1
457786,13974,8,0
457786,40261,9,0
457786,47990,10,0
458161,18135,1,0
458161,46222,2,0
458161,15937,3,0
458161,34358,4,0
458161,9076,5,0
458161,3389,6,0
458161,24286,7,0
458161,11012,8,0
458161,8277,9,0
458161,46207,10,0
458161,26209,11,0
458214,35038,1,0
458214,34731,2,0
458214,9327,3,0
458214,7978,4,0
458214,33000,5,1
458214,10106,6,1
458214,24852,7,1
458214,5086,8,1
458214,9038,9,1
458214,12240,10,1
458214,4605,11,1
458214,20186,12,1
458214,27829,13,1
458214,13733,14,1
458214,8021,15,1
458214,18232,16,0
458214,45007,17,0
458214,18200,18,0
458214,40063,19,0
458214,17550,20,1
458214,48186,21,0
458214,18308,22,0
458933,21386,1,1
458933,43352,2,1
458933,16797,3,1
458933,16283,4,1
459196,27104,1,1
459196,5438,2,0
459196,23375,3,0
459196,5240,4,0
459196,4799,5,1
459196,47061,6,0
459196,21403,7,0
459196,44014,8,0
459196,17619,9,0
459196,26313,10,0
459196,35217,11,0
459196,5769,12,1
459196,46667,13,0
459196,24099,14,0
459196,46204,15,0
460216,21903,1,1
460216,17207,2,1
460216,9067,3,1
460216,13535,4,1
460216,15200,5,0
462379,5438,1,0
462379,38400,2,0
462379,12508,3,0
462379,15290,4,0
462379,12679,5,0
462379,36012,6,0
462528,1158,1,1
462528,17900,2,0
462528,19677,3,1
462528,9913,4,1
463714,21292,1,1
463714,42265,2,1
466477,10814,1,0
466477,16456,2,0
466477,19886,3,0
466477,44283,4,0
466477,7021,5,0
466477,22935,6,0
466477,5825,7,1
466477,37065,8,0
466477,20114,9,1
466477,20868,10,1
466477,11755,11,0
467056,48339,1,0
467056,23339,2,0
467056,12638,3,0
467056,48775,4,0
467056,41220,5,0
467056,42342,6,0
467056,37067,7,0
467056,47626,8,0
467056,7185,9,0
467056,33642,10,0
468885,38383,1,0
468885,33731,2,1
468885,21390,3,0
470580,21137,1,0
470580,36920,2,1
470580,5785,3,1
470580,10798,4,0
470580,30233,5,1
470580,18362,6,1
470821,17795,1,0
470821,19282,2,0
470821,7419,3,1
470821,20114,4,1
470821,42625,5,0
470821,46979,6,0
470821,19667,7,0
470821,44987,8,0
470821,327,9,0
470821,8173,10,0
470821,29818,11,0
470821,7345,12,0
470821,35221,13,0
470821,44292,14,1
470821,9018,15,1
470821,31506,16,0
470821,11278,17,0
471930,4086,1,1
471930,30391,2,1
471930,31553,3,1
471930,8955,4,1
473437,33572,1,1
473437,8424,2,1
473437,17794,3,1
473437,651,4,1
473437,6182,5,1
473437,26604,6,1
473437,12638,7,1
473437,13223,8,1
473437,2763,9,1
473437,24390,10,1
473437,39275,11,1
473437,21137,12,1
473437,26429,13,1
473437,32320,14,1
473437,44882,15,0
473437,44795,16,1
474576,22610,1,1
474576,45064,2,1
474576,8800,3,1
474576,29309,4,1
474576,34222,5,1
474576,8536,6,1
474576,31106,7,0
474576,36185,8,1
474576,49683,9,0
474576,287,10,1
474576,33237,11,1
474576,14897,12,0
474576,46041,13,0
474576,4700,14,0
474576,36431,15,0
474576,15860,16,0
474576,26312,17,0
474576,7969,18,0
474576,49610,19,0
474576,43409,20,0
474576,5025,21,0
474576,47209,22,0
474576,37131,23,0
474743,33929,1,0
474743,35633,2,0
474743,15424,3,0
474743,37774,4,0
474743,6568,5,0
474743,24209,6,0
480627,41588,1,1
480627,14947,2,1
480627,19019,3,1
481137,49235,1,1
481137,46522,2,1
481137,21955,3,1
481137,40268,4,1
481137,4367,5,1
481137,12462,6,1
481137,10246,7,1
481137,27360,8,1
481137,20378,9,1
481137,45349,10,1
481137,1631,11,0
481137,13176,12,1
481137,24625,13,0
481137,3631,14,0
481137,2113,15,0
483818,20392,1,1
483818,46820,2,1
483818,44359,3,1
483818,22935,4,1
483818,20906,5,1
483818,38533,6,1
483818,24964,7,1
483818,13249,8,1
483818,44622,9,1
483818,39430,10,1
483818,29987,11,1
483818,30489,12,1
483818,23765,13,1
483818,30391,14,1
483818,30063,15,1
483818,46667,16,1
483818,46627,17,1
483818,11286,18,0
483818,26209,19,1
483818,47626,20,1
484068,13176,1,1
484068,37119,2,1
484068,37646,3,1
484068,45599,4,0
484068,11143,5,0
484068,30442,6,1
484068,9839,7,1
484068,10369,8,1
484068,21137,9,1
484068,35227,10,1
484068,42110,11,1
484068,4920,12,0
484068,47610,13,1
484068,37055,14,1
484068,26620,15,1
484068,22963,16,1
484068,22908,17,0
484068,48239,18,0
484068,5876,19,0
484068,42701,20,0
484068,30492,21,0
484068,46260,22,1
484068,32290,23,0
484068,9703,24,0
484068,20309,25,0
484068,5212,26,0
484125,6142,1,0
484125,41588,2,0
484125,33438,3,0
484125,8204,4,1
484125,19904,5,0
484125,27730,6,1
484125,15150,7,0
484125,10960,8,0
484125,44142,9,0
484125,12127,10,0
484125,24852,11,0
485302,28204,1,1
485302,47626,2,0
485302,16185,3,0
485302,21137,4,1
485302,21641,5,1
485302,44375,6,1
485302,43496,7,0
485302,15664,8,0
485302,47953,9,0
485302,12087,10,0
487350,24852,1,1
487350,32655,2,1
487350,22935,3,1
487350,47766,4,1
487350,11937,5,1
487350,13548,6,0
487350,45200,7,0
487350,12871,8,0
488524,13176,1,1
488524,13292,2,1
488524,10753,3,1
488524,6760,4,1
488524,23334,5,1
488524,48246,6,1
488524,43182,7,1
488524,29926,8,1
488524,17224,9,1
488524,28204,10,1
488524,8638,11,1
488524,45223,12,0
488524,19182,13,1
488524,21137,14,0
488860,24852,1,1
488860,41383,2,1
488860,4297,3,1
488860,17264,4,1
488860,39134,5,1
488860,41779,6,0
488860,23204,7,0
488860,46203,8,1
489007,38750,1,1
489007,4357,2,1
489007,9138,3,1
489007,24838,4,0
489007,33731,5,1
489007,26751,6,0
489007,29582,7,0
489007,25016,8,0
489007,29987,9,0
489757,23785,1,1
489757,31683,2,0
489757,14218,3,1
489757,13536,4,0
489757,44843,5,0
489757,23723,6,0
489757,1463,7,0
489757,8424,8,0
489757,18523,9,0
489757,44156,10,1
489757,33787,11,0
489757,33754,12,0
489757,40571,13,0
489757,4605,14,0
490324,10998,1,1
490324,4455,2,1
490324,13702,3,1
490324,43713,4,1
490324,37220,5,1
490324,34448,6,1
493628,38454,1,0
493628,24344,2,0
493628,33671,3,0
493628,7969,4,1
493628,12569,5,0
493628,18339,6,0
493628,47626,7,0
493628,27418,8,0
493628,38730,9,0
493909,5514,1,1
493909,38650,2,1
494887,14650,1,1
494891,45007,1,1
494891,13984,2,1
494891,34126,3,0
494891,7676,4,1
494891,34469,5,0
494891,28601,6,1
494891,24830,7,0
494891,49683,8,1
494891,47626,9,0
494891,39475,10,0
494891,36735,11,0
494891,6141,12,0
500131,5514,1,1
500131,13176,2,1
500131,1463,3,1
500131,24320,4,1
500131,29363,5,1
500131,11087,6,0
500131,42903,7,1
500131,45840,8,0
500131,8092,9,0
500131,2615,10,0
500131,39378,11,0
500150,37067,1,0
500150,4799,2,0
500150,25890,3,1
500150,34243,4,0
500150,343,5,0
500150,33195,6,0
500150,44683,7,0
500150,12779,8,0
500150,44580,9,0
500150,7704,10,0
500150,13351,11,1
501818,22035,1,0
501818,17131,2,1
501818,23288,3,1
501818,30630,4,1
501818,31678,5,1
501818,47209,6,1
501818,30233,7,0
501818,42837,8,1
502215,23543,1,1
502215,13176,2,0
502215,21903,3,1
502215,42265,4,1
502215,47156,5,1
502215,29127,6,1
502215,20574,7,1
502215,7952,8,0
502215,1546,9,1
502215,16479,10,1
502215,45639,11,0
502215,21783,12,0
502215,9186,13,0
502330,1337,1,1
502330,23430,2,1
502330,32685,3,1
502330,19173,4,1
502330,11712,5,1
502330,7485,6,1
502330,20588,7,1
503206,30391,1,1
503206,2078,2,1
503206,44359,3,1
503206,21405,4,1
503206,21137,5,1
503206,21463,6,1
503206,46990,7,1
503206,19894,8,1
503206,21195,9,1
503206,19048,10,1
503206,9047,11,1
503206,10814,12,1
503206,27521,13,1
503206,34243,14,1
503206,49383,15,1
503206,48642,16,1
503206,5991,17,1
503206,8230,18,1
503206,35939,19,1
503206,21681,20,1
503206,34824,21,1
503206,34358,22,1
503206,41817,23,0
503206,35633,24,0
503206,13765,25,0
503206,27344,26,0
503206,20324,27,0
503206,49283,28,0
503622,23516,1,0
503622,24390,2,0
503622,20704,3,0
503622,26209,4,1
503622,29965,5,0
503622,31506,6,0
503732,18465,1,1
503732,48299,2,1
503732,3957,3,1
503732,204,4,0
503732,23740,5,0
503732,18648,6,0
503732,33380,7,0
503732,23854,8,1
503732,29307,9,1
503732,39097,10,1
503732,28058,11,1
504018,20574,1,1
504018,37646,2,0
504018,6300,3,1
504018,47766,4,1
504018,44632,5,1
504018,34217,6,1
504018,24631,7,1
504018,26298,8,0
504018,11865,9,0
504018,47626,10,1
504018,49683,11,1
504018,26209,12,1
504018,24622,13,1
504018,15613,14,1
504018,21616,15,1
504018,27544,16,0
504018,3376,17,0
504018,36680,18,1
504018,22035,19,0
504018,39619,20,1
504018,33572,21,0
504018,6187,22,0
504018,45210,23,0
504018,45007,24,1
504018,24221,25,0
504018,21230,26,0
505132,4671,1,1
505132,20114,2,1
505132,40542,3,0
505132,24010,4,0
505132,17334,5,0
505132,4932,6,0
505132,28913,7,0
505132,7969,8,0
505132,47209,9,0
505132,11827,10,0
505132,44142,11,0
505132,28156,12,0
505274,4137,1,0
505274,41860,2,0
505274,38341,3,0
505274,35055,4,0
505274,34063,5,0
506675,13176,1,0
506675,4920,2,0
506675,46516,3,0
506675,6613,4,1
506675,43352,5,0
506675,6729,6,0
506675,35269,7,0
506675,37687,8,0
508263,25686,1,1
508263,43352,2,1
508263,38726,3,0
508263,15390,4,0
508263,14688,5,0
508263,22559,6,0
508263,47877,7,0
508263,47141,8,0
508290,31449,1,0
508290,17858,2,0
508290,26165,3,0
508290,43772,4,1
508290,16185,5,0
508290,21372,6,1
508290,46129,7,0
508290,378,8,0
508290,39844,9,0
508290,26497,10,1
508290,47955,11,0
508290,27845,12,0
508290,49235,13,1
508290,14897,14,0
508573,21903,1,1
508573,43352,2,1
508573,22507,3,1
508573,10326,4,1
509362,196,1,1
509362,46149,2,1
511889,5479,1,1
511889,12121,2,0
512214,27891,1,0
512443,13176,1,1
512443,2855,2,1
512443,3798,3,0
512443,39858,4,0
512443,32303,5,0
512443,21137,6,1
512443,16797,7,1
512443,30720,8,1
512443,43352,9,1
512443,39275,10,1
513471,10132,1,0
513471,39275,2,1
515814,28238,1,1
515814,25934,2,0
515814,4602,3,1
515814,2054,4,1
518673,27705,1,1
520855,13176,1,1
520855,33845,2,1
520855,13560,3,1
520855,25000,4,1
520855,7781,5,1
520855,7559,6,1
520855,34430,7,1
520855,40310,8,1
520855,37158,9,1
520855,47388,10,1
520855,18814,11,1
520855,27968,12,1
520855,17652,13,1
520855,34243,14,1
521215,3481,1,1
521215,9154,2,1
521215,35535,3,1
521215,27392,4,0
521215,39450,5,0
521215,11520,6,0
521215,21903,7,0
521215,40279,8,1
524914,7745,1,0
524914,25145,2,0
527443,31506,1,0
527443,12320,2,0
527443,46906,3,0
527443,20670,4,0
527891,26384,1,0
527891,17896,2,0
527891,40174,3,0
527891,10473,4,0
527891,13102,5,0
527891,26006,6,0
527891,22105,7,1
527891,46941,8,0
527891,46347,9,1
527891,3919,10,0
527891,36431,11,0
527891,4605,12,1
527891,429,13,0
527891,9384,14,1
527891,11408,15,0
527891,29346,16,1
527891,5047,17,0
527891,22750,18,0
527891,26172,19,0
528654,30406,1,1
528654,47766,2,1
528654,5624,3,1
528654,35622,4,1
528654,33401,5,1
529824,33037,1,1
529824,5550,2,0
529824,10749,3,1
529824,22935,4,1
529824,21938,5,1
529824,49075,6,1
529824,41149,7,0
529824,16797,8,0
529824,43352,9,0
529824,4855,10,0
529824,47884,11,0
529824,47209,12,1
529824,2651,13,0
530174,10607,1,1
530174,4338,2,1
530174,3957,3,1
530174,17677,4,1
530174,1463,5,0
530174,14971,6,0
530174,3876,7,0
532654,47058,1,1
532654,22559,2,0
532654,24631,3,0
532654,29061,4,0
532654,13966,5,0
532654,12324,6,0
532654,34360,7,0
532654,39464,8,0
532654,19003,9,0
532654,16953,10,0
533677,9458,1,1
533677,23909,2,1
533677,26312,3,1
533677,12015,4,1
533677,10049,5,1
533677,34217,6,1
533677,9124,7,1
533677,22559,8,1
533677,37262,9,1
533677,14126,10,1
533677,31461,11,1
533677,3307,12,1
533677,9076,13,1
533677,13077,14,0
533677,47738,15,0
533677,30850,16,0
533677,1999,17,0
533677,14573,18,0
533677,36962,19,0
533677,30551,20,0
534521,7948,1,1
534521,22922,2,0
534521,27156,3,1
534521,35769,4,0
534521,12845,5,0
534521,18656,6,1
534521,12409,7,0
534521,16182,8,1
534601,24852,1,1
534601,32717,2,0
534601,45066,3,0
535643,16953,1,0
535643,45603,2,0
535643,30776,3,0
535643,27464,4,1
535643,712,5,0
535643,11598,6,1
535643,13176,7,0
536954,28204,1,1
536954,5025,2,1
536954,28993,3,1
536954,46069,4,1
536954,9076,5,1
536954,16797,6,1
536954,22935,7,1
536954,39315,8,1
536954,1902,9,0
536954,33413,10,0
536954,16014,11,1
536954,12859,12,1
537121,17021,1,1
537121,33568,2,0
537121,26209,3,0
537121,34243,4,0
537121,2568,5,0
537121,39721,6,0
543954,4472,1,1
543954,47766,2,1
543954,38118,3,0
543954,30489,4,1
543954,21019,5,0
543954,40604,6,1
543954,42495,7,0
543954,39408,8,1
543954,21903,9,0
543954,32303,10,1
543954,5764,11,1
543954,15950,12,1
543954,3952,13,0
543954,17949,14,1
543954,6046,15,1
543954,28199,16,0
543954,32059,17,1
545104,46061,1,1
545283,33565,1,1
545283,28464,2,0
545283,33687,3,0
546758,19519,1,1
546758,45535,2,1
546758,49628,3,0
546758,17758,4,0
546758,45446,5,0
546758,28051,6,1
546758,35939,7,1
546758,3376,8,0
546758,260,9,1
546758,29447,10,1
546839,13176,1,1
546839,31717,2,1
546839,30391,3,1
546839,11182,4,1
546839,48487,5,1
546839,13565,6,0
546839,19508,7,0
548054,17704,1,1
548054,39400,2,1
548054,33358,3,1
548054,27966,4,1
548054,32842,5,0
548054,26587,6,0
548054,33343,7,0
548054,42283,8,0
548054,3931,9,0
548054,37265,10,1
548054,16619,11,0
548054,31164,12,0
548054,31706,13,0
548069,13944,1,1
548069,33452,2,1
548069,16511,3,1
551310,22759,1,1
551310,7179,2,1
551310,18171,3,1
551310,48595,4,1
551310,29987,5,1
551310,9385,6,1
551310,25146,7,1
551310,24489,8,1
551310,43789,9,1
551310,10768,10,1
551310,42828,11,1
551310,41220,12,1
551310,46979,13,1
551310,31371,14,1
551310,13176,15,1
551310,12745,16,1
551310,34320,17,1
551310,29307,18,1
551310,11737,19,1
551310,38288,20,1
551310,45333,21,1
551676,33401,1,1
551676,47766,2,1
551676,15290,3,1
551676,45208,4,1
551676,4462,5,0
551676,23417,6,0
551676,2435,7,0
554141,14252,1,1
554141,24382,2,1
554141,2469,3,1
554141,18381,4,0
554141,44234,5,1
554141,7762,6,0
556249,15984,1,1
556249,38312,2,1
556249,4472,3,1
556249,48220,4,1
556249,13176,5,1
556249,39275,6,1
556249,9092,7,1
556249,10234,8,1
556249,30290,9,0
556249,48467,10,0
556249,2966,11,0
556249,44247,12,0
556249,20084,13,0
556475,21333,1,1
556475,7644,2,1
556475,12232,3,1
556475,14168,4,1
556475,24253,5,1
556475,13147,6,1
556475,13456,7,1
556475,32691,8,1
556475,3635,9,0
556475,24929,10,1
556475,47626,11,1
557937,4210,1,1
557937,13176,2,1
557937,27277,3,0
558665,8518,1,1
558665,5876,2,1
558665,46667,3,1
558665,12419,4,0
558665,39812,5,0
558665,46979,6,1
558665,44146,7,0
558665,49533,8,0
558665,3787,9,1
558665,21910,10,0
558665,35425,11,0
558665,16206,12,1
558718,35108,1,1
558718,45856,2,1
558718,31040,3,1
558718,29370,4,0
558718,21616,5,1
559991,27250,1,1
559991,38248,2,1
559991,31257,3,1
559991,17652,4,1
559991,11824,5,1
559991,27663,6,0
559991,34,7,0
559991,13249,8,0
560592,22028,1,1
560592,25379,2,1
560592,40688,3,1
560592,9397,4,1
562839,26177,1,0
562839,21506,2,0
562839,21626,3,0
562839,14627,4,0
562839,38452,5,0
562839,14010,6,0
562839,47766,7,1
562839,49683,8,0
562839,46979,9,0
562839,34969,10,0
562839,21616,11,1
562839,13176,12,0
562839,21137,13,1
562839,29675,14,0
562839,39180,15,0
562839,7054,16,1
562839,12845,17,0
562839,37215,18,0
562839,49520,19,0
562839,24382,20,0
562839,24964,21,0
562839,44961,22,0
562839,3283,23,0
562952,31778,1,1
562952,325,2,1
562952,17640,3,1
562952,28441,4,1
562952,21936,5,1
562952,10049,6,1
562952,49555,7,0
562952,1460,8,1
562952,16797,9,0
562952,28199,10,0
562952,2350,11,1
562952,24890,12,0
562952,4367,13,0
562961,3873,1,1
562961,26047,2,1
562961,35914,3,1
562961,18288,4,0
562961,33705,5,1
562961,46226,6,1
562961,21903,7,1
562961,47766,8,1
562961,28572,9,1
562961,9515,10,1
562961,23288,11,1
562961,1695,12,1
562961,36735,13,1
562961,14129,14,1
562961,13535,15,1
562961,29307,16,0
562961,44987,17,0
562961,6286,18,0
562961,3800,19,0
562961,10798,20,0
564137,24964,1,1
564137,21137,2,1
564137,24852,3,1
564137,23634,4,1
564137,25330,5,1
564137,12858,6,1
564137,35951,7,1
564137,41149,8,1
564137,25659,9,1
564137,46533,10,1
564137,21616,11,1
564478,44683,1,0
564478,34448,2,0
564478,12206,3,0
564478,18370,4,0
565655,24852,1,1
565655,40403,2,0
565655,12678,3,1
565655,22959,4,0
565655,39936,5,0
565655,11038,6,0
565655,8424,7,0
565655,48825,8,0
565655,46274,9,0
565655,1117,10,0
565655,34234,11,0
566254,40002,1,0
566254,48523,2,0
566254,6287,3,1
566254,8518,4,0
566254,10749,5,0
566254,34217,6,0
566254,890,7,1
566254,46676,8,1
566254,9755,9,0
566407,10326,1,0
566407,37250,2,1
567230,33198,1,1
567230,19660,2,1
567230,46667,3,1
567230,31678,4,1
567230,44632,5,1
567230,3957,6,1
567230,18891,7,1
567230,23744,8,0
567230,432,9,0
567230,24120,10,0
567230,37646,11,0
567427,38689,1,1
567427,6508,2,1
567427,47766,3,1
567427,47626,4,1
567427,8955,5,0
567427,4472,6,0
567427,17461,7,1
567427,8518,8,0
567427,41642,9,0
567427,5212,10,1
567427,16797,11,1
567427,45066,12,0
567427,30169,13,1
567427,26790,14,0
567427,47761,15,0
567427,47616,16,0
567427,16965,17,1
567963,11109,1,1
567963,37620,2,1
567963,28380,3,0
567963,38205,4,0
567963,17794,5,1
567963,47766,6,0
567963,13563,7,0
567963,35629,8,0
567963,17038,9,0
567963,5547,10,0
567963,40291,11,1
567963,22141,12,0
567963,36554,13,0
567963,25340,14,0
567963,19893,15,0
567963,23634,16,0
567963,1216,17,0
567963,13045,18,0
567963,49478,19,0
567963,21227,20,0
567963,17584,21,0
567963,46616,22,1
567963,21009,23,0
567963,23192,24,1
567963,7088,25,0
567963,5194,26,0
567963,44396,27,0
568602,41165,1,0
568602,19180,2,1
568602,4724,3,0
568622,41844,1,0
568622,365,2,0
568622,35619,3,0
568622,40021,4,0
568622,35163,5,0
568622,45007,6,1
568622,36929,7,0
568622,11408,8,0
568622,35512,9,0
568622,30391,10,1
570049,79,1,0
570049,35163,2,0
570852,23085,1,1
570852,28199,2,1
570852,32478,3,1
570852,13176,4,1
570852,33462,5,1
570852,46229,6,1
570852,2067,7,1
570852,38241,8,1
570852,5707,9,1
570852,2966,10,1
570852,42372,11,1
570852,47866,12,1
570852,33791,13,1
570852,44156,14,1
570852,23106,15,1
570852,7533,16,1
570852,40709,17,1
570852,33548,18,1
570852,18288,19,1
570852,16747,20,0
570852,34156,21,1
570852,18523,22,1
570852,23296,23,1
572079,19660,1,1
572079,32478,2,1
573987,9558,1,1
573987,5612,2,1
573987,34300,3,1
573987,49508,4,1
573987,10341,5,1
573987,11422,6,1
573987,44156,7,1
573987,45674,8,1
575863,30591,1,1
575863,14952,2,0
575863,45066,3,0
575863,10673,4,0
575863,45290,5,1
575863,24852,6,1
575863,42477,7,0
575863,34497,8,0
575939,35640,1,0
575939,32025,2,0
575939,40709,3,0
575939,38231,4,0
575939,44376,5,0
575939,48480,6,0
575939,21616,7,0
575939,19006,8,0
575939,17584,9,0
576227,31651,1,1
576227,15164,2,1
577835,10258,1,1
579215,27966,1,1
579215,25146,2,0
579215,13176,3,1
579215,18194,4,1
589373,35425,1,1
589373,35921,2,1
589373,44632,3,1
589373,4562,4,1
589373,31964,5,1
589373,46979,6,1
589373,37220,7,1
589373,47766,8,1
589373,21903,9,1
589373,24964,10,1
589373,47626,11,1
589373,31717,12,0
589373,21417,13,1
589373,5618,14,0
589373,44359,15,1
589373,27521,16,0
589373,44491,17,0
589373,7628,18,0
589373,13176,19,1
589373,41787,20,0
592435,36586,1,1
592435,14678,2,1
592435,13176,3,0
592435,22686,4,0
592435,2314,5,0
592435,18918,6,0
592435,33731,7,0
592435,12899,8,0
592435,47209,9,0
592435,37220,10,1
592435,43961,11,0
592435,20431,12,1
593240,11190,1,1
593240,47941,2,1
593240,45192,3,1
593240,32650,4,1
593868,40174,1,1
593868,8911,2,1
593868,11710,3,0
593868,20084,4,1
593868,5212,5,1
593868,2985,6,1
593868,41665,7,1
593868,20542,8,1
593868,7177,9,1
593868,29270,10,1
593868,18272,11,0
593868,16617,12,0
593868,17878,13,1
593868,17862,14,0
593868,28079,15,1
593868,33731,16,0
593868,9339,17,1
593868,1117,18,0
593868,5646,19,0
594572,21137,1,1
594572,35851,2,1
594572,24852,3,1
594572,2716,4,1
594572,30385,5,1
594572,45584,6,0
594572,45210,7,1
594572,23165,8,1
594572,5876,9,1
594572,11136,10,1
594572,22935,11,1
594572,48679,12,0
594572,28862,13,0
594572,17794,14,0
594572,36695,15,1
594572,43122,16,0
594572,19057,17,0
594572,11140,18,1
595102,9583,1,1
595102,27966,2,1
595102,5212,3,1
595102,28199,4,1
595102,5450,5,1
595102,43122,6,1
595102,17898,7,0
595102,39964,8,0
595102,17044,9,0
595102,45007,10,1
595102,21616,11,1
595155,2581,1,0
595155,7877,2,0
595155,26577,3,0
595155,26314,4,0
595155,9894,5,0
595155,36063,6,0
595208,11365,1,1
595208,27790,2,1
595208,3798,3,1
595208,19691,4,1
595208,8048,5,1
595208,33147,6,1
595208,24135,7,0
596266,20082,1,1
596266,1511,2,1
596266,11520,3,1
596266,1090,4,1
596266,17122,5,1
596266,24852,6,1
596266,25509,7,1
596266,45013,8,1
596266,46513,9,1
596266,13746,10,1
596266,41844,11,0
596266,32842,12,1
596266,47157,13,0
598225,24041,1,1
598225,30958,2,1
598225,23450,3,0
598225,17505,4,1
598225,8073,5,0
598225,27794,6,0
598225,7860,7,0
598225,46960,8,0
598225,32413,9,0
598225,30006,10,1
598225,23037,11,1
598225,30162,12,1
598225,28958,13,1
598225,12276,14,1
598225,25230,15,1
598225,37766,16,0
598687,4210,1,1
598687,432,2,1
598687,264,3,1
598687,43279,4,1
598687,28635,5,0
598687,36624,6,0
598687,40969,7,0
598687,7177,8,1
598687,4514,9,1
598687,29392,10,0
598687,34370,11,1
598687,11892,12,1
598687,3693,13,1
598687,24852,14,1
598687,28083,15,1
598687,32976,16,1
598687,33894,17,1
598687,44487,18,1
598687,24810,19,1
598687,39581,20,1
598687,25706,21,1
598687,4313,22,1
598687,9076,23,1
598687,16797,24,1
598687,43352,25,1
598687,38656,26,1
598687,34766,27,1
598687,41057,28,0
598687,5322,29,1
600265,2962,1,1
600265,27086,2,1
600265,24535,3,1
600265,42244,4,1
600265,27284,5,1
600265,14553,6,1
600265,21137,7,1
600265,30442,8,1
600265,31663,9,1
600265,18761,10,1
600265,33000,11,1
600265,6489,12,1
600265,6587,13,1
600265,35140,14,1
600265,5020,15,1
600265,26023,16,1
600265,13870,17,0
600265,9122,18,1
600265,18352,19,1
601694,37067,1,1
601694,2716,2,1
601694,16560,3,0
601694,26036,4,0
601694,38837,5,0
601927,14947,1,1
601927,13304,2,1
601927,4799,3,1
601927,44987,4,0
601927,24263,5,1
601927,4605,6,1
601927,8006,7,0
601927,7746,8,0
601927,35725,9,0
605063,33919,1,1
605063,27325,2,1
605063,11520,3,0
605267,13424,1,1
608021,45741,1,1
608021,10814,2,0
608021,22627,3,0
608021,31717,4,1
608021,44359,5,1
608021,22935,6,1
608021,23165,7,1
608021,21174,8,1
608021,16169,9,0
608021,26283,10,1
608021,28785,11,0
608021,45007,12,1
608021,44099,13,1
608021,4855,14,1
608021,25659,15,1
608068,22888,1,0
608068,8309,2,1
608068,13263,3,1
608068,31683,4,1
608068,24852,5,1
608068,38622,6,1
608068,36865,7,1
608068,31766,8,1
608068,41165,9,1
608068,4663,10,0
608068,48679,11,0
608068,44683,12,0
608068,19348,13,0
608204,35360,1,0
608204,2295,2,0
608204,30329,3,0
608204,26152,4,0
608204,35221,5,0
608588,40278,1,0
608588,23474,2,1
608588,19663,3,1
608588,11977,4,1
611265,39190,1,1
611265,12686,2,1
611265,37630,3,1
611265,17360,4,1
611265,3826,5,0
611265,1925,6,1
611265,42585,7,1
611265,34466,8,1
611265,32864,9,1
611265,29418,10,0
612556,8377,1,0
612556,30233,2,1
612556,49683,3,1
612556,33730,4,0
612556,24382,5,0
612556,25985,6,0
612556,45840,7,0
613655,34069,1,1
613655,9598,2,1
613655,26604,3,1
613655,33647,4,0
615484,18610,1,1
615484,34217,2,1
615484,44707,3,1
615484,19951,4,1
615484,44293,5,1
615484,29660,6,1
615484,1240,7,1
615484,40709,8,1
615484,43045,9,1
615484,48109,10,1
615484,34942,11,0
615484,21603,12,0
615539,13176,1,1
615539,39877,2,1
615539,47209,3,1
615539,24838,4,1
615539,28985,5,1
615539,18465,6,1
615539,37646,7,1
615539,46906,8,1
615539,10246,9,1
615539,37022,10,1
615539,29801,11,1
615539,28808,12,1
615539,33857,13,1
615539,42768,14,1
615539,33731,15,1
615539,39162,16,1
615539,31553,17,1
615539,15205,18,0
615539,11786,19,0
615539,43086,20,0
615539,35594,21,1
615539,29418,22,0
615539,42242,23,0
615539,47547,24,0
615539,44580,25,0
617633,38303,1,0
617633,22195,2,0
617633,13176,3,1
617633,39877,4,1
617633,22935,5,1
617633,48679,6,0
617633,10246,7,0
617633,29675,8,0
617633,21334,9,1
617633,39984,10,0
617633,19519,11,0
617633,9327,12,0
617633,37029,13,0
617633,38647,14,1
617633,48464,15,0
618611,5782,1,0
618611,3847,2,0
618611,30169,3,1
618611,18523,4,1
618611,1559,5,0
618611,33787,6,0
618611,33754,7,0
618611,42504,8,0
618611,22520,9,0
618611,16797,10,1
618611,11777,11,1
618611,46222,12,0
618611,35042,13,1
618611,44449,14,0
618647,24838,1,0
618647,28427,2,0
618647,41844,3,0
618647,20711,4,0
618647,32650,5,0
618647,13176,6,0
618647,42240,7,1
618647,47141,8,0
618647,5384,9,0
619240,31506,1,0
619240,7963,2,0
619240,29824,3,0
619240,22504,4,1
619240,28934,5,1
619240,24489,6,1
619240,39275,7,1
619240,18090,8,1
619240,40311,9,1
619240,49102,10,1
619419,49628,1,1
619419,31717,2,1
619419,25952,3,1
619419,27356,4,1
619419,26209,5,1
619419,8475,6,1
619419,29921,7,1
619419,22275,8,1
619419,37354,9,1
619419,46572,10,0
621255,36534,1,1
621255,28371,2,1
621255,21903,3,1
621430,36164,1,1
621430,47042,2,1
621430,47209,3,1
621430,24489,4,1
621430,8277,5,1
621430,9839,6,1
621430,8138,7,1
621430,42010,8,0
621430,16617,9,1
621430,23535,10,1
621430,10335,11,1
621430,1039,12,1
621430,940,13,0
621430,8174,14,1
621430,36082,15,1
621430,2969,16,0
621430,31717,17,0
621430,2846,18,0
621430,7014,19,1
621430,33728,20,1
621430,27065,21,0
622352,41290,1,1
622352,8424,2,1
622352,24852,3,1
622352,38293,4,1
622352,44310,5,1
622352,16083,6,1
622352,45007,7,1
622352,27086,8,1
622352,2081,9,1
622352,9550,10,1
622352,43352,11,1
622352,33043,12,1
622352,37119,13,1
622352,11992,14,1
622352,47766,15,1
622352,37646,16,1
622352,37524,17,1
622352,22035,18,1
622352,33000,19,1
622352,40632,20,1
622352,27316,21,1
622352,6046,22,1
622352,34128,23,1
631213,5646,1,1
631213,41950,2,1
631213,39013,3,0
631213,16083,4,0
631532,21955,1,1
631532,36550,2,1
631532,5450,3,1
631532,13176,4,0
631532,8174,5,1
631532,21872,6,0
631532,26575,7,0
631720,10644,1,0
631720,18434,2,1
631720,46665,3,0
631720,38383,4,1
631720,10749,5,0
631720,18531,6,1
631720,28278,7,0
631720,24964,8,1
631720,37687,9,0
631720,8518,10,1
632913,12986,1,0
632913,13944,2,1
632913,25146,3,1
632913,43565,4,1
632913,18816,5,1
632913,40028,6,1
632913,24852,7,0
632913,7807,8,0
632913,39581,9,0
632913,3229,10,0
632913,22337,11,0
632913,20014,12,0
632913,13966,13,0
632913,32689,14,1
632913,40219,15,0
632913,39315,16,0
632913,48697,17,0
632913,4920,18,0
632913,30000,19,0
632913,44992,20,0
632913,24016,21,0
632913,49350,22,0
632913,10070,23,1
632913,10673,24,0
632913,43810,25,0
632913,48232,26,0
632913,14992,27,0
632913,46522,28,0
632913,8204,29,0
633735,6774,1,1
633735,24964,2,1
633735,12113,3,0
633735,30918,4,1
633735,17419,5,1
633735,22935,6,1
633735,19678,7,1
633735,19816,8,1
633735,45007,9,1
633735,23734,10,1
633735,20255,11,1
633735,27156,12,1
633735,23801,13,1
633735,47626,14,0
633735,18696,15,0
633735,7877,16,1
633735,8424,17,0
633735,43697,18,0
634562,7090,1,0
635378,44142,1,0
635378,2425,2,0
635378,17862,3,0
635489,16953,1,1
635489,39814,2,0
635489,38768,3,0
636483,38192,1,0
636483,5114,2,0
636483,43875,3,0
636483,23266,4,0
636483,21137,5,1
636483,15392,6,0
636483,13176,7,1
636483,47601,8,1
636483,37220,9,1
636483,15008,10,0
636483,30855,11,1
636483,3270,12,0
636483,27086,13,1
636483,3098,14,0
636483,2228,15,0
636483,26128,16,0
636483,46802,17,0
636483,11576,18,0
636483,42445,19,0
636483,6104,20,0
636709,47314,1,1
636709,18019,2,1
636709,21451,3,1
636709,28876,4,1
636709,37565,5,1
636709,46842,6,1
636709,1217,7,1
636709,9634,8,1
636709,21301,9,1
636709,4317,10,1
636709,26041,11,1
636709,1263,12,0
636709,2180,13,1
636709,12945,14,1
636709,43565,15,0
636709,12403,16,1
636709,26698,17,0
636760,48726,1,0
636760,45210,2,0
636760,2716,3,0
636760,34262,4,0
636760,6336,5,0
636760,27845,6,1
636760,2657,7,0
636760,29156,8,1
636760,27061,9,0
636760,22210,10,0
636760,14491,11,0
636760,6891,12,0
636760,19627,13,1
636760,13176,14,0
636760,27966,15,0
636760,16797,16,0
636760,44683,17,0
636760,14126,18,0
636760,27573,19,0
636873,8859,1,1
636873,17160,2,1
638499,24852,1,1
638499,39928,2,1
638499,27086,3,1
638499,28204,4,1
638499,33055,5,1
638499,39877,6,1
638499,38159,7,0
638499,27925,8,1
640669,34533,1,0
640669,11461,2,0
640669,29921,3,0
640669,41602,4,0
640669,1062,5,0
640669,48245,6,0
640669,36274,7,0
640669,46748,8,0
643029,27388,1,1
643029,41362,2,1
643029,4577,3,1
643029,31778,4,0
643029,18790,5,0
643029,3189,6,0
643029,30106,7,0
643029,22646,8,0
643029,33007,9,0
643029,44487,10,0
643029,35600,11,1
643029,14439,12,0
643029,18418,13,0
643029,35999,14,0
643029,21597,15,0
643029,27037,16,0
643029,22882,17,0
643029,1582,18,0
643029,5268,19,0
643029,23734,20,1
643029,17008,21,1
643029,7644,22,1
643457,15424,1,1
643457,40174,2,1
644300,16797,1,1
644300,41082,2,1
644300,42283,3,1
644300,47626,4,1
644300,37611,5,0
644300,9176,6,0
644300,5041,7,0
644300,32741,8,0
644300,24458,9,0
644300,37681,10,0
644300,22176,11,0
644300,25556,12,0
644300,29153,13,0
644300,7509,14,1
644300,31487,15,1
644300,12481,16,1
644300,8376,17,1
644300,48527,18,1
644300,12621,19,0
644300,23909,20,1
644300,24852,21,1
644300,31215,22,1
644300,49247,23,1
644300,40709,24,1
644300,6166,25,1
644300,40295,26,0
644300,26138,27,1
644300,19078,28,1
644300,29886,29,0
644300,34389,30,1
644300,9235,31,0
644300,12589,32,1
644300,36591,33,1
644300,48702,34,1
644300,44683,35,1
644300,1396,36,1
644300,31610,37,0
644300,32498,38,0
644300,31642,39,1
644300,32971,40,1
644300,27963,41,1
644300,13388,42,1
647560,33722,1,1
647560,49134,2,0
647560,12797,3,0
647560,42828,4,1
647560,36696,5,0
647560,49235,6,1
647560,5479,7,1
647560,15899,8,0
647628,25466,1,1
647628,13176,2,1
647628,47209,3,1
647628,41273,4,0
647628,24838,5,1
647628,32134,6,1
647628,36687,7,0
647628,46902,8,0
647628,27470,9,0
647628,42803,10,1
647662,9018,1,1
647662,17985,2,1
647662,21137,3,1
647662,31605,4,0
647662,20906,5,1
647662,24841,6,0
647662,22031,7,0
647662,32255,8,0
647662,22113,9,1
647662,5785,10,1
647662,11129,11,1
647662,21385,12,1
647662,6873,13,1
647662,39430,14,0
647662,37067,15,0
650296,40351,1,1
650296,9337,2,1
650296,13176,3,1
650296,44703,4,1
650296,13870,5,0
650296,25466,6,0
650296,9839,7,0
650296,46969,8,0
650296,21903,9,1
650296,32429,10,0
652344,44632,1,1
652344,35383,2,1
652344,38383,3,1
652344,18232,4,1
652344,20114,5,1
652344,8424,6,0
652344,47209,7,0
652344,26369,8,0
652344,19816,9,1
652872,7551,1,0
652872,7966,2,0
652872,26769,3,0
652872,49152,4,0
652872,30756,5,1
652872,24852,6,1
653545,27796,1,0
653545,23909,2,0
653545,29445,3,1
653545,47772,4,0
653545,9477,5,0
653545,29714,6,0
653545,38347,7,0
653545,29886,8,0
653545,34483,9,0
654380,32966,1,0
654380,5248,2,0
654380,43568,3,0
654380,19389,4,0
654380,45305,5,0
654380,32433,6,0
654380,16953,7,0
654380,11563,8,1
654380,32538,9,0
654380,48762,10,1
654706,47766,1,1
654706,26209,2,1
654706,46260,3,1
654706,28842,4,1
654706,24852,5,1
654706,45007,6,1
654706,30489,7,1
654706,4086,8,1
654706,11182,9,1
654706,39947,10,1
654706,46331,11,1
654706,41999,12,1
654706,42768,13,1
654706,40604,14,0
654706,43122,15,1
654706,22720,16,0
654706,8174,17,0
654706,39928,18,1
654706,47526,19,1
654706,30169,20,0
655442,47766,1,1
655442,44042,2,1
655442,43772,3,1
655442,16797,4,0
655442,43352,5,0
655442,32478,6,0
655442,17758,7,0
655442,31215,8,0
655442,9477,9,1
655442,18895,10,0
655442,40722,11,1
655442,4138,12,1
655442,13203,13,0
655442,28204,14,1
655442,26209,15,1
655442,10151,16,0
655442,22581,17,0
655442,22153,18,0
655442,33525,19,0
655442,8204,20,0
655442,15599,21,0
655442,6899,22,0
655442,16541,23,0
655442,4595,24,0
655442,12604,25,0
655442,7644,26,1
655442,28993,27,0
655442,34969,28,0
655442,17264,29,0
655442,22802,30,0
655677,43631,1,1
655677,28836,2,1
656494,18615,1,0
656494,6184,2,1
656494,37687,3,0
656494,49235,4,0
657953,21137,1,0
657953,28985,2,0
657953,15984,3,1
657953,47766,4,1
657953,43961,5,1
657953,38312,6,1
657953,47325,7,1
657953,24852,8,1
660765,20940,1,1
660765,6615,2,1
660765,30588,3,1
660765,5258,4,1
663093,24852,1,1
663093,3664,2,1
663093,24186,3,1
663093,8695,4,1
663093,30082,5,1
663093,24034,6,1
663093,7825,7,1
663093,16891,8,1
663093,630,9,1
663093,36227,10,1
663093,18618,11,1
663093,33956,12,1
663093,45186,13,1
663093,7243,14,1
663093,48572,15,1
663093,37317,16,1
663093,36259,17,1
663093,21019,18,1
663093,15412,19,0
663093,5161,20,0
663093,20440,21,0
663093,3835,22,1
663093,26711,23,0
665127,196,1,1
665563,24639,1,0
665563,21903,2,1
665563,5876,3,0
665563,31717,4,0
665563,29079,5,0
665563,39374,6,0
665563,35140,7,0
665563,46654,8,0
665563,13176,9,1
665563,36695,10,0
665563,44359,11,1
665563,34243,12,0
665563,22007,13,0
665563,38322,14,1
665563,16953,15,0
665563,47960,16,0
666849,49191,1,1
666849,5212,2,0
666849,40709,3,1
666849,2574,4,0
666849,39663,5,0
666849,5442,6,0
667789,8390,1,1
667789,47931,2,1
667789,16245,3,1
667789,17417,4,1
667789,13718,5,1
667789,49496,6,1
667789,49079,7,1
667789,22893,8,1
667789,1545,9,1
667789,48634,10,1
667789,44945,11,1
667789,27246,12,1
667789,24908,13,1
667789,27360,14,1
667789,36170,15,1
667789,31988,16,1
667789,49060,17,1
667789,14951,18,1
667789,13391,19,1
667789,26372,20,1
667789,31663,21,1
667789,17705,22,0
667789,47683,23,1
667789,7158,24,0
667855,23922,1,1
667855,43086,2,1
667855,32864,3,0
667855,13176,4,1
667855,47209,5,1
667855,21137,6,1
667855,22825,7,0
667855,38159,8,0
668640,3957,1,0
668640,19290,2,1
668640,24852,3,1
668640,16797,4,0
668640,9076,5,0
668640,21293,6,0
668640,5296,7,0
668792,27706,1,0
668792,10333,2,1
668792,9755,3,1
668792,3776,4,0
668792,41473,5,0
668792,45313,6,0
668792,10890,7,0
670697,17615,1,0
670697,19348,2,1
670697,45118,3,0
670697,23725,4,0
670697,47966,5,0
670697,16953,6,0
670697,36810,7,0
670697,36005,8,0
671598,39877,1,0
671598,16249,2,0
671598,21903,3,0
671598,23165,4,0
671598,47626,5,1
671598,581,6,0
671598,45007,7,0
671598,30463,8,0
671598,29658,9,0
671598,25659,10,0
671598,28656,11,0
671832,13176,1,1
671832,45,2,1
671832,24521,3,0
671832,43961,4,1
671832,13083,5,0
671832,25932,6,1
671832,10339,7,1
671832,30871,8,1
671832,41665,9,1
671832,2732,10,1
671832,3682,11,0
671832,3737,12,1
671832,43190,13,1
671832,32981,14,1
671832,49519,15,1
671832,40516,16,0
671832,43622,17,1
672292,19605,1,1
674388,22929,1,1
674388,12481,2,0
674388,7644,3,0
674388,44609,4,1
674388,7736,5,1
674388,41950,6,1
674388,42633,7,1
674388,35430,8,1
676369,12606,1,1
676369,43209,2,1
676369,1313,3,0
676369,21288,4,1
676369,7546,5,1
676369,28634,6,1
676369,39108,7,1
676369,45054,8,1
676369,45463,9,1
676369,43352,10,1
676369,30266,11,0
676369,23734,12,1
676369,5296,13,1
676369,40136,14,1
676369,41839,15,0
676369,48762,16,0
676369,23157,17,1
676369,33331,18,0
676369,21903,19,1
676369,6686,20,0
676369,3313,21,0
676369,17691,22,1
676369,16414,23,1
676369,28199,24,0
676369,31810,25,1
676369,16953,26,1
676369,5027,27,0
676369,5068,28,0
676369,3298,29,0
676369,5819,30,0
676369,13955,31,0
676369,23763,32,1
676763,19660,1,1
676763,23288,2,1
676763,49520,3,0
676763,25466,4,0
676763,39485,5,1
676763,27966,6,1
676763,12381,7,0
676763,21903,8,0
677994,1360,1,1
677994,24622,2,1
677994,6104,3,1
678652,24830,1,1
678652,226,2,1
678652,37646,3,1
679296,29307,1,0
679296,27024,2,0
679296,23405,3,1
679296,44632,4,1
679296,48230,5,0
679296,30021,6,1
679296,31506,7,1
679296,47626,8,1
679296,44752,9,0
679296,15225,10,1
679296,26861,11,0
679296,34358,12,1
679296,19128,13,1
681689,47209,1,1
681689,13176,2,1
681689,47144,3,1
681689,41757,4,1
681689,40765,5,1
681689,40723,6,1
681689,26369,7,1
681689,21513,8,1
681689,17461,9,1
681689,21903,10,1
681689,7485,11,1
681689,45063,12,1
681689,22935,13,1
681689,42265,14,1
681689,15872,15,1
681689,18811,16,1
681689,49241,17,1
681689,47652,18,1
681689,28132,19,1
681689,7707,20,1
681689,45582,21,1
681689,41844,22,1
681689,19048,23,1
681689,27521,24,1
681689,13629,25,0
681689,48745,26,1
681689,34012,27,0
681689,21386,28,1
681689,21009,29,0
681689,13380,30,1
681689,24826,31,1
681689,11930,32,0
684228,34126,1,1
684228,27845,2,1
684228,13176,3,1
684228,21137,4,1
684228,17628,5,1
684228,6104,6,1
684228,13280,7,0
684228,26940,8,0
684228,39054,9,0
684228,4086,10,1
684228,45664,11,0
684228,28785,12,0
684228,40604,13,1
684228,44010,14,0
684228,12456,15,1
684228,9839,16,1
684228,30027,17,0
684228,30391,18,1
684228,27521,19,1
684228,10749,20,1
684228,43768,21,0
684228,8518,22,1
684228,46049,23,1
684228,45007,24,1
684228,42585,25,1
684228,36070,26,1
684228,48364,27,1
684228,3339,28,0
684228,14678,29,1
684391,22260,1,1
684391,16185,2,1
684391,17835,3,1
684391,27625,4,1
684391,47209,5,1
684391,35907,6,1
684391,13176,7,1
684391,16759,8,1
684391,46667,9,1
687032,35633,1,0
687032,15261,2,0
687032,24852,3,1
687032,37792,4,1
687032,49191,5,1
687032,41259,6,1
687032,4675,7,1
687032,14992,8,1
687032,33929,9,1
687032,41063,10,1
687032,38097,11,1
687032,16797,12,1
687032,12241,13,1
687032,8006,14,1
687032,46979,15,1
689375,28985,1,0
689375,41950,2,0
689375,6873,3,1
689375,22713,4,1
689375,38944,5,1
689375,2781,6,1
689375,17920,7,1
694588,1443,1,1
694588,3957,2,1
694588,13740,3,1
694588,34244,4,1
694588,22035,5,1
694588,12456,6,1
694588,47766,7,1
694588,5876,8,1
694588,26315,9,1
694588,43086,10,1
694588,10369,11,1
694588,23029,12,1
694588,22963,13,1
694588,15261,14,1
694588,49175,15,0
694588,19519,16,0
694588,22935,17,0
694588,44359,18,0
694588,24964,19,0
694588,27695,20,0
694588,5646,21,0
694588,13176,22,1
694588,21174,23,0
694588,14872,24,0
694588,5804,25,0
694588,722,26,0
694588,39040,27,0
694588,10385,28,0
694588,13984,29,0
694588,26209,30,0
694588,46667,31,1
700173,8277,1,1
700173,14652,2,1
700173,44201,3,1
700173,8903,4,1
700173,24010,5,1
700173,31225,6,1
700173,1194,7,1
700173,36792,8,1
700173,10369,9,0
700173,47209,10,1
700173,21344,11,1
700173,46969,12,1
700173,27966,13,1
700173,34262,14,1
700173,13176,15,1
700173,45007,16,0
700173,12144,17,1
700173,34126,18,1
700173,22935,19,1
700173,29662,20,1
700173,35530,21,1
700173,48745,22,1
700173,17149,23,1
700173,39094,24,1
700173,41261,25,0
700173,42803,26,1
700173,5438,27,0
700173,36180,28,0
700173,25466,29,0
700173,5428,30,0
700173,25588,31,0
700173,9076,32,0
700173,24964,33,1
700173,44359,34,1
700173,8424,35,0
700173,19678,36,0
700173,14992,37,0
700173,10749,38,0
700511,10673,1,1
700511,6931,2,0
700511,49445,3,1
700511,17302,4,1
700511,48171,5,0
700511,25837,6,0
700511,9490,7,0
700511,21028,8,1
700511,44937,9,0
700511,16866,10,0
700511,37888,11,0
700511,23141,12,0
701987,36070,1,1
701987,27966,2,0
701987,35731,3,1
701987,23405,4,1
701987,38400,5,0
701987,888,6,0
701987,44548,7,0
701987,9387,8,0
701987,26571,9,1
701987,29628,10,0
701987,39275,11,0
701987,26503,12,0
701987,30444,13,0
701987,20371,14,0
702982,30307,1,1
702982,41653,2,1
702982,1194,3,1
702982,47140,4,1
702982,12538,5,1
702982,14844,6,0
702982,8278,7,0
703276,47144,1,1
703276,432,2,1
703276,14778,3,1
703276,15902,4,1
703276,17878,5,1
703276,21137,6,1
703276,39275,7,0
703276,21903,8,1
703546,49517,1,0
703546,25363,2,0
703546,9076,3,0
703546,21137,4,0
703546,21288,5,0
703546,45007,6,0
703546,11121,7,0
703546,27237,8,0
703546,7648,9,0
703546,32177,10,0
703546,8174,11,0
707219,4210,1,1
707219,44799,2,1
707219,24852,3,1
707219,30597,4,1
707219,19734,5,1
707219,26709,6,1
707219,14564,7,1
707219,3169,8,1
707219,47145,9,1
707219,38200,10,1
707219,32428,11,1
707219,5884,12,1
707219,27179,13,1
707219,43183,14,1
707219,13032,15,1
707219,4731,16,1
707219,49683,17,1
707219,23360,18,1
707219,24097,19,1
707219,46639,20,1
707219,30674,21,1
707219,5460,22,1
707219,20955,23,1
707219,41372,24,1
707219,17867,25,1
707219,44667,26,1
707424,14318,1,1
707424,287,2,1
707424,49176,3,1
707424,33884,4,0
707424,40580,5,0
707424,378,6,1
707424,41729,7,0
707424,16696,8,1
707424,47908,9,0
707424,46426,10,0
707424,31302,11,1
707424,47519,12,0
708936,16052,1,0
708936,9387,2,0
708936,19138,3,0
708936,4588,4,0
708936,32939,5,0
710423,3334,1,0
710423,37358,2,0
710423,5500,3,0
710423,25146,4,0
710696,2473,1,1
710696,46064,2,0
710696,36735,3,1
710696,17795,4,1
710696,33731,5,1
710696,42495,6,1
710696,38293,7,1
710696,32412,8,0
710696,28849,9,1
710696,25659,10,0
710696,35986,11,0
710696,45359,12,0
710696,49113,13,0
715147,13176,1,1
715147,47209,2,1
715147,34498,3,0
715147,19068,4,1
715147,44517,5,1
715147,9171,6,0
715147,45063,7,0
715147,43086,8,0
715147,30720,9,1
715147,16759,10,1
715147,9550,11,1
715147,7781,12,1
715147,17355,13,1
720489,26497,1,1
720489,16525,2,1
720489,25903,3,1
723224,26568,1,1
723224,13176,2,1
723224,27086,3,1
723224,1463,4,1
723224,21137,5,1
723224,11408,6,1
723224,34005,7,1
723224,44098,8,1
723224,365,9,1
723224,31727,10,1
723224,47734,11,1
723224,43961,12,1
723224,30480,13,1
723224,44359,14,1
723224,31562,15,1
723224,31127,16,1
723326,13085,1,1
723854,37687,1,1
723854,30450,2,1
723854,29223,3,0
723854,13378,4,1
723854,31805,5,0
723854,30827,6,1
723854,44172,7,1
723854,10441,8,0
723854,20345,9,0
724396,952,1,0
724396,44422,2,0
724396,23516,3,0
724396,40377,4,0
724396,49533,5,0
724396,1063,6,0
724396,30454,7,0
724396,3295,8,0
724607,44085,1,1
724607,45815,2,1
724607,45116,3,1
724607,38608,4,1
724607,23909,5,1
724607,27796,6,0
724607,30170,7,1
724607,49227,8,0
725350,47601,1,0
725350,42719,2,0
725350,36735,3,0
725350,42183,4,0
725350,41588,5,1
725350,46906,6,0
725350,9839,7,1
725350,36389,8,0
725350,12395,9,1
725350,19511,10,1
725350,40233,11,1
725350,18811,12,1
725350,4039,13,1
725350,26768,14,0
725350,5337,15,1
725350,34358,16,1
725350,33731,17,1
725350,41220,18,1
725350,37002,19,0
725482,4451,1,1
725482,30428,2,1
725482,25146,3,1
725482,43483,4,1
725482,39092,5,1
725482,9387,6,0
725482,35392,7,0
725482,36944,8,0
725482,27681,9,0
725482,25602,10,0
725482,1263,11,0
725482,17742,12,0
725482,30965,13,0
725482,15948,14,0
725579,30391,1,1
725579,3457,2,1
725579,34358,3,1
725579,17794,4,1
725579,44422,5,1
725579,41220,6,1
725579,41588,7,1
725579,22825,8,1
725579,5769,9,1
725579,5373,10,1
725579,23198,11,1
725579,32734,12,1
725579,14992,13,1
725579,5025,14,0
725579,38996,15,0
725579,16645,16,0
725579,4799,17,1
725591,5206,1,0
725591,12456,2,0
725591,48679,3,1
725591,7649,4,1
725591,39411,5,0
726009,2535,1,0
726009,130,2,0
726009,23423,3,1
726009,14979,4,1
726009,42701,5,1
726009,33198,6,0
726009,33147,7,1
726009,651,8,0
726009,7147,9,0
726009,15200,10,0
726009,31805,11,0
726009,21137,12,0
726009,13176,13,1
726009,29223,14,1
728892,46915,1,1
728892,13733,2,1
728892,31562,3,1
728892,11859,4,1
728892,21938,5,1
728892,37250,6,1
728892,32637,7,0
728892,13834,8,1
728892,46388,9,1
728892,19734,10,1
728892,29993,11,1
728892,19173,12,1
728892,47626,13,0
728892,48823,14,0
728892,13176,15,1
728892,26096,16,1
728892,10631,17,1
728892,743,18,1
728892,49610,19,1
728892,41844,20,0
728892,20955,21,1
728892,12983,22,1
728892,27673,23,1
728892,13574,24,1
728892,31374,25,0
728892,37460,26,1
728892,35424,27,1
728892,26459,28,0
728892,38483,29,0
728892,20824,30,1
728892,13537,31,0
728892,47248,32,0
728892,11009,33,0
729478,28427,1,0
729478,5077,2,1
729478,10673,3,1
729478,15650,4,1
729478,32338,5,0
729478,20738,6,0
729478,1700,7,0
729478,46692,8,0
729478,35561,9,0
729478,32519,10,0
729478,33081,11,0
729478,38400,12,1
729478,30511,13,1
729478,13920,14,0
729478,15802,15,0
729478,9477,16,1
729478,15333,17,0
729478,7702,18,1
729478,4006,19,0
729478,29646,20,1
729478,3999,21,1
729478,47766,22,1
730004,41774,1,1
730004,13176,2,1
730004,16797,3,1
730004,14159,4,0
730004,10644,5,0
730004,40604,6,0
730004,43772,7,1
730004,22959,8,1
730004,27845,9,1
730004,4679,10,0
730289,27020,1,0
730289,15785,2,1
730289,18004,3,0
732009,38247,1,0
732009,47141,2,1
732009,38775,3,1
732009,10084,4,0
732644,49520,1,0
732644,49191,2,0
732644,39947,3,0
732644,31964,4,0
732644,19348,5,1
732644,27797,6,0
732644,24852,7,1
732644,3298,8,1
733703,33000,1,1
733703,30827,2,1
733703,43154,3,1
733703,32455,4,1
733703,10326,5,1
733703,27477,6,1
733703,32689,7,1
733703,14966,8,0
736412,12384,1,1
736412,14947,2,1
736412,19173,3,1
736412,36735,4,1
736412,21137,5,1
736412,43961,6,1
736412,8174,7,1
736412,27966,8,1
736412,36695,9,1
736412,43772,10,1
736412,19677,11,1
737134,49054,1,1
737134,23965,2,1
737134,19389,3,0
737134,31683,4,0
737134,34024,5,1
737134,43867,6,0
737134,23414,7,0
737134,39132,8,0
737134,46748,9,0
737134,18019,10,0
737134,37795,11,0
740090,45492,1,0
740090,26706,2,1
740090,36766,3,1
740090,10341,4,1
740090,20463,5,1
740090,10402,6,0
741119,27979,1,1
741119,8044,2,1
741119,49683,3,1
741119,25704,4,1
741119,740,5,1
741119,29487,6,1
741119,32433,7,1
741119,28634,8,1
741119,41602,9,1
741119,21713,10,0
741119,47548,11,1
741119,23943,12,0
741119,18423,13,0
741119,8204,14,0
741119,10151,15,1
741119,17460,16,0
741119,18489,17,0
741119,23544,18,0
741119,8193,19,0
741145,27845,1,1
741145,18992,2,0
741145,31513,3,1
741145,15613,4,0
741145,36953,5,1
741145,47766,6,1
741145,49175,7,1
741145,7021,8,1
741145,26369,9,1
741145,39475,10,1
741145,18479,11,1
741145,22935,12,1
741145,30391,13,1
741145,21267,14,1
741145,25005,15,0
741145,3142,16,0
741145,34126,17,0
741145,46802,18,0
741952,33294,1,1
741952,39001,2,1
741952,22591,3,0
741952,3115,4,1
741952,35168,5,1
741952,6291,6,1
741952,28576,7,1
741952,13176,8,1
741952,27104,9,1
741952,27156,10,0
741952,6000,11,1
741952,4920,12,1
741952,12932,13,1
741952,33733,14,1
741952,42265,15,1
741952,18441,16,1
741952,42701,17,1
741952,27295,18,1
741952,8518,19,1
741952,24964,20,1
741952,46979,21,1
741952,46667,22,1
741952,34126,23,1
741952,22474,24,0
741952,14660,25,0
741952,34451,26,0
741952,36070,27,0
741952,45007,28,1
741952,41220,29,1
741952,15123,30,1
741952,17628,31,1
741952,9839,32,1
741952,30016,33,0
741952,27573,34,0
741952,47783,35,1
741952,10017,36,0
741952,19508,37,1
741952,33236,38,0
741952,39094,39,0
741952,16896,40,0
741952,13045,41,0
741952,18288,42,0
741952,31717,43,1
743179,38768,1,0
743179,21573,2,0
743179,15772,3,0
743179,4920,4,0
744154,11712,1,0
744154,33731,2,0
744154,5456,3,0
744154,11005,4,0
744154,27344,5,0
744154,25138,6,0
744154,11140,7,0
746374,24838,1,1
746374,3988,2,1
746374,44632,3,1
746374,35221,4,1
746374,21137,5,1
746374,1463,6,0
746374,42445,7,0
746374,30119,8,0
746374,10436,9,0
746374,5161,10,0
747426,17373,1,1
747426,34448,2,1
747426,18370,3,1
747426,16611,4,1
747426,37552,5,1
747426,29363,6,1
748182,42728,1,1
748182,19348,2,0
748182,13627,3,1
748182,12397,4,1
748182,24727,5,1
748716,22967,1,0
748716,7912,2,0
748716,27156,3,0
748716,21938,4,0
748716,10749,5,0
748716,2295,6,0
748716,27521,7,0
748716,18689,8,0
748716,13563,9,0
748716,10447,10,0
748716,18479,11,0
748716,890,12,0
748716,45788,13,0
748716,31040,14,0
748716,19508,15,0
748716,23695,16,0
748716,13851,17,0
748716,47042,18,0
748716,42389,19,0
748716,48109,20,0
748716,40789,21,0
748716,19660,22,0
748716,13176,23,0
748716,35951,24,0
748716,24009,25,0
750732,24160,1,0
750732,1117,2,0
750732,23734,3,1
750732,15290,4,1
750732,2295,5,1
750732,7018,6,0
750732,45007,7,0
751284,19887,1,1
751284,31506,2,0
751284,25659,3,0
751284,14715,4,1
753027,47766,1,1
753027,21019,2,1
753027,13675,3,1
753027,37646,4,1
753027,47626,5,1
753027,1890,6,1
753027,22395,7,1
753027,34658,8,1
753027,42265,9,0
753027,39928,10,1
756223,19660,1,1
756223,34969,2,1
756223,34126,3,1
756223,24852,4,1
756223,1940,5,1
756223,47626,6,1
756223,8012,7,1
756223,46979,8,1
756223,13198,9,1
756223,8138,10,1
756223,27695,11,1
756223,9128,12,1
756223,21872,13,1
756223,41844,14,1
756223,12276,15,1
756223,21137,16,1
756223,13431,17,1
756223,9382,18,0
756236,26604,1,1
756236,22035,2,1
756236,23029,3,1
756236,22963,4,1
756236,30489,5,1
756236,27845,6,1
756236,15649,7,1
756236,35547,8,1
756236,21137,9,1
756236,27966,10,1
756236,8277,11,1
756236,19057,12,1
756236,37646,13,1
756236,47766,14,1
756236,43768,15,1
756236,10369,16,1
756236,16254,17,1
756236,48595,18,1
756236,18531,19,1
756236,38293,20,1
756236,27156,21,0
756236,42768,22,0
756236,26576,23,1
756236,23734,24,1
756236,1540,25,0
756236,40031,26,1
756236,44449,27,0
756236,41920,28,0
756236,33043,29,1
756236,42265,30,1
756236,22935,31,1
756236,40604,32,0
756236,47734,33,0
756236,44632,34,1
756236,35221,35,1
756236,3016,36,1
758621,16387,1,1
758621,27729,2,1
758621,33370,3,1
758621,24852,4,1
758621,21903,5,1
758621,17795,6,1
758621,27104,7,1
758621,16797,8,1
758621,28289,9,1
758621,18594,10,1
758621,26553,11,0
758621,14332,12,0
758621,19449,13,1
758621,30154,14,0
760011,19730,1,0
760011,46107,2,1
760011,49174,3,0
760011,39180,4,1
760011,21137,5,0
760011,41787,6,1
760563,14947,1,1
760563,26505,2,1
760563,12545,3,1
760563,42460,4,1
760563,2229,5,1
760563,48004,6,1
760563,45603,7,1
760563,6867,8,1
760563,11568,9,1
760563,49112,10,1
760563,3992,11,1
760563,16757,12,0
764381,26032,1,1
764381,46667,2,0
764381,30878,3,0
764381,18670,4,1
765490,7419,1,0
765490,14870,2,1
765490,17352,3,1
765490,42001,4,1
765490,26369,5,1
765490,44752,6,1
765490,25885,7,1
765490,14161,8,0
765736,18465,1,1
765736,45210,2,0
765736,43295,3,1
765736,47209,4,1
765736,29084,5,1
766044,27511,1,1
766044,13176,2,1
766044,29447,3,1
766044,36606,4,1
766044,41950,5,1
766044,10798,6,0
766044,21405,7,0
766044,21903,8,1
766044,43635,9,1
766044,25477,10,1
766044,44142,11,0
766671,24852,1,1
766671,23082,2,1
766671,25495,3,1
766671,14992,4,1
766671,18631,5,1
766671,37066,6,1
766671,13869,7,1
766671,16754,8,1
766671,28199,9,1
766671,48205,10,1
766671,31981,11,1
766671,41565,12,1
766671,47414,13,1
766671,27307,14,0
766671,32331,15,1
766671,23909,16,0
766671,40648,17,0
766671,3389,18,0
766671,22395,19,0
768591,12668,1,0
768591,6291,2,0
768591,31564,3,1
768591,25783,4,0
768591,44056,5,0
768591,23241,6,0
768591,29466,7,0
769367,36186,1,0
771758,4605,1,1
771758,31343,2,1
774028,19057,1,1
774028,47209,2,1
774028,24852,3,1
774028,18441,4,0
774028,21137,5,0
774028,20754,6,0
774028,19677,7,1
774028,605,8,0
776147,24852,1,1
776147,36961,2,1
776147,26351,3,1
776147,8239,4,0
776147,28986,5,0
776147,15290,6,1
776147,16797,7,1
776147,30489,8,1
776147,43961,9,0
776147,30391,10,1
776147,47652,11,0
776147,47546,12,0
778635,19048,1,1
778635,47209,2,1
778635,13176,3,1
778635,30391,4,1
778635,48679,5,1
778635,35921,6,1
778635,47900,7,1
778635,48900,8,1
778635,42442,9,1
778635,24035,10,1
778635,9839,11,1
778635,10749,12,1
778635,41149,13,1
778635,21938,14,1
778635,34137,15,1
778635,41985,16,1
778635,29499,17,1
778635,27966,18,0
778635,19660,19,1
778635,44632,20,1
778635,18376,21,1
778635,31717,22,1
778635,47651,23,1
778635,5876,24,1
778635,18656,25,0
779397,43122,1,1
779397,20995,2,1
779397,24497,3,1
779397,45007,4,1
779397,37022,5,1
779397,11182,6,1
779397,48197,7,1
779397,3339,8,1
779397,30391,9,1
779397,24009,10,1
780344,27845,1,0
780344,39799,2,0
780344,27554,3,0
780344,40063,4,1
780344,47766,5,1
780344,16466,6,1
780344,31657,7,0
780344,27104,8,1
780344,21903,9,1
780344,44912,10,0
780344,46804,11,0
780344,27243,12,1
780344,5621,13,0
780344,22627,14,0
780344,12452,15,0
780586,27845,1,1
780586,36550,2,1
780586,21323,3,1
780586,37349,4,1
780586,9047,5,1
780586,12882,6,0
780586,12456,7,0
780586,42397,8,0
780586,30559,9,0
780586,47668,10,1
780586,41950,11,1
782284,13249,1,1
782284,47209,2,1
782284,20345,3,1
782284,30391,4,1
782284,27966,5,1
782284,19057,6,1
782284,32578,7,1
782284,19048,8,1
782284,13310,9,1
782284,47626,10,1
782284,26209,11,1
782284,41220,12,1
782284,20114,13,1
782284,35738,14,1
782284,13176,15,1
782284,8174,16,1
782284,24561,17,1
782284,22935,18,1
782284,43875,19,0
782284,14211,20,0
782284,34134,21,0
782284,31955,22,0
782284,46676,23,1
783339,4889,1,0
783339,8475,2,0
783339,17769,3,0
783339,18049,4,1
783339,47877,5,0
783339,12779,6,1
783339,27092,7,0
783339,43219,8,0
783339,5032,9,0
783339,13144,10,0
783339,31102,11,0
783339,27937,12,1
783339,17794,13,1
783339,5818,14,0
783339,46979,15,0
783339,41273,16,0
785371,5428,1,0
785371,4920,2,0
785371,33120,3,1
785371,781,4,0
785371,8592,5,1
785371,19660,6,0
785371,37317,7,0
785371,18362,8,0
785371,43060,9,0
785371,8277,10,0
785371,15532,11,0
785371,36735,12,0
785371,26384,13,0
785371,9124,14,1
785371,19125,15,0
786267,6347,1,1
786267,3957,2,1
786267,26105,3,1
786267,21783,4,1
786267,46820,5,1
786267,11123,6,0
786267,5918,7,1
786267,8580,8,0
786267,42803,9,1
786267,5015,10,1
786267,47873,11,1
786267,5428,12,0
786267,15649,13,1
786267,8410,14,1
786267,20835,15,0
786267,47652,16,1
786267,28278,17,0
786267,21626,18,0
786341,28985,1,1
786341,12409,2,1
786341,32557,3,0
786341,45007,4,0
786341,24184,5,1
786341,21903,6,0
788152,24852,1,1
788152,12792,2,1
788152,34004,3,1
788152,43295,4,1
788152,17828,5,1
788152,39647,6,1
788152,3868,7,0
788152,952,8,0
788152,14126,9,0
788152,45679,10,0
788152,40332,11,0
788152,14897,12,0
788152,21293,13,0
789825,19239,1,1
789825,42106,2,1
789825,25824,3,1
794197,20919,1,0
794197,32955,2,0
794197,21709,3,1
794197,432,4,1
794197,3856,5,1
794197,47626,6,1
794197,3179,7,0
794197,22263,8,0
794197,32538,9,1
794197,45061,10,0
794197,48377,11,0
794197,7644,12,1
794197,2512,13,0
794197,37948,14,0
794197,10673,15,0
794197,22367,16,1
794197,18670,17,0
794197,47006,18,1
794197,45194,19,0
794356,8567,1,0
794356,49395,2,0
794356,1299,3,0
794356,36434,4,1
794356,260,5,0
794356,35956,6,1
794356,25670,7,1
794356,28527,8,1
794356,44807,9,1
794356,42672,10,1
794356,15034,11,1
794356,32650,12,0
794356,34969,13,1
794356,39032,14,0
794356,13237,15,0
794356,10909,16,0
795291,24838,1,1
795291,46676,2,1
795291,16987,3,1
795291,30450,4,1
795291,24852,5,1
795291,11777,6,1
795291,5450,7,1
795291,22825,8,1
798058,47926,1,1
799213,39409,1,0
799213,11520,2,1
799213,47526,3,0
799213,31162,4,0
799213,44987,5,0
799213,45572,6,0
799213,7179,7,0
799213,7500,8,0
799213,11182,9,1
799213,20995,10,0
800424,13176,1,1
800424,30391,2,1
800424,21903,3,1
800424,5876,4,1
800424,37646,5,1
800424,39337,6,1
800424,21125,7,0
800424,5120,8,0
800424,47546,9,0
800424,33873,10,0
800424,33575,11,0
800424,37220,12,0
800424,8859,13,0
800424,28785,14,1
800424,5643,15,0
800424,48925,16,0
800424,8103,17,0
800424,37053,18,0
800424,44359,19,1
801533,13176,1,1
801533,37417,2,1
801533,18626,3,1
801533,32864,4,0
801533,39275,5,0
801533,4799,6,0
801533,36070,7,0
801533,48679,8,0
801533,41531,9,0
801533,47766,10,1
801533,11619,11,0
801533,46906,12,1
802983,45190,1,1
802983,26209,2,0
808557,13497,1,0
808557,48364,2,0
808557,35704,3,0
808557,34969,4,0
808557,44142,5,0
808557,25407,6,0
808557,18557,7,0
808557,25623,8,0
808557,6873,9,0
808647,24838,1,0
808647,47144,2,0
808647,27730,3,0
808647,29577,4,0
808647,1263,5,0
808647,16185,6,1
808647,43867,7,0
808647,21333,8,0
808647,36186,9,0
808647,22619,10,0
808647,19468,11,0
808647,34092,12,0
808647,40158,13,0
808647,47479,14,0
808647,25048,15,0
808647,45954,16,0
808647,39108,17,0
808647,47280,18,0
808647,21511,19,0
808647,33984,20,0
808647,40350,21,0
808647,29405,22,0
808647,37654,23,0
808647,196,24,0
808647,44234,25,0
808647,37940,26,0
808647,9810,27,0
808647,13203,28,0
808647,34222,29,0
808647,38200,30,0
808647,27963,31,0
808647,26040,32,0
808647,14875,33,0
808647,25191,34,0
813117,5479,1,1
813117,13031,2,0
813117,26298,3,0
813117,28934,4,1
813117,18389,5,1
813117,24009,6,1
813117,35167,7,0
813117,28883,8,0
813117,6873,9,0
813117,43262,10,0
813117,24852,11,1
813117,16290,12,0
813117,35383,13,1
813117,31343,14,0
813117,9436,15,0
815849,16883,1,0
815849,35217,2,0
815849,45965,3,1
815849,49533,4,0
815849,22027,5,0
815849,28785,6,1
815849,13712,7,0
815849,19693,8,0
815963,40278,1,1
815997,36192,1,0
815997,13176,2,0
815997,4920,3,0
815997,46720,4,0
815997,46349,5,0
815997,21267,6,0
815997,25890,7,1
815997,24489,8,0
815997,23236,9,0
815997,1340,10,0
815997,38051,11,0
815997,46860,12,0
815997,2545,13,0
815997,967,14,0
815997,32960,15,0
815997,6432,16,0
815997,7067,17,0
815997,45050,18,0
815997,48246,19,0
815997,7677,20,0
815997,19240,21,0
815997,46802,22,0
817311,19678,1,0
817311,22935,2,0
817311,29079,3,0
817311,24964,4,1
817311,13198,5,0
817311,11408,6,0
817311,18880,7,0
817311,27845,8,1
817311,14678,9,0
817311,16185,10,0
817311,8518,11,0
817311,20734,12,0
817311,10110,13,0
817311,36070,14,0
817311,47626,15,0
817311,46720,16,0
817311,19048,17,0
817311,46667,18,0
817311,48104,19,0
817311,24852,20,1
817311,38164,21,0
817311,37107,22,0
818852,13179,1,1
818852,23909,2,1
818852,48776,3,1
818852,40882,4,1
818852,39276,5,1
818852,36981,6,1
818852,7033,7,1
818852,9829,8,1
818852,16696,9,1
818852,33168,10,1
818852,49576,11,1
818852,663,12,1
818852,28916,13,1
818852,20570,14,1
818852,19389,15,1
818852,35199,16,1
818852,34537,17,1
818852,26882,18,0
818852,33228,19,0
818852,196,20,0
818852,15383,21,0
818852,18102,22,0
818852,8488,23,0
818852,17307,24,0
818852,7005,25,1
818852,8831,26,0
818852,30696,27,0
818852,10333,28,0
818852,4338,29,1
818852,27080,30,0
818852,39185,31,1
818852,6448,32,0
818852,46598,33,0
818852,6274,34,1
818852,41377,35,0
818852,27528,36,1
818852,47226,37,1
818852,23067,38,1
818852,40348,39,1
818852,1313,40,0
818852,10710,41,0
818852,42664,42,0
818852,20137,43,0
818852,17008,44,1
818852,5315,45,0
819949,11097,1,0
819949,13822,2,0
819949,27676,3,0
819949,27336,4,0
819949,29744,5,0
819949,26209,6,1
819949,26889,7,1
819949,3880,8,1
819949,28842,9,1
819949,47626,10,1
819949,46025,11,0
819949,44142,12,1
819949,39812,13,1
820073,36011,1,0
820073,30305,2,1
820073,6615,3,1
821562,47209,1,0
821562,30422,2,0
821562,32303,3,0
821562,5101,4,0
821562,17862,5,0
821562,43352,6,1
821562,9076,7,0
822959,18198,1,1
822959,19488,2,1
822959,11662,3,0
822959,28990,4,1
822959,31717,5,0
822959,6000,6,0
822959,31228,7,0
823658,26604,1,1
823658,24964,2,1
823658,48775,3,1
823658,48745,4,1
823658,47209,5,1
823658,21903,6,1
824711,32734,1,1
824711,5383,2,1
824711,1240,3,1
824711,9178,4,1
824711,37442,5,0
824711,25533,6,1
824711,37107,7,0
824711,13924,8,0
824711,8424,9,1
824711,46979,10,0
824711,34002,11,1
824711,31805,12,1
824711,17862,13,0
824711,29439,14,1
824711,45007,15,1
824711,44661,16,1
824711,47209,17,1
824711,19125,18,0
824711,34969,19,1
824711,37192,20,1
824711,5621,21,0
824711,29158,22,1
825424,22025,1,1
825424,12745,2,1
825424,10768,3,1
825424,33845,4,1
825424,42460,5,1
825424,33508,6,1
825424,18362,7,1
825424,31228,8,1
825424,5251,9,0
825424,18027,10,0
825424,35168,11,1
825424,35914,12,1
825424,38881,13,1
825424,26209,14,1
825424,29487,15,1
825424,3265,16,0
827510,49683,1,1
827510,13292,2,1
827510,24363,3,1
827510,11140,4,0
827510,21872,5,0
827510,36698,6,1
827510,38809,7,1
827510,44471,8,0
827510,45007,9,1
827510,27685,10,1
833015,18465,1,1
833015,21903,2,1
833015,48679,3,1
833015,21841,4,1
833015,2002,5,1
833015,49683,6,1
833804,32478,1,1
833804,12427,2,1
833866,11757,1,1
833866,37374,2,1
833866,45007,3,1
833866,8193,4,1
833866,24852,5,1
833866,34779,6,1
833866,46979,7,1
833866,20015,8,1
833866,43768,9,1
833866,49683,10,1
833866,8518,11,1
833866,41549,12,1
833866,10749,13,1
833866,5575,14,1
833866,26620,15,1
833866,12421,16,1
833866,31257,17,1
833866,28849,18,1
833866,33731,19,1
833866,19821,20,1
833866,8021,21,1
833866,11777,22,1
833866,32864,23,0
833866,26604,24,0
833866,42803,25,0
833866,28836,26,0
833866,13852,27,0
833866,19174,28,0
833866,48821,29,0
833866,22526,30,0
833866,3627,31,1
833866,23130,32,0
833866,38383,33,0
833866,19966,34,0
833866,25787,35,0
833866,14462,36,1
833866,41999,37,0
837185,3464,1,1
837185,16797,2,1
837185,13198,3,0
837185,47766,4,1
837185,5024,5,0
837185,28849,6,0
837185,45066,7,0
837185,11068,8,1
837185,1559,9,1
837185,18926,10,1
838389,47209,1,0
838389,39984,2,1
838389,37766,3,1
838389,49683,4,0
838389,22935,5,0
838389,42002,6,0
838389,10807,7,1
838923,25272,1,1
838923,2545,2,0
838923,47209,3,1
838923,12456,4,1
838923,17726,5,0
838923,48450,6,1
838923,37067,7,1
838923,3849,8,1
838923,18963,9,0
838923,29669,10,0
838923,6341,11,1
838923,46979,12,1
839371,2763,1,1
839371,15290,2,0
839371,40749,3,1
839512,37919,1,1
840669,20955,1,0
840669,22362,2,0
840669,30827,3,1
840669,21195,4,0
843864,33120,1,1
843864,5450,2,1
843864,19660,3,1
843864,14332,4,0
843864,11520,5,0
843864,24838,6,1
843864,24852,7,1
843864,21616,8,1
843864,15411,9,0
845243,16275,1,1
845243,11463,2,1
845243,26083,3,1
845243,23909,4,1
846022,39877,1,1
846022,22935,2,1
846022,14133,3,1
846022,49075,4,1
846022,39972,5,1
846022,18382,6,1
846022,18434,7,0
846022,46979,8,1
846022,27093,9,0
846022,4193,10,1
846022,24115,11,0
846022,22594,12,0
849212,13500,1,1
849212,10070,2,1
849212,27086,3,1
849212,24852,4,1
849212,33037,5,1
849212,16262,6,1
849212,42944,7,1
849212,20842,8,0
849212,28204,9,1
849212,33055,10,1
849212,9387,11,1
849212,11712,12,1
849212,26604,13,1
849212,48946,14,1
849212,26620,15,0
849212,44632,16,1
849212,35221,17,1
849212,47626,18,1
849212,28745,19,1
849534,34466,1,0
849534,5818,2,1
849534,38739,3,0
849534,47766,4,1
849534,8424,5,0
849534,45007,6,0
849534,40706,7,0
849534,43352,8,0
849534,30450,9,0
849534,24852,10,1
849534,18272,11,0
849534,35842,12,1
849534,9913,13,1
849534,26790,14,1
849534,16560,15,0
849534,5491,16,0
849534,39977,17,0
849534,30192,18,0
849534,22035,19,0
849686,4210,1,1
849686,11520,2,0
849686,2078,3,1
849686,9076,4,0
849686,2966,5,0
849686,44116,6,0
849686,49381,7,0
852456,35369,1,0
852456,38164,2,0
852456,37197,3,1
852456,30059,4,0
852456,3162,5,0
852456,785,6,0
852456,48821,7,0
852456,22828,8,0
852456,36029,9,0
856908,39485,1,0
856908,13237,2,1
856908,42073,3,1
856908,48742,4,1
856908,15664,5,1
856908,22890,6,0
856908,6074,7,1
856908,29487,8,1
856908,44570,9,0
856908,15100,10,1
856908,26384,11,1
856908,48825,12,1
856908,19691,13,1
856908,1396,14,0
856908,41372,15,0
856908,49424,16,1
856908,46738,17,0
856908,32433,18,0
856908,49427,19,0
856908,34049,20,0
856908,21524,21,1
856908,34590,22,1
856908,41245,23,0
856908,19836,24,1
857255,20082,1,1
857255,40256,2,0
857255,12419,3,0
857255,24964,4,1
857255,40289,5,1
857255,19875,6,1
857255,17568,7,1
857255,9808,8,1
857255,42701,9,1
857255,8424,10,0
857255,17794,11,1
857255,10017,12,1
857255,41658,13,1
857255,31444,14,1
857255,47621,15,1
857255,46107,16,1
857255,19678,17,1
857255,48679,18,1
857255,24009,19,1
857255,45066,20,1
857255,22935,21,0
858137,5450,1,0
858137,38768,2,1
858137,22667,3,0
858137,26283,4,0
858137,4461,5,0
858137,36274,6,0
858137,43154,7,0
858421,41131,1,1
858421,43892,2,1
858421,16139,3,0
858421,17859,4,0
858421,4995,5,0
858539,24838,1,0
858539,27086,2,0
858539,11712,3,1
859235,9597,1,1
859235,45613,2,0
859235,49518,3,0
859235,16797,4,1
860014,9076,1,0
860014,22922,2,0
860014,40604,3,0
860014,13877,4,0
860014,43644,5,0
860014,7948,6,0
860014,16127,7,0
860014,47766,8,1
860014,23236,9,0
860014,40706,10,0
860014,46676,11,0
860014,47626,12,0
860014,40417,13,0
861198,11422,1,1
861198,6873,2,1
861198,24184,3,1
861198,41290,4,1
861198,2962,5,1
861198,48775,6,1
861198,12700,7,1
861198,27750,8,1
861198,48086,9,1
861198,17419,10,1
861198,21137,11,1
861198,36216,12,1
861198,14467,13,1
861198,651,14,0
861198,4605,15,0
861198,44359,16,0
861198,41950,17,0
861198,4367,18,0
861198,40593,19,0
861198,3869,20,0
861198,32717,21,0
861198,16145,22,0
861198,4329,23,0
862656,36735,1,1
862656,47626,2,1
862656,48745,3,1
862656,41935,4,1
862656,40350,5,1
862656,45007,6,1
862656,36076,7,0
862656,5105,8,1
862656,19006,9,0
862656,32734,10,0
862656,23760,11,1
862656,35921,12,1
862656,28931,13,0
863139,8277,1,1
863139,5450,2,1
863139,41787,3,1
863139,17794,4,1
863139,28985,5,1
863139,47734,6,1
863139,49383,7,1
863139,4605,8,0
863139,39558,9,1
863139,34608,10,1
863139,28156,11,1
863139,5785,12,1
863139,35108,13,1
863139,16185,14,1
863139,1879,15,1
863139,27227,16,1
863139,30210,17,1
863139,44075,18,1
863139,4931,19,0
863139,16913,20,0
863139,11385,21,0
863139,4462,22,0
863139,45747,23,0
863139,36144,24,0
863139,30440,25,1
863139,10246,26,1
863139,4461,27,0
863139,34126,28,1
863317,13176,1,1
863317,42719,2,1
863317,29127,3,1
863317,28985,4,1
863317,44910,5,0
863317,48007,6,0
863317,30450,7,0
863993,48679,1,1
863993,27663,2,1
863993,43352,3,1
863993,46676,4,1
863993,26209,5,1
863993,21903,6,1
863993,4799,7,1
863993,19625,8,1
863993,4451,9,0
863993,31618,10,0
863993,31717,11,0
863993,29669,12,1
863993,30122,13,0
863993,49680,14,0
863993,13853,15,0
863993,27521,16,0
863993,14633,17,0
863993,7412,18,0
863993,20246,19,0
864968,9251,1,0
864968,4584,2,0
864968,45986,3,0
864968,36086,4,0
864968,25952,5,0
864968,16419,6,0
864968,13966,7,0
866335,17902,1,1
866335,4724,2,1
866335,21903,3,1
866335,32689,4,1
866335,35951,5,1
866335,48193,6,1
866335,5068,7,1
866335,31805,8,0
866335,8571,9,1
866335,30720,10,0
866335,39922,11,0
866335,25878,12,0
866335,24135,13,0
866335,13424,14,1
866373,48395,1,1
866373,9387,2,1
866373,40332,3,1
866373,21293,4,1
866373,30479,5,1
866373,5818,6,1
866373,23360,7,1
866373,22952,8,1
866373,16953,9,1
866373,27790,10,1
866373,32573,11,1
866373,36618,12,1
870092,41596,1,1
870092,7131,2,1
870092,1957,3,0
870092,6758,4,1
870092,16797,5,1
871595,13176,1,1
871595,33198,2,1
871595,46979,3,1
871595,47766,4,0
871595,10749,5,0
871595,34243,6,0
871595,27336,7,0
871595,35510,8,0
871595,8518,9,0
871595,21137,10,1
871595,19057,11,1
871595,19706,12,0
871595,37646,13,0
871595,38541,14,0
871595,33754,15,1
871595,25138,16,0
871595,35469,17,1
871595,22842,18,1
871595,10369,19,1
871595,45693,20,0
871595,44349,21,0
871595,6972,22,0
871595,47034,23,0
871646,43409,1,1
873352,47008,1,1
873352,2470,2,0
873352,32782,3,0
873352,18370,4,0
873352,39619,5,0
873352,13176,6,1
873352,39275,7,0
873352,95,8,0
875628,19660,1,1
881202,36802,1,1
881202,5422,2,1
881202,14146,3,1
881202,46023,4,1
881202,37066,5,1
881202,6422,6,0
881202,42441,7,1
881202,5038,8,0
881202,45005,9,0
881202,13579,10,1
881202,28031,11,0
881202,43692,12,0
881202,5818,13,0
881202,34063,14,0
881202,14446,15,1
881202,23909,16,1
881202,15424,17,0
881484,24852,1,1
881484,9076,2,1
881484,26604,3,1
881484,27548,4,0
881484,19003,5,1
881484,44683,6,0
881484,23763,7,1
881484,39975,8,0
881484,13548,9,0
881484,36753,10,1
881484,27429,11,0
881484,6236,12,0
881484,35155,13,0
882986,8424,1,1
882986,47626,2,1
882986,8193,3,1
882986,15290,4,1
882986,2295,5,1
882986,27104,6,1
882986,12980,7,1
883307,45004,1,1
883307,10509,2,1
884584,781,1,1
884584,26384,2,1
884584,47209,3,1
884584,1463,4,1
884584,32689,5,1
884584,29898,6,1
884584,25199,7,1
884584,22963,8,1
884584,5646,9,1
884584,23029,10,1
884584,23622,11,1
884584,13829,12,1
884584,49236,13,0
884584,34050,14,0
884584,11090,15,0
884584,24954,16,0
886787,20244,1,0
886787,6366,2,1
886787,42240,3,0
886787,30778,4,1
886787,9107,5,1
887277,1398,1,0
894859,45123,1,0
894859,31015,2,1
894859,27156,3,1
894859,6948,4,0
894859,29447,5,1
894859,46095,6,0
894859,34584,7,1
894859,36011,8,0
894859,4848,9,1
894859,12007,10,0
894859,47500,11,0
894859,26604,12,0
894859,13176,13,1
894859,22825,14,1
894859,27336,15,1
894859,12341,16,0
894859,21903,17,1
894859,37646,18,0
894859,15758,19,0
897113,5258,1,1
897113,47402,2,1
897455,21295,1,1
897455,44882,2,0
897455,45007,3,1
897455,45066,4,1
897455,46906,5,1
897455,4920,6,1
897455,24852,7,1
897455,35233,8,0
897455,28553,9,0
897455,27695,10,1
897455,47734,11,1
898776,196,1,1
900550,32467,1,1
900550,24852,2,0
900550,43122,3,0
900550,25340,4,0
900550,34823,5,0
900550,35233,6,0
900550,38557,7,0
900550,13870,8,1
900550,35682,9,0
901955,24852,1,1
901955,19340,2,1
901955,17631,3,1
901955,37096,4,0
901955,30651,5,0
902055,47626,1,0
902055,28985,2,0
902055,39475,3,1
902055,39558,4,0
902055,18234,5,1
902055,48679,6,0
902055,4853,7,0
902055,27104,8,0
902055,31717,9,0
902055,8277,10,1
902055,22328,11,0
902794,46803,1,1
902794,9585,2,1
902794,31759,3,1
902794,13948,4,0
902794,8048,5,1
902794,30827,6,1
902794,6184,7,1
902794,39408,8,0
902794,13424,9,0
902794,32303,10,0
903188,26229,1,1
903188,32534,2,1
903188,1700,3,1
903188,18218,4,1
903188,25601,5,1
903188,37354,6,1
903188,2595,7,1
903188,21293,8,1
903188,39975,9,1
903188,28299,10,1
903188,25825,11,1
903188,25132,12,1
903188,9139,13,0
903188,15683,14,0
903188,16855,15,1
903188,45296,16,1
903188,38186,17,0
903385,21903,1,1
903385,42265,2,1
903385,5769,3,1
903385,14715,4,1
903385,20670,5,1
903385,33249,6,0
903385,128,7,0
903385,46473,8,0
903873,18908,1,1
903873,432,2,1
903873,24852,3,1
903873,14947,4,1
903873,2219,5,1
903873,44359,6,1
903873,17794,7,1
903873,31553,8,0
903873,22169,9,1
903873,13517,10,1
906646,24964,1,1
906646,29987,2,0
906646,26301,3,0
906646,48775,4,0
906646,45073,5,0
906646,46688,6,0
906646,29256,7,0
906646,41613,8,0
906646,34126,9,1
909310,47388,1,1
909310,27845,2,1
909310,21267,3,1
909310,41165,4,1
909310,47626,5,0
909310,45866,6,0
909310,5250,7,0
909310,39921,8,1
909310,26209,9,1
909310,18272,10,0
909310,35935,11,0
909310,44359,12,0
909310,15392,13,0
909310,14992,14,0
909310,26940,15,0
909310,15290,16,0
909310,2295,17,0
909310,21938,18,0
909998,27845,1,1
909998,40706,2,1
909998,12614,3,1
909998,27521,4,1
909998,24631,5,1
909998,17526,6,1
909998,16321,7,1
909998,38662,8,1
909998,24964,9,0
911616,22963,1,1
911616,11344,2,1
911616,37158,3,1
911616,1940,4,1
911616,2390,5,1
911616,3126,6,1
911616,43504,7,1
911616,27509,8,1
911616,14778,9,1
911616,40633,10,1
911616,12909,11,1
911616,13265,12,0
911616,38890,13,1
911616,25945,14,0
911616,30549,15,0
914336,3217,1,1
914336,22498,2,1
914336,20771,3,0
914387,28309,1,1
914387,8859,2,1
914387,32652,3,1
914387,21616,4,1
914387,33198,5,1
916187,35383,1,1
916187,7166,2,0
916187,45204,3,0
916187,6052,4,1
916187,41780,5,1
916187,31915,6,0
916187,30391,7,0
916187,23803,8,0
916187,31717,9,0
916187,43768,10,1
916187,10749,11,1
916187,18256,12,0
918042,33768,1,1
918320,40480,1,1
918320,10132,2,1
918320,7412,3,1
918320,19354,4,1
918320,38689,5,1
918320,47766,6,1
918320,24852,7,1
919796,6286,1,1
919796,1940,2,1
919796,28427,3,1
919796,260,4,1
919796,1181,5,1
919796,30391,6,1
919796,4086,7,1
919796,26604,8,1
919796,39408,9,1
919796,47144,10,1
919796,24852,11,1
919796,6473,12,1
920732,6664,1,0
920732,26373,2,1
920732,9340,3,0
920732,49144,4,1
920732,31610,5,1
920732,37611,6,1
920732,44536,7,0
920732,29309,8,1
920732,23644,9,1
920732,12993,10,0
923136,13176,1,1
923136,36036,2,1
923136,8277,3,1
923136,24954,4,1
923136,32655,5,1
923136,22124,6,1
923136,4957,7,1
923136,12341,8,1
923136,37317,9,1
923136,43101,10,0
923136,36640,11,0
923178,13259,1,1
923516,47854,1,1
923516,15404,2,0
923516,20674,3,0
923516,14913,4,0
923516,34305,5,0
923516,35027,6,1
924488,28836,1,0
924488,32492,2,0
924488,49266,3,0
924488,27509,4,0
924488,4210,5,0
926666,24852,1,1
926666,43999,2,0
926666,5011,3,0
926666,39812,4,0
926666,47626,5,1
926666,4605,6,1
926666,27189,7,0
926666,14536,8,1
926666,36854,9,0
926666,49098,10,1
926666,14927,11,0
926666,41746,12,1
933120,47626,1,1
933120,47766,2,1
933120,8518,3,1
933120,38593,4,1
933120,24852,5,1
933120,45066,6,1
933120,45,7,1
933120,48283,8,0
934420,22124,1,1
934420,18926,2,1
934420,22113,3,1
934420,27966,4,1
934420,27845,5,0
934420,24954,6,1
934420,19895,7,1
934420,10369,8,0
934420,23645,9,0
934420,18288,10,0
934420,20600,11,0
934420,42828,12,1
934420,21497,13,0
934420,38890,14,0
934420,37646,15,1
935223,21288,1,0
935223,21137,2,1
935223,24221,3,0
935746,21137,1,1
935746,47209,2,1
935746,38777,3,1
935746,24852,4,1
935746,35951,5,1
935746,35469,6,1
935746,31612,7,1
935746,22163,8,1
935746,17794,9,0
935746,38383,10,0
935746,25659,11,0
935746,5876,12,0
935746,38205,13,0
936192,6366,1,0
936192,5194,2,0
936192,13740,3,0
936192,32293,4,0
936980,32624,1,0
936980,42265,2,0
936980,24852,3,1
936980,46676,4,1
936980,28985,5,1
939435,24852,1,1
939435,39614,2,1
939435,28836,3,1
939435,432,4,1
939435,44156,5,1
939435,21293,6,1
939435,9387,7,1
939435,41290,8,1
939435,47626,9,1
939435,46522,10,1
939435,5101,11,1
939435,41220,12,1
939435,33629,13,0
939435,8460,14,0
939435,29521,15,0
939435,429,16,1
939435,30696,17,1
939435,5976,18,0
940369,43459,1,1
940369,9199,2,0
940369,31406,3,0
940369,7883,4,0
940369,26905,5,0
940369,25555,6,0
940992,12341,1,1
940992,39534,2,0
941431,46676,1,1
941431,14084,2,1
941431,27845,3,0
941431,33352,4,1
941431,24852,5,1
941431,6184,6,0
941431,23165,7,1
941431,12341,8,1
941431,5373,9,1
941431,12980,10,1
941431,39024,11,0
942379,7054,1,0
942379,47766,2,0
942379,41950,3,1
942379,34335,4,0
942379,3957,5,0
942379,25931,6,0
942591,38433,1,1
942591,30353,2,1
946643,27509,1,1
946643,27086,2,1
946643,13176,3,1
946643,47209,4,1
946643,46383,5,0
948695,23491,1,1
948695,39475,2,1
948695,30391,3,1
948695,42680,4,1
948695,17872,5,1
948695,1511,6,1
948695,23029,7,1
948695,2298,8,1
948695,13176,9,1
948695,36316,10,1
948695,4920,11,1
948695,18376,12,1
948695,42972,13,1
948695,43249,14,1
948695,9534,15,1
948695,2825,16,1
948695,21376,17,1
948695,33746,18,1
948695,42701,19,1
948695,21607,20,1
949412,43352,1,1
949412,27790,2,1
949412,31759,3,1
949412,7131,4,1
949412,14477,5,0
949412,9434,6,0
951270,3583,1,1
951270,20842,2,1
951270,11576,3,0
951270,29307,4,0
951270,30995,5,0
951326,46149,1,1
951326,12341,2,1
951326,22900,3,1
951326,130,4,1
951326,40199,5,0
951326,14715,6,1
951326,16797,7,1
951326,43352,8,1
951326,8048,9,0
951326,907,10,0
951326,12271,11,0
951710,35652,1,0
951710,6087,2,0
951710,196,3,1
954232,22308,1,0
954232,13829,2,0
954232,21227,3,1
954232,26351,4,1
954232,27966,5,1
954232,8174,6,0
954232,15902,7,1
954232,41665,8,1
954232,13176,9,1
954232,39877,10,1
954232,45356,11,0
954232,45679,12,0
954232,21841,13,0
954232,41349,14,0
954232,11224,15,0
958502,41950,1,1
958502,11777,2,1
958502,34608,3,1
958502,12419,4,1
958502,24024,5,1
958502,41787,6,1
958502,41213,7,1
958502,7806,8,1
958502,43621,9,1
958502,4097,10,1
958502,13176,11,1
958502,14127,12,1
958502,37646,13,1
958502,22281,14,1
960307,24852,1,1
960307,45123,2,1
960307,36011,3,1
960307,34969,4,1
961949,48205,1,0
961949,47626,2,1
961949,45258,3,0
961949,11361,4,0
961949,8075,5,0
961949,45037,6,0
961949,43565,7,1
961949,12260,8,0
961949,37311,9,0
961949,39275,10,0
961949,44924,11,0
963780,500,1,1
965534,26165,1,0
967035,5785,1,1
967035,23543,2,1
967035,28682,3,1
967035,2452,4,1
967035,10798,5,1
967035,27544,6,1
967035,3098,7,1
967035,41844,8,1
967035,31343,9,1
967035,8022,10,0
967447,44970,1,0
967447,34732,2,1
967447,24852,3,1
967447,47766,4,1
967447,27966,5,1
967447,42265,6,1
967447,18465,7,1
967447,29363,8,1
967447,3599,9,1
967447,16797,10,1
967447,3509,11,1
967447,30489,12,1
967447,8277,13,1
967447,1408,14,1
967447,43788,15,0
967447,46352,16,0
967447,49583,17,0
967447,5612,18,0
967447,10749,19,0
967447,46064,20,0
967447,25300,21,0
967447,21903,22,0
967447,15546,23,0
967447,25705,24,0
967631,13870,1,0
969819,26209,1,1
969819,4605,2,1
969819,45066,3,1
969819,30489,4,1
969819,1244,5,1
969819,31040,6,1
969819,22035,7,1
969819,10603,8,1
969819,28137,9,0
969819,25890,10,1
969819,28942,11,1
970191,13598,1,1
970191,13176,2,1
970191,45007,3,1
970191,25931,4,1
970191,27328,5,1
970191,24489,6,1
970191,17948,7,1
970191,25466,8,1
970191,8193,9,0
970191,40182,10,0
970191,21137,11,1
970191,432,12,1
970593,22028,1,1
970593,48199,2,0
970593,48142,3,1
976153,34368,1,0
977073,28745,1,1
977073,24852,2,1
977073,581,3,0
977073,43122,4,0
977073,17794,5,0
977073,22935,6,1
977073,49401,7,0
977073,44359,8,0
977073,23375,9,1
977073,35108,10,0
977073,19061,11,0
977073,29557,12,0
977073,32647,13,0
977073,30529,14,0
977073,5769,15,0
978475,47209,1,0
978475,22849,2,0
978475,16432,3,0
978475,13629,4,0
978475,21405,5,0
978475,45007,6,0
978475,24497,7,0
978475,18034,8,0
978475,33443,9,0
978475,5616,10,0
981705,13176,1,1
981705,27521,2,1
981705,42768,3,1
981705,21137,4,1
981705,26604,5,1
981705,260,6,0
981705,47626,7,0
981705,47209,8,1
981705,10017,9,1
981905,12087,1,0
981905,13173,2,0
981905,34269,3,0
981905,38177,4,0
981905,18027,5,0
981905,4374,6,1
983211,24852,1,0
983211,48628,2,0
983211,31433,3,0
985057,8693,1,0
985057,633,2,0
985057,35221,3,1
985057,21709,4,1
985057,44632,5,1
985057,29127,6,0
985057,35951,7,1
985057,27086,8,0
987393,18531,1,1
987393,18441,2,1
987393,18234,3,1
987393,2295,4,0
987393,15906,5,0
987713,49239,1,1
987713,42539,2,1
987713,1573,3,0
987713,9121,4,1
987713,27801,5,0
987846,15570,1,1
991725,24852,1,1
991725,2966,2,1
991725,17948,3,0
991725,1158,4,1
991725,47734,5,1
991725,47209,6,0
998080,43365,1,0
998080,48290,2,0
998080,33493,3,0
998080,46788,4,0
998080,29350,5,0
998080,27964,6,0
998080,30211,7,0
998080,15185,8,0
998368,34106,1,0
998896,37646,1,1
998896,18838,2,1
998896,27966,3,1
998896,19660,4,1
998896,43654,5,1
998896,18523,6,0
998896,20309,7,1
998896,47759,8,0
998896,41177,9,0
998896,23047,10,0
999352,24852,1,1
999352,4210,2,1
999352,9839,3,1
999352,45066,4,1
999352,17794,5,1
999352,34466,6,0
999352,40229,7,0
999352,45646,8,0
999352,46979,9,0
999352,31073,10,0
999352,17461,11,1
999352,2228,12,0
999352,33846,13,0
999352,21376,14,0
1003123,14018,1,0
1003123,29553,2,1
1003123,32784,3,1
1003123,6201,4,0
1003123,12044,5,1
1003123,8732,6,1
1003123,24780,7,1
1003123,19505,8,0
1003123,36498,9,0
1003123,34631,10,1
1003123,41277,11,1
1003123,49265,12,0
1003123,34703,13,0
1003123,44568,14,1
1003123,49507,15,0
1003123,37203,16,0
1004675,2456,1,0
1004675,47683,2,1
1004675,20590,3,0
1004675,16625,4,1
1004675,29228,5,1
1005754,45210,1,0
1005754,12914,2,1
1005754,22366,3,1
1005754,1940,4,0
1005754,17224,5,1
1005754,44514,6,1
1005754,38371,7,1
1005754,13603,8,1
1005754,38511,9,0
1005754,47000,10,0
1005754,6218,11,1
1005754,12817,12,0
1005994,2966,1,1
1005994,5091,2,1
1005994,15424,3,1
1005994,47990,4,1
1005994,30958,5,1
1005994,16696,6,1
1005994,43279,7,1
1005994,1521,8,1
1005994,1354,9,1
1005994,8873,10,1
1005994,33056,11,1
1005994,32602,12,1
1005994,43631,13,1
1007654,5077,1,0
1007654,21243,2,0
1007654,15925,3,0
1007654,2012,4,0
1007654,28449,5,0
1007654,22318,6,0
1007654,23915,7,0
1008856,41483,1,1
1008856,8571,2,0
1008856,10371,3,1
1008856,10473,4,1
1008856,13575,5,1
1008856,33783,6,1
1008856,39544,7,0
1008856,8803,8,1
1011677,41290,1,1
1011677,21384,2,1
1011677,30744,3,1
1011677,35956,4,1
1011677,10084,5,1
1011677,32472,6,1
1011677,32156,7,1
1011677,9080,8,1
1011677,1203,9,1
1011677,30480,10,1
1011677,14197,11,1
1011677,46415,12,1
1011677,37637,13,1
1011677,14817,14,1
1011677,30222,15,1
1011677,8193,16,0
1013872,33120,1,1
1013872,30518,2,1
1013872,36029,3,0
1013872,14471,4,1
1013872,10644,5,0
1014091,34969,1,1
1014091,5876,2,1
1014091,148,3,1
1014091,47672,4,1
1014147,31730,1,0
1014147,47029,2,0
1014147,24964,3,0
1014147,41844,4,0
1014147,15290,5,1
1014147,4945,6,1
1014147,44910,7,1
1014147,35004,8,1
1014147,19821,9,1
1014147,21137,10,1
1014147,7762,11,1
1014147,45007,12,1
1014147,17706,13,0
1014147,11123,14,0
1017330,9387,1,1
1017330,4210,2,1
1017330,31103,3,1
1017330,25570,4,1
1017330,13176,5,1
1017330,34305,6,1
1017330,23360,7,1
1017330,5210,8,1
1017330,40531,9,0
1017330,23236,10,0
1019208,41950,1,0
1019208,46979,2,1
1019208,34243,3,1
1019208,44683,4,1
1019208,27695,5,1
1019208,24852,6,1
1019208,5438,7,1
1019208,29650,8,1
1019208,18566,9,1
1020042,47877,1,1
1020042,43070,2,1
1020042,43409,3,1
1020042,20561,4,1
1020042,21824,5,1
1020042,18987,6,1
1020042,12332,7,1
1020042,13225,8,1
1020042,18432,9,1
1020042,30754,10,1
1020042,28061,11,1
1020042,28792,12,1
1020042,29849,13,1
1020042,42450,14,1
1020042,44315,15,1
1020042,46219,16,1
1020042,40261,17,1
1020042,19209,18,1
1020042,11679,19,0
1021697,33508,1,1
1021697,21333,2,1
1021697,14999,3,1
1021697,28427,4,1
1021697,34625,5,1
1021697,42356,6,1
1021697,18960,7,1
1021697,45005,8,1
1021697,10673,9,0
1022076,24852,1,1
1022076,47766,2,1
1022076,29487,3,1
1022076,20114,4,1
1022076,31717,5,1
1022076,32360,6,1
1022076,47626,7,1
1022076,12409,8,1
1022076,21137,9,0
1022076,25659,10,1
1022076,44303,11,0
1022076,21198,12,0
1022076,33873,13,0
1022076,39560,14,0
1022737,33852,1,1
1022737,19953,2,1
1022737,1327,3,1
1022737,29198,4,1
1022737,18049,5,1
1022737,8859,6,1
1022737,659,7,1
1022737,9170,8,0
1023464,48679,1,0
1023464,7821,2,0
1023464,44910,3,0
1023464,47209,4,0
1023631,47766,1,1
1023631,38248,2,1
1023631,37158,3,1
1023631,13249,4,1
1023631,34134,5,1
1023631,31504,6,1
1023631,19627,7,1
1023631,43875,8,1
1023631,22969,9,1
1023631,25371,10,1
1023631,6541,11,0
1023631,45045,12,0
1023631,35364,13,0
1023631,15091,14,0
1023631,32018,15,0
1024266,36019,1,0
1024266,34295,2,1
1024266,40986,3,1
1024266,4844,4,1
1024266,34458,5,1
1024266,10685,6,1
1024266,22238,7,0
1024266,31454,8,0
1024266,27104,9,1
1024266,49235,10,1
1024266,29103,11,0
1024266,46413,12,1
1024266,26728,13,0
1024266,30559,14,0
1024266,27554,15,0
1024266,36857,16,0
1024266,9703,17,0
1024515,13176,1,1
1024515,27966,2,1
1024515,3957,3,1
1024515,29820,4,1
1024515,18362,5,1
1024515,21137,6,1
1024515,41540,7,1
1024515,37646,8,1
1024515,6532,9,1
1024515,4656,10,1
1024515,46979,11,1
1024515,7707,12,1
1024515,7948,13,1
1024515,42828,14,0
1024515,8580,15,0
1024562,34688,1,1
1024562,36913,2,1
1024562,45311,3,0
1024562,36189,4,1
1024562,27423,5,1
1024562,46474,6,0
1024562,44146,7,1
1024562,32255,8,1
1024562,5450,9,1
1024562,19057,10,1
1024562,8712,11,1
1024562,44201,12,0
1024562,9058,13,1
1024562,49215,14,1
1024562,33642,15,0
1024562,5194,16,1
1024562,22825,17,1
1024562,23270,18,0
1024562,3599,19,1
1024562,15040,20,0
1024562,3740,21,0
1025007,1503,1,0
1025007,9390,2,1
1025007,581,3,0
1028441,31506,1,0
1028560,10137,1,0
1028560,30135,2,0
1028560,5684,3,0
1028560,42964,4,0
1028560,14168,5,0
1028560,15097,6,0
1028560,37238,7,0
1028560,21050,8,0
1028560,45436,9,0
1028560,2839,10,0
1028560,12385,11,0
1028560,36929,12,1
1028560,47614,13,0
1028560,24184,14,0
1028560,17795,15,0
1028560,37371,16,0
1028627,9092,1,1
1028627,45143,2,0
1028627,5025,3,0
1028627,10960,4,0
1028627,13837,5,0
1028627,27741,6,0
1028627,29898,7,0
1028627,44099,8,0
1029706,31041,1,1
1029706,6377,2,1
1029706,48205,3,0
1029706,28985,4,0
1029706,20114,5,1
1029706,37065,6,0
1029706,39993,7,0
1029706,28990,8,0
1029706,45149,9,0
1029706,46820,10,1
1029706,40063,11,0
1033970,13176,1,1
1033970,47209,2,1
1033970,21137,3,0
1033970,15886,4,0
1033970,32013,5,0
1033970,27966,6,0
1033970,27344,7,1
1033970,3957,8,0
1034226,196,1,1
1034226,48749,2,0
1034226,12341,3,1
1034778,35378,1,1
1034778,9901,2,1
1034778,19173,3,1
1034778,36943,4,0
1034778,20955,5,0
1034778,38070,6,0
1034778,31296,7,0
1037657,22035,1,0
1037657,33041,2,0
1037657,34126,3,1
1037657,17794,4,1
1038105,33768,1,1
1038105,5769,2,1
1043086,3664,1,1
1043086,43631,2,1
1043086,38444,3,1
1043086,28748,4,1
1043086,16696,5,1
1043086,36425,6,1
1043086,21694,7,1
1043086,41970,8,1
1043086,21131,9,1
1043086,40386,10,1
1043086,33065,11,1
1043086,8638,12,1
1043086,22166,13,1
1043086,38340,14,1
1043086,11331,15,0
1043086,2151,16,0
1043086,8195,17,0
1043463,26165,1,0
1043463,47759,2,0
1043463,24852,3,1
1043463,9076,4,1
1043463,10312,5,0
1043463,33846,6,0
1043463,4889,7,0
1043927,4006,1,1
1043927,2205,2,0
1043927,27521,3,1
1044744,25146,1,0
1044744,41584,2,0
1044744,5386,3,0
1044744,43427,4,1
1044744,31458,5,0
1044744,37402,6,0
1044744,39276,7,1
1044744,35622,8,1
1044744,546,9,1
1044744,5985,10,0
1044744,39247,11,1
1044744,49381,12,1
1044744,44514,13,1
1044744,1467,14,0
1044744,32242,15,1
1045234,36216,1,1
1045234,9138,2,1
1045234,18418,3,1
1045234,44292,4,1
1045234,3896,5,1
1045234,5025,6,1
1045234,5883,7,1
1045234,26209,8,1
1045234,2913,9,1
1045234,37971,10,1
1045234,26317,11,1
1045234,26497,12,1
1045234,40678,13,1
1045234,27323,14,1
1045234,31066,15,1
1045234,31562,16,1
1045234,41259,17,1
1045234,44628,18,1
1045234,48679,19,1
1046125,47144,1,1
1046125,5161,2,1
1046125,12606,3,1
1046125,30391,4,1
1046125,47209,5,0
1046125,34358,6,1
1046125,39475,7,1
1046125,15804,8,1
1046125,44501,9,0
1046125,4086,10,1
1046125,15162,11,0
1046125,1293,12,0
1046125,35263,13,0
1046125,7179,14,0
1046125,1244,15,0
1046125,21413,16,0
1046125,8193,17,1
1046125,48745,18,1
1046125,43768,19,0
1046125,45007,20,1
1046125,40706,21,0
1046125,5746,22,0
1046125,16759,23,1
1046125,32197,24,0
1046499,29071,1,1
1046499,14633,2,1
1046499,47766,3,1
1046499,24799,4,1
1046499,23099,5,1
1046499,37646,6,1
1046499,1203,7,1
1046499,42265,8,1
1046499,45105,9,1
1046499,28309,10,1
1046499,4634,11,1
1046499,36256,12,1
1046499,13629,13,1
1046499,26209,14,1
1046499,23803,15,1
1046499,39136,16,0
1046499,41750,17,1
1046499,42029,18,0
1046499,42205,19,1
1046499,38159,20,1
1046499,28204,21,0
1046702,12099,1,1
1046702,15740,2,0
1046702,10312,3,1
1046702,45116,4,0
1046702,25705,5,0
1046702,4562,6,0
1046702,29487,7,1
1046702,12276,8,1
1046702,45541,9,1
1046702,47993,10,0
1046702,8460,11,1
1046702,47479,12,0
1046702,31564,13,0
1046702,31506,14,1
1046974,8467,1,0
1046974,4097,2,1
1046974,35223,3,0
1046974,41290,4,0
1046974,6927,5,0
1047237,33651,1,1
1047237,9405,2,1
1047237,28688,3,1
1047237,21472,4,1
1047237,30183,5,1
1047237,32819,6,1
1047237,22218,7,1
1047237,21240,8,1
1047237,5128,9,1
1047237,40538,10,1
1047237,9088,11,0
1047237,30597,12,1
1047589,16290,1,1
1047589,3800,2,0
1047589,46654,3,1
1047589,44359,4,0
1047589,45066,5,0
1047589,17487,6,1
1047589,17334,7,1
1047589,30617,8,1
1047589,19660,9,0
1047589,8174,10,1
1047589,46802,11,1
1047589,32839,12,1
1047589,19898,13,1
1047589,23405,14,0
1047589,19678,15,0
1047589,13113,16,1
1047589,16185,17,0
1047589,49533,18,0
1048103,47209,1,0
1048103,26634,2,1
1048103,47630,3,0
1048103,40706,4,1
1048103,21137,5,1
1048103,8277,6,1
1048103,39275,7,1
1048103,14870,8,0
1048103,20995,9,1
1048103,46979,10,1
1048103,2750,11,0
1048103,25824,12,1
1048103,38293,13,1
1048103,8518,14,1
1048103,33352,15,1
1048103,4605,16,1
1048103,6046,17,0
1054984,4605,1,1
1054984,13780,2,0
1054984,24964,3,1
1054984,34126,4,1
1054984,21616,5,1
1054984,12732,6,1
1054984,39619,7,1
1054984,21295,8,1
1054984,16145,9,1
1054984,35973,10,1
1054984,31717,11,1
1054984,23787,12,0
1054984,20573,13,0
1054984,15937,14,1
1054984,49235,15,1
1054984,47766,16,1
1054984,27966,17,1
1056418,44501,1,0
1056418,44912,2,0
1056418,42294,3,1
1056418,13646,4,1
1056418,31663,5,1
1056418,27958,6,0
1056418,39877,7,1
1056418,40723,8,0
1056418,21903,9,1
1056575,32747,1,1
1056575,28427,2,1
1056575,30233,3,1
1056575,44919,4,1
1056575,19173,5,1
1056575,29345,6,1
1056575,27344,7,1
1056575,40592,8,1
1056575,13966,9,1
1056575,39275,10,0
1056575,17858,11,1
1056575,39032,12,1
1056575,7872,13,1
1056575,9340,14,1
1056575,35702,15,1
1056575,47626,16,1
1056575,47766,17,1
1056575,25931,18,1
1056575,44580,19,1
1056575,42356,20,1
1056575,13176,21,1
1056575,4796,22,0
1056575,12962,23,0
1056575,20344,24,1
1056575,33747,25,1
1056575,25393,26,1
1056575,8022,27,0
1056575,26476,28,0
1056575,47883,29,0
1056575,1222,30,0
1056575,7751,31,0
1056575,41385,32,0
1056575,6177,33,0
1056854,47766,1,1
1056854,15599,2,1
1056854,46979,3,1
1056854,23341,4,1
1056854,17545,5,1
1057908,43352,1,1
1057908,13176,2,0
1057908,16797,3,1
1057908,21769,4,1
1057908,20448,5,1
1057908,890,6,0
1057964,15872,1,0
1057964,14129,2,0
1057964,2581,3,0
1057964,605,4,0
1057964,44419,5,0
1060589,40261,1,0
1060589,2692,2,0
1060589,14165,3,0
1060589,16365,4,0
1060589,43474,5,0
1060589,48633,6,0
1060589,25191,7,0
1060589,42834,8,0
1062128,5785,1,1
1062128,6023,2,1
1062128,3959,3,1
1062128,38511,4,1
1062128,1006,5,0
1062128,19095,6,1
1062128,47397,7,1
1062128,1481,8,1
1062128,28450,9,1
1062128,28196,10,1
1062128,24852,11,0
1062128,6046,12,0
1062235,32230,1,1
1062235,15290,2,1
1062235,30720,3,1
1062235,12341,4,1
1062235,31506,5,1
1062235,45066,6,1
1062235,39275,7,1
1063340,13176,1,1
1063340,36764,2,1
1063340,260,3,1
1063340,35628,4,1
1063340,19261,5,1
1063340,21616,6,1
1063340,26915,7,1
1064358,21376,1,1
1064358,19660,2,1
1064358,42869,3,1
1064358,22713,4,1
1064358,42404,5,1
1065003,4724,1,1
1065003,33147,2,1
1065003,42265,3,1
1065003,17313,4,1
1065003,44683,5,1
1065003,36557,6,1
1065003,43352,7,0
1065003,31912,8,0
1065003,35951,9,0
1065003,37687,10,0
1065003,13424,11,0
1065003,30450,12,0
1065628,39983,1,1
1067812,5258,1,1
1068788,36011,1,1
1068788,22935,2,1
1068788,22035,3,1
1068788,10749,4,1
1068788,47766,5,1
1068788,895,6,1
1068788,24852,7,1
1068788,36287,8,1
1068788,21137,9,1
1068788,42356,10,0
1068788,20114,11,1
1068788,45819,12,0
1068788,40396,13,1
1068788,22142,14,1
1068788,38108,15,1
1068788,46654,16,1
1068788,29864,17,0
1068788,20460,18,0
1068788,44422,19,0
1068788,29694,20,0
1068788,41920,21,0
1068788,27156,22,0
1068788,28156,23,0
1068788,41665,24,0
1068788,22504,25,0
1068788,15902,26,1
1068788,20345,27,1
1068788,9741,28,0
1068788,24534,29,0
1068788,31869,30,0
1070657,13176,1,1
1070657,24024,2,1
1070657,8661,3,1
1070657,2272,4,1
1070657,30884,5,1
1070657,15872,6,1
1070657,6341,7,1
1070657,47209,8,1
1070657,42265,9,1
1070657,19057,10,1
1070657,34658,11,1
1070657,2450,12,0
1070657,35898,13,0
1070657,35939,14,0
1070657,10132,15,1
1070657,45646,16,0
1070657,5383,17,1
1070657,26324,18,0
1070701,16797,1,1
1070701,24852,2,1
1070701,47626,3,1
1070701,3661,4,1
1070701,20574,5,1
1070701,17461,6,0
1070701,47492,7,0
1070701,7054,8,0
1070701,32033,9,0
1070701,42265,10,0
1070701,30489,11,0
1070701,9405,12,1
1070701,45066,13,0
1070701,8424,14,0
1070701,30391,15,0
1070701,24830,16,0
1070701,13852,17,0
1070701,46526,18,0
1070701,42205,19,0
1071701,14579,1,1
1071701,13885,2,1
1071701,43961,3,1
1071701,39561,4,1
1071701,31469,5,1
1071701,15902,6,1
1071701,46584,7,1
1071701,17600,8,1
1071701,38456,9,1
1071701,41220,10,1
1071701,34969,11,1
1071701,44661,12,0
1071701,38689,13,1
1071701,47759,14,1
1071701,28378,15,1
1071701,20754,16,1
1071701,24184,17,1
1071701,2825,18,1
1071988,22802,1,1
1073094,2664,1,1
1073094,20082,2,1
1073094,30192,3,1
1073094,37003,4,1
1073094,49044,5,1
1073094,47900,6,1
1073094,20015,7,1
1073094,26165,8,1
1073094,13176,9,1
1073094,18656,10,1
1073094,5491,11,1
1073094,44471,12,1
1073094,24086,13,1
1073094,24231,14,1
1073094,17789,15,1
1073094,21739,16,1
1073094,40919,17,0
1073094,5383,18,0
1073094,20536,19,0
1074429,3381,1,0
1074429,975,2,0
1074429,25637,3,0
1074429,648,4,0
1074429,30188,5,0
1074429,11452,6,0
1074429,13087,7,0
1074429,8193,8,0
1074429,5025,9,0
1074429,13931,10,0
1074429,7930,11,0
1075844,16825,1,0
1075844,11845,2,0
1075844,33443,3,0
1075844,47509,4,0
1075844,39968,5,0
1075844,5876,6,0
1075844,41787,7,0
1075844,26209,8,0
1075844,27689,9,0
1075844,35405,10,0
1076421,43295,1,1
1076421,24852,2,1
1076421,28204,3,1
1076421,41787,4,1
1076421,10305,5,1
1076421,27020,6,0
1076456,9229,1,0
1076456,18565,2,0
1076456,9076,3,0
1076456,5450,4,0
1076456,1354,5,0
1076960,22227,1,1
1076960,38366,2,1
1076960,45007,3,1
1076960,47439,4,1
1081158,14632,1,1
1081158,5918,2,1
1081158,45154,3,1
1081158,42075,4,1
1081158,14719,5,1
1081158,8859,6,1
1081158,33198,7,1
1081158,30201,8,1
1081158,11256,9,1
1081200,13772,1,0
1081200,42606,2,0
1081200,4478,3,0
1081200,17429,4,1
1081200,13646,5,1
1081200,15482,6,1
1081200,10339,7,0
1081200,19370,8,0
1083487,26914,1,1
1083487,13512,2,0
1083487,24830,3,0
1083487,40821,4,0
1083487,14332,5,0
1083487,25890,6,1
1083629,13591,1,0
1083629,35652,2,1
1083872,31683,1,1
1083872,33827,2,1
1084767,46149,1,1
1084767,196,2,1
1084767,14233,3,1
1084767,33198,4,1
1085491,1599,1,0
1085491,4562,2,1
1085491,44796,3,1
1085491,33198,4,1
1085491,14536,5,1
1085491,40576,6,1
1085491,4461,7,0
1085491,34619,8,0
1085491,16568,9,0
1085491,43598,10,1
1085491,13176,11,1
1085491,43295,12,1
1085491,47780,13,1
1085491,9558,14,0
1085491,38739,15,1
1085920,5479,1,1
1085920,8025,2,1
1085920,9631,3,0
1086020,45645,1,1
1089131,35628,1,1
1089131,15794,2,1
1089131,24838,3,1
1089131,46252,4,1
1089131,2589,5,1
1089131,42701,6,1
1089131,47912,7,1
1089131,37022,8,1
1089131,46403,9,1
1089131,32655,10,1
1089131,12395,11,1
1089131,6532,12,1
1089131,29987,13,1
1089131,40078,14,1
1089131,23517,15,1
1089131,17123,16,1
1091899,759,1,1
1091899,32650,2,0
1091899,32784,3,0
1091899,28199,4,0
1091899,18534,5,0
1091899,9076,6,0
1091899,15324,7,0
1091899,25146,8,0
1093629,17122,1,1
1093629,1408,2,1
1093629,16797,3,1
1093629,49670,4,1
1093629,41565,5,1
1093629,26312,6,1
1093629,46656,7,1
1093629,45438,8,1
1093629,8506,9,1
1093629,31252,10,1
1093629,25691,11,1
1093629,17758,12,0
1093629,46584,13,0
1093629,28146,14,1
1093629,19604,15,0
1093629,43772,16,1
1093629,26040,17,0
1093629,36058,18,0
1093629,2901,19,1
1093629,54,20,1
1094741,24852,1,1
1094741,11712,2,1
1094741,45104,3,0
1094741,28204,4,1
1094741,21137,5,1
1094741,5161,6,1
1095175,19660,1,1
1095175,39657,2,1
1095175,26348,3,0
1097776,47008,1,0
1097776,3627,2,0
1097776,20995,3,0
1097776,23130,4,0
1097776,17731,5,0
1100684,25890,1,1
1100684,48364,2,0
1100684,18761,3,0
1100684,16797,4,1
1100684,38739,5,0
1101474,22825,1,1
1101474,21903,2,1
1101474,21137,3,1
1101474,45007,4,1
1101474,27247,5,1
1101474,1000,6,1
1101474,35535,7,1
1101474,14678,8,1
1101474,27104,9,1
1101474,20119,10,1
1101474,12395,11,0
1101474,44422,12,0
1101474,24964,13,1
1101474,5876,14,0
1101474,25659,15,1
1101474,7021,16,0
1101474,35696,17,0
1105886,5450,1,1
1105886,27325,2,1
1105886,19057,3,1
1105886,40386,4,1
1105886,31717,5,1
1105886,6873,6,1
1105886,32139,7,1
1105886,23094,8,1
1105886,10749,9,0
1105886,3957,10,1
1105886,44292,11,1
1105886,31562,12,1
1105886,38159,13,1
1105886,27156,14,0
1105886,15290,15,0
1105886,21938,16,0
1105886,28993,17,0
1105886,39190,18,0
1106937,3959,1,0
1106937,39032,2,1
1106937,4068,3,0
1107474,36707,1,0
1107474,5910,2,0
1107474,25704,3,1
1107474,29487,4,1
1107474,5991,5,0
1107474,8424,6,1
1107474,9098,7,0
1107474,31553,8,0
1107474,29334,9,0
1107474,47626,10,1
1107474,7969,11,1
1107474,4671,12,0
1107474,19848,13,0
1107474,32186,14,0
1107474,11422,15,0
1107474,41671,16,1
1107474,13679,17,0
1107474,54,18,1
1107474,2180,19,0
1107474,29553,20,0
1107474,49352,21,0
1107474,43174,22,0
1107474,46842,23,0
1107474,36086,24,0
1107474,17202,25,0
1107474,35339,26,0
1110624,21927,1,0
1110624,260,2,1
1110624,25005,3,0
1110624,42828,4,1
1110624,6348,5,0
1110624,5077,6,0
1110624,21543,7,1
1110624,13176,8,1
1110624,3376,9,0
1111978,22089,1,1
1111978,37646,2,1
1111978,48205,3,1
1111978,38230,4,0
1111978,25919,5,1
1113442,21903,1,0
1113442,32069,2,1
1113442,35363,3,0
1113442,47626,4,1
1113442,41950,5,0
1113442,8727,6,0
1113442,4274,7,1
1113442,12987,8,0
1113442,43343,9,1
1113442,12145,10,1
1114050,30597,1,1
1114050,10673,2,1
1114050,43822,3,0
1114050,40203,4,0
1114810,22888,1,1
1114810,10017,2,1
1114810,45167,3,1
1114810,17461,4,1
1116770,20344,1,0
1116770,44395,2,0
1116770,33452,3,0
1116770,49030,4,0
1116770,44027,5,0
1116954,24852,1,1
1116954,47766,2,1
1116954,19057,3,0
1116954,47823,4,1
1116954,22825,5,1
1116954,9534,6,1
1116954,49520,7,1
1116954,30776,8,1
1116954,44632,9,1
1116954,26346,10,1
1116954,26604,11,1
1116954,40724,12,0
1116954,21137,13,1
1116954,40706,14,1
1116954,30088,15,1
1116954,24184,16,1
1116954,42265,17,0
1116954,16589,18,0
1120198,9358,1,1
1122374,22935,1,0
1122374,42389,2,0
1122374,42193,3,0
1122374,8859,4,1
1122374,13176,5,1
1122374,12779,6,0
1122374,33352,7,1
1122374,37234,8,1
1122374,31066,9,0
1122374,10176,10,1
1122374,19611,11,0
1122374,13380,12,0
1123020,11462,1,0
1123020,39905,2,0
1123020,19421,3,0
1123020,8710,4,0
1123020,37141,5,0
1123020,40002,6,0
1124398,43352,1,0
1124503,26620,1,0
1124503,4288,2,0
1124503,28576,3,0
1124503,35451,4,0
1124503,36698,5,0
1124503,48559,6,0
1124503,30776,7,0
1125869,18465,1,1
1125869,31506,2,1
1125869,13212,3,1
1125869,47868,4,1
1125869,17461,5,1
1125869,24852,6,1
1125869,38289,7,1
1125869,38508,8,0
1125869,18656,9,0
1125869,21267,10,0
1127032,16953,1,1
1127390,24184,1,1
1127390,41950,2,1
1127390,17461,3,1
1127390,38275,4,1
1127390,4605,5,1
1127390,2537,6,1
1127390,30117,7,1
1127390,45485,8,0
1127390,41658,9,1
1128643,11520,1,1
1128643,4605,2,1
1128643,47766,3,1
1128643,34358,4,1
1128643,18531,5,1
1128643,34126,6,1
1128643,7515,7,1
1128643,6571,8,1
1128643,5818,9,1
1128643,31717,10,1
1128643,30406,11,1
1128643,47042,12,0
1128643,31553,13,0
1128643,40251,14,0
1128643,25705,15,1
1128643,30480,16,0
1128643,48745,17,0
1128643,45608,18,0
1128643,20034,19,0
1128643,6615,20,0
1128643,23165,21,1
1128643,45007,22,1
1128643,24838,23,1
1128643,11078,24,1
1128778,13852,1,1
1128778,22935,2,1
1128778,24838,3,1
1128778,47209,4,1
1128778,19019,5,0
1128778,5876,6,1
1128778,20608,7,1
1128778,15438,8,1
1128778,30169,9,0
1129423,20760,1,1
1129423,42469,2,0
1129423,35939,3,0
1129423,40706,4,0
1129423,34469,5,0
1129423,23537,6,0
1129423,47547,7,0
1129423,23909,8,0
1129423,28204,9,0
1129423,27772,10,1
1129423,47344,11,0
1130224,14218,1,1
1130224,27521,2,1
1130224,21077,3,0
1130224,25138,4,0
1130224,46650,5,0
1130224,21614,6,0
1130224,18656,7,0
1130224,21616,8,1
1130224,48364,9,0
1130224,21405,10,0
1130224,37065,11,0
1130224,41259,12,0
1130224,24933,13,0
1130224,23803,14,0
1130224,5450,15,0
1130224,37067,16,0
1130224,31553,17,0
1130224,43789,18,0
1130224,23265,19,0
1130224,14947,20,0
1130224,40992,21,0
1130224,42768,22,0
1130224,34427,23,0
1130224,21542,24,0
1130224,22142,25,0
1130224,27086,26,0
1130224,8138,27,0
1130224,39877,28,0
1130224,20580,29,0
1131668,42923,1,1
1131668,21903,2,0
1131668,45264,3,0
1131668,47209,4,1
1131668,16560,5,1
1131668,49583,6,1
1131668,32436,7,0
1131668,25332,8,1
1131668,34466,9,0
1131668,38256,10,0
1131668,26848,11,0
1131668,37892,12,1
1131668,34262,13,1
1131668,1942,14,0
1131668,47526,15,0
1135272,8281,1,0
1135272,17454,2,1
1135272,39275,3,1
1135272,24184,4,1
1135272,2295,5,0
1135272,44449,6,0
1135272,4605,7,1
1135272,37029,8,0
1136260,42701,1,1
1136260,37524,2,1
1136260,23622,3,1
1136260,38772,4,0
1136260,28928,5,0
1136260,18644,6,1
1136260,24852,7,0
1137212,16797,1,1
1137212,16283,2,1
1137212,10473,3,1
1137212,26759,4,1
1137212,32303,5,0
1137212,1,6,0
1137212,44683,7,0
1141807,1999,1,1
1141807,18479,2,0
1141807,27521,3,1
1141807,32655,4,1
1141807,18656,5,1
1141807,47626,6,0
1141807,5450,7,1
1141807,6046,8,1
1141807,3218,9,1
1141807,12099,10,0
1143213,21288,1,1
1144505,29987,1,1
1144505,5006,2,0
1144505,45204,3,0
1144505,24184,4,0
1144505,37892,5,0
1144505,5450,6,0
1144505,34969,7,1
1144505,38693,8,0
1145183,10912,1,1
1145183,8968,2,1
1145183,21903,3,1
1145183,22935,4,1
1145183,44359,5,1
1145183,30480,6,1
1145183,46667,7,1
1145183,28915,8,1
1145183,7737,9,1
1145183,18362,10,1
1145183,5212,11,1
1145183,17720,12,1
1145183,37766,13,1
1145183,13143,14,1
1145183,38656,15,1
1145183,23630,16,1
1145183,939,17,1
1145183,42110,18,1
1145183,11576,19,1
1145183,27959,20,0
1145183,26209,21,1
1145183,14183,22,1
1146378,1069,1,1
1146378,28634,2,1
1146378,37654,3,0
1146378,42460,4,0
1146378,34851,5,0
1146378,48527,6,1
1146378,17008,7,1
1146378,1940,8,1
1146378,19645,9,0
1146378,37250,10,0
1148983,24852,1,0
1148983,48186,2,1
1148983,38557,3,1
1148983,42360,4,1
1148983,43974,5,1
1148983,15557,6,1
1148983,2452,7,1
1148983,45179,8,1
1148983,7628,9,1
1148983,39408,10,0
1148983,47626,11,1
1148983,14994,12,0
1148983,22890,13,1
1148983,21083,14,0
1148983,9776,15,1
1148983,16759,16,0
1148983,14168,17,0
1148983,44325,18,0
1149063,23081,1,1
1149063,36149,2,1
1149063,890,3,1
1149063,30122,4,1
1149063,42300,5,1
1149063,31997,6,0
1149063,5564,7,1
1150292,40411,1,0
1150292,7014,2,0
1150292,45066,3,1
1150292,21137,4,1
1150292,47626,5,1
1150292,20767,6,0
1150292,12341,7,1
1150292,38988,8,1
1152176,32684,1,1
1152176,25837,2,0
1152176,46886,3,0
1152176,12679,4,1
1152176,32109,5,0
1152176,23495,6,0
1152176,2663,7,0
1152176,41958,8,0
1152176,47962,9,1
1152176,5025,10,0
1152176,31553,11,0
1152176,49356,12,0
1152176,41743,13,0
1152176,27741,14,0
1152176,13988,15,0
1152176,3957,16,0
1152176,28696,17,0
1152176,29326,18,0
1152282,15120,1,0
1152282,30066,2,0
1152282,1923,3,0
1152282,21288,4,0
1152282,24852,5,0
1152948,36350,1,1
1152948,39276,2,1
1152948,23909,3,1
1152948,23753,4,1
1152948,31881,5,1
1152948,25237,6,1
1152948,47211,7,1
1152948,25952,8,1
1152948,35199,9,1
1152948,3031,10,1
1152948,35169,11,1
1152948,39512,12,0
1152948,19296,13,0
1152948,40073,14,1
1152948,41889,15,1
1152948,17323,16,1
1152948,419,17,0
1152948,30591,18,0
1152948,22530,19,0
1152948,12140,20,1
1152948,34483,21,1
1152948,41651,22,1
1152948,20955,23,0
1152948,25839,24,0
1152948,12481,25,0
1152948,35665,26,0
1152948,48823,27,1
1152948,45185,28,1
1152948,35727,29,1
1152948,27395,30,0
1152948,2668,31,0
1152948,27238,32,0
1152948,24427,33,1
1154586,4942,1,1
1154586,9076,2,1
1154586,20118,3,1
1154586,31444,4,1
1154586,31350,5,0
1154586,28476,6,0
1154586,46627,7,1
1154586,24830,8,0
1154586,5690,9,0
1154586,30117,10,0
1154822,11777,1,1
1154822,6873,2,0
1154822,47156,3,0
1154822,5390,4,0
1154822,26165,5,0
1154822,29506,6,0
1157801,37067,1,1
1157801,9076,2,1
1157801,28593,3,1
1157801,39160,4,1
1157801,39108,5,1
1157801,14947,6,1
1157801,38182,7,0
1157801,38093,8,0
1158736,24891,1,0
1158736,17506,2,0
1158736,6184,3,1
1161731,19660,1,1
1161731,27086,2,1
1161731,48595,3,1
1161731,2086,4,1
1161731,13176,5,1
1161731,44098,6,0
1161731,1508,7,0
1161731,20368,8,0
1161731,15672,9,0
1161731,29370,10,0
1161731,1376,11,0
1161731,31066,12,1
1162117,27730,1,1
1162117,35948,2,1
1162117,18523,3,0
1162117,47087,4,0
1162117,48726,5,0
1162117,2716,6,0
1162117,45613,7,0
1162117,12089,8,0
1162117,1824,9,0
1162117,4987,10,0
1162117,12023,11,0
1162820,24852,1,1
1162820,47209,2,1
1162820,1158,3,1
1162820,21295,4,1
1162820,432,5,1
1162820,21903,6,1
1162820,46979,7,1
1162820,30450,8,1
1162820,24964,9,1
1162820,26209,10,1
1162820,30442,11,0
1162820,26384,12,1
1162820,44142,13,0
1162820,11068,14,0
1162820,21616,15,0
1162820,42736,16,1
1162820,49533,17,0
1162820,48171,18,0
1162820,41950,19,1
1162820,47672,20,0
1162820,6046,21,1
1162820,16349,22,0
1162820,12206,23,1
1162820,9076,24,0
1163213,19057,1,1
1163213,42828,2,1
1163213,45906,3,1
1163213,2043,4,1
1163213,38274,5,1
1163213,45504,6,1
1163213,17600,7,1
1163213,26317,8,1
1163213,29594,9,0
1163213,16797,10,0
1163463,41588,1,1
1163463,42265,2,1
1163463,27344,3,1
1163463,5077,4,1
1163463,43129,5,0
1163463,4605,6,1
1163463,34358,7,1
1163463,22534,8,0
1163463,8424,9,1
1163463,12592,10,1
1163463,47766,11,1
1163463,13629,12,0
1163463,17355,13,0
1163463,34091,14,1
1163463,18696,15,0
1163463,28373,16,1
1163463,33527,17,1
1163463,21019,18,0
1163463,24492,19,1
1163463,39877,20,1
1163463,44275,21,1
1163710,10439,1,0
1163710,17867,2,0
1163710,38200,3,1
1163710,23909,4,1
1163710,32156,5,1
1163710,32465,6,1
1163710,38996,7,0
1163710,20995,8,0
1163710,3243,9,0
1163710,38218,10,0
1163710,47006,11,0
1164542,34497,1,1
1164542,5024,2,0
1164542,7746,3,0
1164542,8670,4,0
1164542,2228,5,0
1164542,26842,6,1
1164542,46979,7,1
1164542,33768,8,1
1164542,35939,9,1
1164542,44014,10,1
1164542,35734,11,0
1164542,29627,12,1
1164542,30776,13,1
1164542,39475,14,0
1164542,25890,15,1
1164542,38164,16,1
1164542,12033,17,1
1165475,13176,1,1
1165475,20955,2,1
1165567,17487,1,0
1165567,14875,2,1
1165567,27796,3,1
1165567,20478,4,0
1165567,32299,5,0
1166884,15680,1,1
1166884,7751,2,1
1168613,8114,1,0
1168613,32691,2,0
1169069,39475,1,0
1169069,40593,2,0
1169069,37033,3,0
1171001,14819,1,1
1171001,25705,2,0
1171001,41665,3,1
1171001,3376,4,0
1171001,33294,5,0
1171001,17791,6,0
1171001,8518,7,0
1171001,35939,8,0
1171001,44750,9,0
1171001,31717,10,1
1171001,15290,11,0
1171001,43768,12,0
1171001,21938,13,1
1171001,4605,14,1
1171001,4163,15,0
1171001,15602,16,0
1171001,41682,17,1
1171001,12576,18,1
1171001,39947,19,1
1171001,20754,20,1
1171001,44053,21,1
1171001,21766,22,1
1171001,15950,23,1
1171001,10172,24,1
1171001,43300,25,0
1171001,14874,26,1
1176450,48559,1,1
1176450,45603,2,0
1176450,20993,3,0
1176843,33147,1,1
1176843,39275,2,1
1176843,14419,3,1
1176843,30777,4,0
1176843,5408,5,0
1176843,25659,6,0
1177110,11140,1,1
1177110,28123,2,1
1177110,3640,3,0
1177110,1416,4,0
1177110,46575,5,0
1177110,43692,6,0
1177110,37765,7,0
1177110,30985,8,0
1177110,44201,9,0
1177110,35140,10,0
1177110,1203,11,0
1177110,19548,12,0
1177110,2825,13,0
1177110,35363,14,0
1178800,44156,1,1
1178800,27325,2,1
1178800,29922,3,0
1178800,20955,4,1
1182620,8781,1,1
1182620,28427,2,1
1182620,43772,3,1
1182620,20919,4,1
1182620,7815,5,1
1182620,3928,6,1
1182620,26040,7,1
1182620,24852,8,1
1182620,2234,9,1
1182620,45013,10,1
1182620,17872,11,1
1182620,27307,12,1
1182620,1408,13,1
1182620,32303,14,1
1182620,35702,15,1
1182620,7631,16,1
1182620,35004,17,1
1182620,6568,18,0
1182620,26586,19,1
1182620,30759,20,0
1182620,47672,21,1
1183347,12721,1,1
1183347,46088,2,1
1183347,23909,3,1
1183347,10524,4,1
1183347,29509,5,1
1183347,4374,6,1
1183347,29198,7,1
1183347,18974,8,0
1183347,5025,9,0
1183347,24184,10,1
1183347,44580,11,0
1183347,5794,12,0
1183347,1437,13,1
1183347,13876,14,0
1183347,11615,15,0
1183347,36829,16,0
1183347,16020,17,0
1183347,26576,18,1
1183347,38340,19,0
1185358,23400,1,1
1185358,6141,2,1
1185358,47672,3,1
1185358,1752,4,1
1185601,46820,1,1
1185601,23265,2,1
1185601,32689,3,1
1185601,5991,4,1
1185601,21903,5,1
1185601,44359,6,1
1185601,23165,7,1
1185601,26604,8,1
1185601,13984,9,0
1185601,43789,10,1
1186009,47144,1,1
1186009,28553,2,1
1186009,49191,3,0
1186009,19584,4,0
1186009,25890,5,0
1186009,20622,6,0
1186009,1700,7,0
1186009,4138,8,0
1186009,3042,9,0
1186253,24852,1,1
1186253,46321,2,0
1186253,21777,3,1
1186253,19057,4,1
1186253,7280,5,1
1186253,5535,6,1
1186253,31701,7,1
1186253,5025,8,1
1186253,7898,9,0
1186253,45,10,1
1186253,7893,11,1
1187671,17032,1,1
1187671,9213,2,0
1187671,41149,3,0
1187671,24852,4,0
1187671,47209,5,0
1187671,9327,6,0
1187671,16715,7,1
1187671,40377,8,0
1187671,14880,9,0
1187671,23236,10,0
1187671,18234,11,0
1187671,10644,12,0
1187671,6332,13,0
1187863,27845,1,1
1187863,45269,2,1
1187863,47209,3,1
1187863,28946,4,1
1187863,9595,5,1
1187863,311,6,1
1187863,30385,7,0
1187863,19006,8,1
1187863,14778,9,1
1187863,30489,10,0
1187863,22963,11,1
1187863,10749,12,1
1187863,4605,13,0
1187863,24830,14,0
1187863,10246,15,0
1187863,26283,16,0
1187863,21137,17,0
1187863,42495,18,0
1187863,37400,19,0
1187863,41665,20,0
1187863,31342,21,0
1187863,45123,22,0
1187863,13380,23,1
1187863,13829,24,0
1187863,44560,25,0
1187863,32360,26,1
1187863,21376,27,1
1187863,47589,28,0
1187863,30382,29,0
1187863,18881,30,0
1187863,2540,31,0
1187863,48335,32,0
1189065,5025,1,0
1189065,22935,2,1
1189065,34358,3,0
1189065,46654,4,1
1189065,13768,5,1
1189203,10032,1,1
1189203,34024,2,0
1190355,37592,1,0
1190355,13889,2,0
1190355,32277,3,0
1190355,11447,4,0
1190355,31378,5,0
1190355,48270,6,0
1190355,45965,7,0
1190355,30620,8,0
1190355,32035,9,0
1190355,32732,10,0
1190355,25240,11,0
1191903,12149,1,0
1191903,45646,2,0
1191903,25266,3,0
1191903,5794,4,0
1192397,38656,1,1
1192397,6069,2,1
1192397,17224,3,1
1192397,47738,4,0
1192397,19691,5,0
1192397,9387,6,0
1192519,46676,1,1
1192519,21137,2,1
1192519,20995,3,0
1192519,41349,4,0
1192519,23765,5,0
1192519,47209,6,1
1194176,34969,1,1
1194176,18770,2,0
1194176,40763,3,0
1194176,40198,4,0
1194176,42741,5,0
1194176,45007,6,1
1194176,42803,7,1
1194176,11777,8,1
1194176,13560,9,1
1194176,25362,10,1
1194176,44019,11,1
1194176,15399,12,1
1194176,10017,13,1
1194176,21137,14,1
1194176,23650,15,1
1194176,30825,16,1
1194176,37733,17,0
1194176,43744,18,1
1194176,43889,19,1
1194176,31343,20,1
1194176,23079,21,0
1194176,9124,22,0
1194176,1787,23,0
1196014,39276,1,1
1196014,23909,2,1
1196014,5386,3,1
1196014,43352,4,1
1196014,39275,5,0
1196014,48527,6,1
1196014,17052,7,1
1196014,27450,8,1
1196014,5025,9,1
1196014,1938,10,1
1196014,43811,11,1
1196014,43269,12,1
1196014,39475,13,1
1196014,36956,14,1
1196014,10673,15,1
1196014,5077,16,1
1196014,8424,17,1
1196014,7992,18,1
1196014,27360,19,1
1196014,22395,20,1
1196014,35845,21,1
1196014,49381,22,1
1196014,9020,23,1
1196014,40332,24,1
1196014,48455,25,1
1196014,6781,26,1
1196014,28994,27,1
1196014,23236,28,1
1196014,5618,29,1
1196014,32572,30,1
1196014,1396,31,1
1196014,25804,32,0
1196014,16328,33,0
1196435,27344,1,1
1196435,24852,2,1
1196435,4942,3,1
1196435,2966,4,1
1196435,32691,5,1
1196435,27695,6,1
1196435,19057,7,1
1196435,32701,8,1
1196435,30776,9,1
1196435,39561,10,1
1196435,11352,11,1
1196435,27925,12,0
1196435,29370,13,1
1196435,39303,14,1
1196435,10199,15,1
1196435,38456,16,1
1196435,11437,17,1
1196435,39877,18,1
1196435,25824,19,0
1196435,32177,20,1
1196435,2431,21,0
1198079,25005,1,1
1198079,5825,2,0
1198079,36695,3,0
1198079,34126,4,0
1198079,32433,5,1
1198079,28985,6,1
1198079,5600,7,0
1198079,44414,8,0
1198865,42450,1,1
1198865,16185,2,0
1198865,37158,3,1
1198865,26177,4,1
1198865,23338,5,0
1198865,45066,6,1
1200760,20082,1,0
1200760,4006,2,1
1200760,32052,3,0
1200760,37646,4,0
1200760,13944,5,1
1200760,37766,6,1
1200760,29594,7,1
1200760,35518,8,1
1200760,44234,9,1
1200760,32429,10,1
1200760,2876,11,0
1200760,8555,12,0
1200760,2770,13,0
1200760,35171,14,1
1200832,24852,1,1
1200832,39924,2,1
1200832,18362,3,1
1200832,45066,4,1
1200832,41593,5,1
1200832,16874,6,1
1200832,44987,7,1
1200832,17666,8,1
1200832,32369,9,1
1200832,36036,10,0
1200832,20382,11,1
1200832,44533,12,0
1200832,33290,13,1
1200832,44375,14,0
1200832,46906,15,0
1200832,27544,16,0
1200832,23029,17,0
1201002,2120,1,1
1201002,22123,2,1
1201002,14947,3,1
1201002,2962,4,1
1201002,10957,5,1
1201002,28966,6,0
1201002,5460,7,0
1201002,27323,8,1
1201002,32211,9,1
1201002,30850,10,1
1201145,46226,1,1
1201145,2966,2,1
1201145,49235,3,1
1201145,10621,4,1
1201145,41890,5,1
1201145,41149,6,1
1201145,29439,7,1
1201145,48244,8,1
1201145,28535,9,1
1201145,26047,10,1
1201145,23622,11,0
1201507,29387,1,0
1202148,32156,1,1
1202148,28745,2,0
1202148,22142,3,0
1202148,23687,4,0
1202148,20919,5,0
1202148,17008,6,1
1202148,48746,7,0
1202506,4913,1,0
1202506,30720,2,1
1203357,14233,1,1
1203357,21137,2,1
1203357,27966,3,1
1203357,4821,4,1
1203357,35503,5,1
1203357,48835,6,1
1203357,48595,7,1
1203357,46313,8,1
1203357,43258,9,1
1207034,27770,1,1
1207034,48636,2,1
1207034,33793,3,1
1207034,40354,4,1
1207034,38158,5,1
1207034,40791,6,1
1207034,28379,7,1
1207034,6414,8,1
1207034,32888,9,1
1207034,35439,10,0
1210708,47626,1,1
1210708,49381,2,1
1210708,28990,3,0
1210708,43789,4,0
1210708,29487,5,1
1210708,42736,6,1
1210708,20114,7,0
1210708,18467,8,0
1210708,14715,9,1
1211980,10749,1,1
1211980,22935,2,1
1211980,31927,3,1
1211980,2611,4,1
1211980,32465,5,1
1211980,38596,6,0
1211980,25087,7,1
1211980,21903,8,1
1211980,25659,9,1
1211980,17299,10,0
1211980,12409,11,0
1211980,28842,12,1
1211980,5212,13,0
1212870,16797,1,0
1212870,260,2,0
1212870,49054,3,0
1212870,13255,4,1
1212870,17103,5,0
1212870,49286,6,0
1212870,38930,7,0
1212924,49226,1,0
1212924,8884,2,1
1212924,27388,3,1
1212924,30830,4,1
1212924,4920,5,1
1213088,24852,1,1
1213088,32271,2,0
1213088,46203,3,0
1213088,8149,4,0
1213088,39059,5,0
1213088,1185,6,0
1213088,2876,7,0
1213088,38433,8,0
1213088,7736,9,0
1213088,41385,10,0
1213088,35123,11,0
1213088,33747,12,0
1213088,18115,13,0
1215742,29487,1,0
1215742,20370,2,0
1215742,21687,3,0
1215742,35534,4,0
1215742,33614,5,0
1215742,11827,6,0
1215742,5025,7,0
1215742,4605,8,1
1215742,45258,9,0
1215742,13072,10,0
1216048,42445,1,1
1216048,41315,2,1
1216048,43961,3,0
1216048,19446,4,1
1216048,43858,5,0
1216048,35898,6,1
1216048,44632,7,1
1216048,21709,8,0
1216257,14233,1,1
1216257,33198,2,1
1216257,29926,3,1
1217502,21709,1,0
1217502,31766,2,1
1217502,38533,3,1
1217502,4066,4,0
1217502,12384,5,1
1217502,12276,6,1
1217502,17471,7,0
1218739,18689,1,0
1218739,691,2,1
1218739,18288,3,1
1218739,38256,4,0
1218739,44632,5,1
1218739,6046,6,1
1218739,36036,7,1
1218739,6348,8,1
1218739,13646,9,1
1218739,23634,10,1
1218739,432,11,1
1218739,49113,12,1
1218739,13819,13,1
1218739,19508,14,1
1219038,12341,1,1
1219038,7252,2,0
1221631,19057,1,1
1221631,10749,2,1
1221631,5876,3,1
1221631,13629,4,1
1221631,44359,5,0
1221631,21903,6,1
1221631,27521,7,1
1221631,7948,8,0
1221631,26032,9,1
1221631,23634,10,1
1221631,9265,11,0
1221631,49175,12,0
1221631,42768,13,1
1221631,38944,14,1
1221631,22736,15,1
1221631,25551,16,0
1221631,35946,17,0
1221788,95,1,0
1221788,41003,2,0
1221788,10749,3,1
1221788,22008,4,0
1221788,44449,5,1
1221788,24964,6,1
1221788,47845,7,1
1221788,44750,8,1
1221788,3376,9,1
1221788,29256,10,1
1221788,25659,11,1
1221788,16726,12,0
1221788,17284,13,0
1221788,44580,14,0
1221788,28278,15,0
1221788,26940,16,0
1221788,48825,17,1
1221788,16174,18,1
1221788,42768,19,1
1221788,15016,20,1
1221788,7806,21,1
1221788,28920,22,1
1221788,35951,23,1
1221788,47209,24,1
1221788,13176,25,1
1221788,5876,26,1
1221788,25872,27,1
1221788,44732,28,1
1221788,10172,29,1
1221788,49156,30,1
1221788,38650,31,1
1221788,9955,32,0
1221788,33089,33,1
1221788,48423,34,1
1221788,15803,35,1
1223618,24759,1,1
1223618,13245,2,0
1223618,14788,3,1
1226804,36011,1,1
1226804,11520,2,1
1226804,25466,3,1
1226804,15902,4,1
1226804,8025,5,1
1227296,5729,1,1
1227296,16848,2,1
1227296,11374,3,1
1227296,13409,4,1
1227296,12830,5,0
1227296,18657,6,0
1228041,17924,1,0
1228041,29363,2,0
1228041,38300,3,1
1229257,40706,1,1
1229257,18926,2,1
1229257,46654,3,1
1229257,26346,4,1
1229257,39928,5,1
1229257,42342,6,1
1229257,12872,7,1
1229257,39619,8,1
1229257,812,9,0
1229257,43961,10,1
1229257,39408,11,1
1229257,9071,12,1
1229912,12341,1,1
1229912,33055,2,0
1229912,13176,3,0
1229912,41503,4,0
1229912,39275,5,0
1229912,32864,6,0
1229912,44359,7,0
1229912,10749,8,0
1229912,43768,9,0
1229912,45007,10,0
1229912,46979,11,0
1229912,4562,12,0
1229912,1244,13,0
1229912,45453,14,0
1229912,48857,15,0
1229912,27065,16,0
1230019,25146,1,1
1230019,17341,2,1
1230019,5716,3,1
1230019,49027,4,1
1230019,15780,5,1
1230019,13197,6,0
1230019,5884,7,0
1230019,12427,8,1
1230019,17318,9,1
1230019,24425,10,1
1230019,17598,11,0
1230019,28299,12,0
1230019,2120,13,1
1230019,29509,14,1
1230019,29346,15,1
1230019,7363,16,1
1230019,47000,17,1
1233983,14372,1,1
1233983,22037,2,1
1233983,3601,3,0
1233983,41485,4,1
1233983,12953,5,1
1233983,25152,6,0
1233983,32650,7,1
1233983,41674,8,1
1233983,35761,9,1
1233983,5327,10,1
1233983,41555,11,1
1233983,36058,12,1
1233983,16965,13,0
1233983,27196,14,1
1233983,14109,15,0
1233983,2732,16,1
1233983,13187,17,1
1233983,10132,18,1
1233983,37645,19,1
1234237,21009,1,1
1234237,22115,2,1
1234237,2019,3,1
1234237,44,4,0
1234237,7346,5,1
1234615,17872,1,1
1234615,21137,2,0
1234615,24852,3,0
1234615,36550,4,1
1234615,26209,5,1
1234615,23233,6,1
1234615,11140,7,0
1234615,38693,8,0
1234615,8379,9,0
1234615,42828,10,0
1234615,31506,11,0
1234615,5031,12,0
1234615,23115,13,0
1234615,8021,14,0
1234615,12206,15,0
1234615,38159,16,0
1235670,32650,1,1
1235670,47877,2,1
1235670,45158,3,1
1235670,49120,4,1
1235670,34531,5,1
1235670,43523,6,1
1235670,41714,7,1
1235670,35303,8,1
1235670,25494,9,1
1235670,23913,10,1
1235670,24544,11,1
1235670,14519,12,1
1235670,27288,13,0
1235670,13255,14,1
1244392,29487,1,1
1244392,38739,2,1
1244392,35321,3,1
1244392,24852,4,1
1244392,31506,5,0
1244392,17948,6,0
1244392,7715,7,0
1244392,10315,8,0
1244392,43352,9,0
1244392,31915,10,0
1244392,7751,11,0
1244392,31066,12,0
1244392,47626,13,0
1244392,10603,14,1
1244392,38273,15,0
1247000,12341,1,1
1247000,43352,2,1
1247000,18023,3,1
1252307,12817,1,0
1252307,43263,2,1
1252307,2120,3,0
1252307,25919,4,0
1252307,43867,5,1
1252307,12914,6,0
1252307,31850,7,0
1256323,8903,1,0
1256323,6948,2,1
1256323,36397,3,1
1256323,4350,4,1
1256323,21607,5,1
1256323,43182,6,1
1256323,30450,7,1
1256323,34590,8,1
1256323,35469,9,1
1256323,29374,10,1
1256323,31997,11,1
1256323,3235,12,1
1256323,49191,13,1
1256323,37687,14,1
1256323,49683,15,1
1256323,26723,16,0
1256323,33279,17,0
1256323,23765,18,0
1256323,5077,19,0
1257335,45566,1,0
1257335,40925,2,0
1257335,22921,3,0
1257335,26698,4,1
1257335,11576,5,0
1257335,40261,6,0
1257335,14706,7,0
1257335,33129,8,0
1257335,10673,9,0
1257641,24852,1,1
1257641,49235,2,1
1257641,34448,3,1
1257641,20767,4,0
1257641,36865,5,1
1257641,28465,6,1
1257641,8309,7,1
1258077,40688,1,1
1258077,16281,2,1
1261277,43154,1,0
1261979,9434,1,0
1261979,20936,2,0
1261979,32689,3,0
1261979,39408,4,0
1261979,21288,5,0
1261979,8953,6,1
1261979,16797,7,0
1262484,33316,1,0
1262484,204,2,0
1262484,17747,3,0
1262484,18370,4,1
1262484,27845,5,1
1262484,47890,6,1
1262484,31066,7,0
1262484,39475,8,1
1262484,13176,9,1
1262484,40706,10,1
1262484,21616,11,0
1265642,45204,1,1
1265642,11777,2,1
1265642,48210,3,1
1265642,5450,4,1
1265642,49683,5,1
1265642,21137,6,1
1265642,39275,7,1
1265642,4605,8,1
1265642,13176,9,1
1265642,32478,10,1
1265642,14462,11,1
1265642,17872,12,1
1265642,8379,13,0
1265642,7388,14,0
1265642,8518,15,0
1265642,29439,16,0
1265642,44354,17,0
1265651,36649,1,1
1265651,41276,2,1
1265651,17469,3,1
1265651,46562,4,1
1265651,22802,5,1
1265651,22362,6,1
1265651,196,7,1
1265756,38768,1,1
1265831,38689,1,1
1265831,42265,2,1
1265831,24184,3,1
1265831,31040,4,1
1265831,25890,5,1
1265831,42736,6,1
1265831,27086,7,1
1265831,11182,8,0
1265831,43352,9,1
1265831,40706,10,0
1265831,37646,11,0
1265831,47766,12,0
1265831,32579,13,0
1265831,35217,14,0
1265831,28785,15,0
1265831,47626,16,0
1266529,48023,1,0
1266529,37257,2,1
1266529,47114,3,1
1266529,48182,4,0
1266529,40604,5,1
1266529,35547,6,1
1266529,5120,7,1
1266529,37067,8,1
1266529,14429,9,1
1266529,14486,10,1
1266529,47626,11,1
1266529,21903,12,0
1266529,39275,13,1
1266529,21616,14,0
1266529,34590,15,1
1267071,21386,1,1
1267071,25362,2,1
1267071,27730,3,1
1267071,36011,4,1
1267071,4957,5,1
1267071,33787,6,1
1267071,33754,7,1
1267071,11865,8,1
1267071,6750,9,1
1267071,24177,10,1
1267071,7398,11,1
1267071,12381,12,1
1267071,23148,13,1
1267071,47792,14,1
1267071,45747,15,1
1267071,39623,16,1
1267071,28715,17,1
1267071,6317,18,0
1267071,8479,19,0
1267071,36550,20,1
1267071,10132,21,0
1267071,22164,22,1
1267071,38164,23,1
1267286,12276,1,1
1267286,26283,2,1
1267286,21137,3,0
1268127,13176,1,1
1268127,48857,2,1
1268127,1511,3,1
1268127,27104,4,1
1268127,31553,5,1
1268127,31683,6,1
1268127,40706,7,1
1268807,27966,1,1
1268807,48600,2,1
1268807,40233,3,1
1268807,16896,4,0
1268807,43392,5,0
1268807,1925,6,0
1268807,4920,7,0
1268807,46667,8,1
1268807,3843,9,0
1268807,13176,10,1
1268807,43616,11,1
1268807,30391,12,1
1268807,42523,13,1
1268807,45013,14,1
1268807,45066,15,1
1268807,48109,16,1
1268807,17553,17,1
1268807,41618,18,1
1268807,22825,19,1
1268807,7412,20,1
1268807,4605,21,1
1268807,21616,22,1
1268807,20340,23,1
1268807,47890,24,1
1268807,24964,25,1
1268807,48679,26,1
1268807,24390,27,1
1268807,10199,28,1
1268807,47900,29,1
1268807,42536,30,1
1268807,5479,31,1
1268807,27104,32,1
1268807,33741,33,1
1268807,1440,34,1
1268807,38647,35,1
1268807,216,36,1
1268807,17454,37,1
1268807,37796,38,1
1268807,46899,39,1
1268807,12745,40,1
1268807,29127,41,0
1268807,18234,42,0
1268807,36939,43,0
1268807,47209,44,1
1268807,35163,45,1
1269682,24852,1,1
1269682,47766,2,1
1269682,6104,3,1
1269682,28934,4,1
1269682,31371,5,1
1269682,17459,6,1
1269682,29987,7,1
1269682,42585,8,1
1269682,30756,9,1
1269682,8087,10,1
1269682,22935,11,1
1269682,23734,12,1
1269682,7021,13,1
1269682,47310,14,1
1269682,2954,15,1
1269682,32139,16,0
1269682,3376,17,1
1269682,28849,18,1
1269682,18479,19,0
1269682,40604,20,0
1269682,23236,21,1
1269682,17794,22,1
1271354,24852,1,1
1271354,42445,2,1
1271354,28204,3,1
1271354,26209,4,0
1271354,46654,5,1
1271354,22825,6,1
1271354,5212,7,1
1271354,17183,8,1
1271354,4562,9,1
1271354,31717,10,1
1271354,20114,11,1
1271354,42265,12,1
1271354,12597,13,1
1271354,39332,14,1
1271354,34969,15,1
1271828,9421,1,1
1271828,13176,2,1
1271828,30776,3,1
1271828,14084,4,1
1271828,1998,5,1
1271828,13877,6,1
1271828,27966,7,1
1271828,47209,8,1
1273799,11520,1,1
1273799,4210,2,1
1273799,38383,3,1
1273799,22935,4,1
1273799,45,5,1
1273799,26209,6,1
1273799,27966,7,1
1273799,45007,8,1
1273799,15510,9,1
1273799,41220,10,1
1273799,26369,11,1
1273799,16759,12,1
1273799,38452,13,1
1273799,21137,14,1
1273799,24964,15,1
1273799,35213,16,1
1273799,10908,17,1
1273799,43789,18,1
1273799,46906,19,1
1273799,11182,20,1
1273799,27104,21,1
1273799,16797,22,1
1273799,2146,23,1
1273799,7217,24,1
1273799,44359,25,1
1273799,34939,26,1
1273799,33041,27,1
1273799,14780,28,1
1273799,23375,29,1
1273799,14143,30,1
1273799,49175,31,1
1273799,24489,32,0
1273799,38231,33,0
1273799,26604,34,0
1273799,9076,35,1
1273799,22922,36,0
1273799,7746,37,0
1273799,39626,38,0
1273799,8518,39,0
1273799,19457,40,0
1273799,27156,41,0
1273799,39812,42,1
1273799,39558,43,1
1273799,31717,44,1
1273799,21938,45,0
1273799,24184,46,1
1273889,514,1,0
1273889,15947,2,0
1273889,48068,3,1
1283170,36496,1,1
1283170,6508,2,1
1283170,44786,3,1
1283170,18599,4,0
1283170,47439,5,0
1283170,12276,6,0
1283170,25890,7,1
1283170,34034,8,1
1283170,32486,9,0
1283170,9038,10,0
1283170,23734,11,1
1283170,22089,12,0
1284596,20518,1,1
1284596,26914,2,1
1284596,30407,3,1
1284596,37710,4,1
1286384,28204,1,1
1286384,24184,2,1
1286384,18027,3,0
1286384,49098,4,1
1286384,38236,5,1
1286384,28842,6,1
1286384,47766,7,1
1286384,34861,8,0
1286384,29204,9,1
1286384,36259,10,0
1286384,24838,11,0
1286384,18394,12,1
1293350,41276,1,0
1294094,7469,1,1
1294094,34909,2,1
1294094,29447,3,1
1294094,27086,4,1
1294094,43568,5,1
1294094,28092,6,1
1294094,38558,7,1
1294094,1241,8,1
1294094,40967,9,1
1294786,10439,1,1
1294786,17315,2,1
1294786,49492,3,1
1294786,14564,4,1
1294786,30228,5,1
1294786,3495,6,1
1294786,16084,7,1
1294786,11935,8,1
1294786,26055,9,1
1294786,7202,10,1
1294842,32577,1,1
1294842,30960,2,1
1294842,24239,3,0
1294842,14096,4,0
1294842,3522,5,0
1294842,29037,6,0
1294842,46673,7,0
1294842,32939,8,0
1294842,48320,9,1
1294842,12209,10,1
1294842,6631,11,0
1294842,43903,12,1
1294842,30638,13,0
1294842,11308,14,0
1295315,7644,1,1
1295315,11422,2,0
1295315,27323,3,0
1295315,5097,4,0
1295315,19389,5,1
1295315,41534,6,1
1295315,663,7,0
1295315,432,8,0
1295315,24852,9,1
1295315,13733,10,0
1295315,39408,11,0
1295382,13176,1,1
1295382,4799,2,1
1295382,45007,3,0
1295382,39275,4,0
1295382,10798,5,0
1295382,37637,6,0
1296008,39275,1,1
1296008,10371,2,1
1296008,38768,3,1
1296008,29223,4,1
1296008,45260,5,0
1297796,48628,1,1
1298162,5097,1,1
1298162,15221,2,1
1298162,8884,3,0
1298162,2932,4,1
1298162,18610,5,0
1298162,196,6,1
1298162,21299,7,0
1298162,15954,8,0
1298162,31164,9,0
1298162,35727,10,0
1298162,43510,11,0
1298162,37940,12,0
1298162,29471,13,0
1298162,20955,14,1
1298162,6864,15,0
1298162,40281,16,0
1298635,26165,1,1
1298635,2361,2,1
1299122,5818,1,1
1299122,25588,2,1
1299122,10305,3,0
1299122,20734,4,0
1299122,44961,5,0
1299122,21267,6,1
1299751,17027,1,0
1299751,1700,2,1
1299751,7916,3,1
1302763,21405,1,0
1302763,34243,2,1
1302763,5451,3,1
1302763,5578,4,1
1302763,1529,5,1
1302763,15079,6,1
1302763,5973,7,1
1302763,18564,8,1
1302763,47209,9,0
1302763,28985,10,0
1302763,20114,11,1
1302763,48745,12,0
1302763,48775,13,0
1302763,49383,14,0
1302763,26800,15,0
1302763,21903,16,1
1302763,44661,17,0
1302763,35535,18,0
1302763,38419,19,0
1302763,22475,20,0
1302763,21183,21,0
1302763,38193,22,0
1302763,16837,23,0
1302763,33294,24,0
1302763,25533,25,0
1305774,46906,1,1
1305774,5212,2,1
1305774,21137,3,1
1305774,27355,4,1
1305774,46979,5,0
1305774,45007,6,1
1305774,23339,7,1
1308690,37158,1,1
1308690,30967,2,1
1308690,39928,3,1
1308690,37234,4,1
1308690,20163,5,0
1308690,5618,6,0
1308690,22935,7,1
1308690,39121,8,1
1308690,21938,9,1
1308690,27966,10,1
1308690,21653,11,0
1308690,25890,12,0
1308690,8442,13,0
1309715,23909,1,1
1309715,39276,2,1
1309715,42518,3,1
1309715,43183,4,0
1309715,48527,5,0
1309715,31960,6,0
1309715,6448,7,0
1309715,18285,8,0
1309715,29117,9,0
1309715,25191,10,1
1309715,5025,11,1
1309715,5985,12,1
1309715,28407,13,0
1309715,32519,14,1
1309715,47683,15,1
1309936,34229,1,0
1309936,18276,2,0
1309936,43168,3,0
1309936,23693,4,0
1309936,29487,5,1
1309936,13176,6,0
1309936,41787,7,0
1309936,27925,8,0
1309936,38909,9,0
1309936,49416,10,0
1309936,49325,11,0
1309936,47867,12,1
1309936,37722,13,0
1309936,4673,14,0
1309936,48841,15,0
1309936,41273,16,0
1309936,12901,17,0
1309936,37250,18,0
1309936,5603,19,0
1309936,33000,20,0
1309936,44580,21,0
1309936,45951,22,0
1310399,4429,1,1
1310425,8251,1,1
1310425,9047,2,1
1310425,26909,3,1
1310425,33198,4,0
1310425,4688,5,0
1310425,19125,6,0
1310633,24799,1,0
1310633,13176,2,1
1310633,46969,3,1
1310633,18027,4,1
1310633,23716,5,1
1310633,21070,6,1
1310633,43713,7,0
1310633,37220,8,1
1310633,10763,9,1
1310633,7781,10,1
1310633,36129,11,1
1310633,12456,12,1
1310633,21739,13,1
1310633,13212,14,1
1310633,445,15,0
1310633,11197,16,0
1310633,39384,17,0
1310633,27875,18,0
1310633,34281,19,1
1313404,44632,1,1
1313404,46906,2,1
1313404,26914,3,1
1313404,10106,4,0
1313404,29874,5,0
1313404,16291,6,1
1314895,18441,1,0
1314895,8518,2,1
1314895,31575,3,0
1315553,32989,1,1
1315553,25081,2,1
1315553,35484,3,0
1315553,47800,4,0
1315553,24852,5,0
1315553,35871,6,0
1315553,41375,7,1
1315553,37262,8,0
1317212,13176,1,1
1317212,29447,2,1
1317212,7398,3,1
1317212,44413,4,0
1317212,32306,5,0
1317212,13712,6,0
1317212,9934,7,0
1317212,25718,8,1
1317212,42450,9,0
1317212,15406,10,1
1317212,20022,11,0
1317212,4065,12,0
1317212,8021,13,0
1317212,11007,14,0
1317212,11824,15,0
1317212,41319,16,0
1317212,7955,17,0
1322960,38689,1,1
1322960,27845,2,0
1324599,34169,1,1
1324599,5912,2,0
1324599,23139,3,0
1324599,15579,4,0
1324599,28458,5,0
1324599,28431,6,0
1324599,40360,7,0
1324599,9499,8,0
1324599,46785,9,0
1324599,11534,10,0
1324599,49667,11,1
1324599,4920,12,0
1325080,5268,1,1
1325080,7274,2,1
1325080,46941,3,1
1325630,29199,1,0
1325630,38383,2,1
1325630,44359,3,0
1325630,40724,4,0
1325630,25475,5,0
1325630,35875,6,0
1325630,20063,7,0
1325816,33787,1,1
1325816,24852,2,0
1325816,27191,3,1
1325816,4656,4,1
1325816,18681,5,0
1325816,27796,6,1
1325816,14852,7,1
1325816,48634,8,0
1325816,47626,9,0
1325816,28204,10,0
1325816,47759,11,0
1325816,40332,12,0
1325816,40214,13,0
1325816,31196,14,0
1329397,21616,1,0
1329397,35108,2,1
1329397,45066,3,1
1329397,18337,4,0
1329397,47766,5,1
1329397,13176,6,1
1329397,27845,7,1
1329397,36082,8,1
1329397,11068,9,1
1329397,24838,10,1
1329397,13870,11,1
1329397,22025,12,1
1329397,33731,13,1
1329397,2966,14,1
1329397,44422,15,1
1329397,6361,16,0
1329397,22474,17,1
1329397,5134,18,1
1329397,43713,19,0
1329397,25659,20,1
1329397,4920,21,0
1331039,39977,1,1
1331039,34134,2,1
1331039,3020,3,1
1334939,22920,1,1
1334939,2327,2,0
1334939,30949,3,1
1334939,27179,4,1
1334939,17130,5,0
1334939,4713,6,0
1334939,7894,7,0
1334939,14913,8,0
1334939,11348,9,0
1334939,8193,10,0
1334939,35887,11,0
1334939,49683,12,1
1334939,23495,13,0
1334939,14197,14,0
1334939,46147,15,1
1334939,8590,16,0
1334939,45215,17,0
1334939,42431,18,0
1336051,25588,1,0
1336051,20345,2,0
1336051,2386,3,1
1336051,29442,4,1
1336051,24852,5,1
1337467,13176,1,1
1337467,35824,2,1
1337467,43295,3,1
1337467,39408,4,1
1337467,28647,5,1
1337467,6481,6,1
1337467,30827,7,1
1337467,16797,8,1
1337467,8424,9,1
1337467,11859,10,1
1337467,44398,11,1
1337467,8153,12,1
1337467,29223,13,1
1337467,25544,14,1
1337467,588,15,1
1337467,21938,16,1
1337467,32573,17,1
1337467,41351,18,1
1337467,49141,19,1
1337467,6383,20,1
1337467,5077,21,1
1337467,2295,22,1
1337467,13802,23,1
1337467,28199,24,1
1337467,47248,25,1
1337467,9076,26,1
1337467,260,27,1
1337467,8590,28,1
1337467,44384,29,1
1337467,16965,30,1
1337467,3298,31,0
1337467,11009,32,0
1337467,23313,33,0
1337467,34887,34,0
1337467,35147,35,0
1339128,47574,1,1
1339128,25550,2,1
1339128,21386,3,1
1339128,2565,4,1
1339128,7332,5,1
1339128,44925,6,0
1339128,40915,7,0
1339128,27686,8,0
1339328,23410,1,0
1339328,31150,2,1
1339332,11408,1,0
1339332,7567,2,0
1339332,1559,3,1
1339332,47087,4,1
1339332,46692,5,1
1339332,33909,6,1
1339332,12572,7,1
1339332,36316,8,1
1339332,24954,9,1
1339332,5782,10,1
1339332,3919,11,1
1339332,22015,12,1
1339332,20463,13,1
1341714,45303,1,1
1342132,24703,1,1
1342132,29529,2,0
1342132,16495,3,1
1342132,23560,4,0
1342132,19734,5,0
1342132,31067,6,0
1345833,32177,1,1
1345833,39877,2,1
1345833,41950,3,1
1345833,32791,4,0
1345833,20734,5,0
1345833,37141,6,0
1345833,47652,7,0
1345833,41774,8,1
1346398,31506,1,1
1346398,34137,2,0
1346398,38118,3,1
1348483,9387,1,1
1349797,23516,1,0
1349797,22234,2,0
1349797,36165,3,0
1349797,38827,4,0
1349797,33381,5,0
1349797,3219,6,1
1349797,35199,7,0
1349797,13113,8,0
1349797,30717,9,0
1349797,10234,10,0
1349797,9534,11,1
1349958,47209,1,1
1349958,13176,2,1
1349958,4920,3,0
1349958,15288,4,0
1349958,43295,5,1
1349958,28985,6,1
1349968,40494,1,1
1349968,38371,2,1
1349968,29628,3,0
1349968,27964,4,0
1349968,4081,5,0
1349968,47626,6,1
1349968,14381,7,1
1349968,5077,8,1
1349968,14858,9,1
1349968,26698,10,0
1349968,21019,11,1
1349968,31573,12,0
1349968,4137,13,1
1349968,45622,14,0
1349968,24852,15,1
1349968,4161,16,1
1349968,31268,17,0
1349968,39132,18,0
1349968,36618,19,0
1349968,27850,20,0
1349968,43352,21,0
1349968,21288,22,1
1349968,15097,23,0
1349968,5782,24,0
1349968,24097,25,0
1349968,20119,26,0
1349968,28691,27,0
1349968,38185,28,0
1349968,16464,29,0
1350246,46979,1,1
1350246,43283,2,1
1350246,41602,3,1
1350246,17044,4,1
1350246,40619,5,0
1350246,11121,6,1
1350246,27682,7,1
1350246,16953,8,1
1350246,33882,9,0
1350246,28990,10,1
1350246,7746,11,1
1350246,27540,12,1
1350246,28618,13,1
1351512,47626,1,1
1351512,35206,2,0
1351512,49235,3,1
1351512,2102,4,1
1353221,30233,1,1
1353221,32747,2,0
1353221,30727,3,0
1353221,5750,4,0
1353221,48137,5,0
1353221,18394,6,0
1353221,49235,7,1
1353683,41950,1,1
1353683,21390,2,1
1353683,34243,3,0
1353683,17944,4,1
1353683,12935,5,1
1353683,22512,6,0
1353683,5785,7,1
1353683,17487,8,1
1353683,2311,9,0
1353683,31717,10,0
1353683,24964,11,1
1353683,46667,12,1
1353683,6508,13,0
1353683,26209,14,0
1353684,21137,1,1
1353684,2825,2,1
1354025,35792,1,0
1354025,43122,2,0
1354025,8277,3,0
1354025,13176,4,1
1357645,48142,1,1
1357851,27227,1,1
1357851,44632,2,1
1357851,49191,3,1
1357851,35221,4,1
1357851,1000,5,1
1357851,34590,6,1
1357851,38164,7,1
1357851,19006,8,1
1357851,37496,9,0
1357851,40709,10,1
1357851,38508,11,1
1357851,7503,12,0
1357851,47156,13,0
1357851,49235,14,1
1357851,19348,15,1
1357851,42828,16,0
1357851,11005,17,0
1357851,25072,18,1
1357851,5194,19,0
1357851,18618,20,0
1357851,47271,21,1
1357851,12807,22,0
1357851,42183,23,0
1357851,13879,24,1
1357851,4656,25,0
1357851,43713,26,0
1357851,46906,27,1
1357851,27772,28,0
1357851,8324,29,0
1357851,46651,30,0
1357851,22035,31,1
1357851,27548,32,1
1357851,7131,33,1
1357851,47759,34,1
1359716,49128,1,0
1359716,17619,2,0
1359716,5390,3,0
1359716,29662,4,0
1359716,44359,5,1
1359716,16823,6,0
1359716,890,7,0
1359716,39040,8,0
1359716,14129,9,0
1359716,49401,10,0
1359716,27104,11,1
1359716,47734,12,0
1359716,22640,13,0
1360521,24964,1,1
1360521,12419,2,0
1360521,26497,3,0
1360521,13984,4,0
1360521,20754,5,0
1363381,28199,1,1
1363381,35968,2,1
1363381,26909,3,1
1363381,21053,4,1
1364261,42849,1,1
1364261,40772,2,1
1364261,23334,3,1
1364261,38890,4,1
1364261,1371,5,0
1364261,35274,6,1
1364261,10439,7,0
1364261,1497,8,0
1364261,44338,9,1
1364261,9106,10,1
1364261,37203,11,1
1364919,40310,1,0
1364919,49543,2,1
1364919,48527,3,1
1364919,38996,4,1
1364919,6846,5,0
1364919,41171,6,1
1364919,18987,7,0
1364919,9243,8,1
1364919,32826,9,0
1364919,3469,10,0
1364919,33044,11,0
1364919,5422,12,0
1364919,4960,13,0
1368272,8021,1,1
1368272,45965,2,0
1368272,21137,3,1
1368272,7411,4,0
1368272,16131,5,1
1368272,18382,6,1
1368272,30678,7,0
1368272,28597,8,1
1368272,8091,9,1
1368272,30471,10,1
1368272,46106,11,0
1368272,44910,12,1
1368403,27695,1,1
1368403,17706,2,1
1368403,23719,3,0
1368403,27966,4,1
1368403,48099,5,0
1368403,24852,6,1
1368403,32177,7,0
1368403,13740,8,0
1368403,16168,9,0
1369299,8092,1,1
1369299,28993,2,0
1369299,22170,3,1
1369299,28593,4,1
1369299,18465,5,1
1369299,43122,6,1
1369299,8277,7,1
1369299,26369,8,1
1369299,26209,9,1
1369299,24852,10,1
1369299,20118,11,0
1369299,24373,12,0
1369299,45066,13,1
1369299,39275,14,1
1369299,27966,15,0
1369299,26576,16,1
1369627,37886,1,0
1369627,23288,2,0
1369627,24954,3,0
1369627,27238,4,1
1369627,25495,5,1
1369627,10706,6,0
1369627,19356,7,1
1369627,14005,8,0
1369627,29487,9,1
1369627,23320,10,0
1369627,33557,11,1
1369627,6139,12,1
1369627,12429,13,0
1369627,47577,14,1
1369627,36310,15,0
1369627,6164,16,0
1369627,17449,17,0
1369627,1492,18,0
1369627,31981,19,0
1369627,4778,20,1
1369627,17040,21,0
1370341,47766,1,1
1370341,47626,2,1
1370341,8424,3,0
1370341,34243,4,0
1370341,41149,5,1
1370341,27104,6,1
1370341,36793,7,1
1371679,5471,1,0
1371679,18987,2,0
1371679,16797,3,1
1371679,43352,4,0
1371679,32429,5,0
1371679,47759,6,0
1371679,9076,7,1
1371679,26604,8,0
1371679,3891,9,0
1371679,23989,10,0
1371679,45835,11,0
1371679,21372,12,0
1371679,38365,13,0
1371679,25197,14,1
1371679,44560,15,1
1371679,17322,16,1
1371679,30307,17,0
1371679,36221,18,0
1372083,24852,1,1
1372083,6532,2,1
1372083,7781,3,1
1372083,10912,4,1
1372083,7175,5,1
1372083,41844,6,1
1372083,8467,7,1
1372083,21137,8,1
1372083,27845,9,1
1372107,20754,1,1
1372107,21903,2,1
1372107,4799,3,1
1372107,19691,4,0
1372107,4945,5,0
1372107,21137,6,0
1372107,28199,7,0
1372107,26209,8,1
1372107,31683,9,0
1372107,31130,10,0
1372107,47209,11,0
1372107,35108,12,1
1372167,18829,1,0
1372167,23916,2,0
1372167,22260,3,0
1372167,42768,4,0
1372167,5373,5,0
1372167,47626,6,1
1372167,24964,7,1
1372167,13984,8,0
1372167,29127,9,0
1372167,5025,10,0
1372167,26283,11,0
1372167,45007,12,0
1372167,28985,13,1
1372167,24852,14,1
1372167,41149,15,0
1372167,23405,16,0
1372167,23726,17,0
1372167,40025,18,0
1372167,30657,19,0
1372167,19106,20,0
1372167,22142,21,0
1372167,36554,22,0
1372167,17336,23,0
1374778,196,1,0
1374778,20285,2,1
1374778,7838,3,1
1374778,16797,4,0
1374778,21288,5,0
1374778,2295,6,0
1374778,21301,7,0
1374778,40285,8,1
1374778,49381,9,0
1374778,23634,10,1
1374778,23341,11,1
1374778,18105,12,1
1375655,24852,1,1
1375655,47766,2,1
1375655,45066,3,1
1375655,47630,4,1
1375655,48679,5,1
1375655,21903,6,1
1375655,35939,7,1
1375655,44514,8,1
1375655,21137,9,1
1375655,39275,10,1
1375655,28934,11,1
1375655,8424,12,1
1376927,30778,1,0
1376927,47792,2,1
1376927,47946,3,1
1376927,27966,4,1
1376927,45061,5,0
1376927,45290,6,0
1376927,47890,7,0
1376927,10490,8,0
1376927,44118,9,0
1376927,47357,10,1
1376927,7631,11,0
1380391,30274,1,1
1380391,11331,2,1
1380391,47141,3,1
1380391,46979,4,1
1380391,23296,5,0
1380391,44156,6,0
1380391,19389,7,0
1380391,42936,8,1
1380391,34243,9,1
1380391,18987,10,1
1380391,1726,11,0
1380391,31618,12,0
1380391,48206,13,0
1380391,33439,14,0
1380391,12276,15,0
1381031,35886,1,1
1381031,43154,2,1
1381732,30489,1,1
1381732,1158,2,1
1381732,17794,3,1
1381732,41220,4,1
1381732,43961,5,1
1381732,43154,6,1
1384640,30489,1,1
1384640,9020,2,1
1384640,890,3,1
1384640,7021,4,1
1384640,6104,5,0
1384640,24852,6,0
1384640,16521,7,0
1384640,19446,8,0
1384640,41950,9,1
1384640,47626,10,1
1384640,40356,11,1
1384640,13517,12,0
1384640,25659,13,1
1384640,4037,14,0
1384645,46047,1,0
1384645,11896,2,0
1384746,1379,1,1
1384746,6052,2,1
1384746,28835,3,1
1384746,41223,4,1
1384746,46656,5,1
1384746,30353,6,0
1384746,15412,7,0
1384746,49060,8,1
1384746,47570,9,1
1384746,46881,10,0
1384746,36316,11,0
1384746,11256,12,0
1384746,16953,13,1
1387350,13176,1,0
1387350,25194,2,1
1387350,43760,3,1
1387350,38231,4,1
1387350,38944,5,1
1387350,31342,6,1
1387350,34867,7,1
1387350,32959,8,1
1387350,25533,9,1
1387350,14074,10,1
1387350,18689,11,1
1387350,30814,12,1
1387831,30489,1,1
1387831,37158,2,1
1387831,17758,3,1
1387831,12276,4,1
1387831,33725,5,0
1387831,29262,6,1
1387831,36127,7,1
1387831,38374,8,1
1387831,26165,9,1
1387831,9018,10,1
1387831,35004,11,1
1387922,37947,1,0
1387922,12745,2,0
1387922,10768,3,0
1387922,13176,4,1
1387922,27959,5,1
1387922,39812,6,1
1387922,23622,7,1
1387922,39782,8,1
1387922,44750,9,1
1387922,39040,10,1
1387922,21616,11,1
1387922,21137,12,1
1387922,47209,13,1
1387922,21405,14,1
1387922,8518,15,1
1387922,37538,16,1
1387922,29926,17,0
1390524,42585,1,0
1390524,2450,2,1
1390524,45066,3,1
1390524,46979,4,1
1390524,33731,5,1
1390524,41165,6,1
1390524,16185,7,1
1390524,39561,8,1
1390524,31394,9,1
1390524,9808,10,1
1390524,29926,11,1
1390524,16083,12,1
1390524,31927,13,1
1390524,4799,14,1
1390524,21009,15,1
1390524,12614,16,1
1390524,48395,17,1
1390524,14992,18,1
1390524,41787,19,1
1390524,25020,20,1
1390524,24184,21,1
1390524,24852,22,1
1390524,47766,23,1
1390524,38689,24,1
1390524,10603,25,1
1390524,2452,26,1
1390524,27086,27,1
1390524,11067,28,1
1390524,14462,29,1
1390524,35108,30,1
1390524,42460,31,1
1390524,8424,32,1
1390524,8138,33,1
1390896,31374,1,0
1390896,15683,2,0
1390896,5077,3,0
1390896,49119,4,0
1390896,34124,5,0
1390896,644,6,0
1390896,22719,7,0
1390896,3631,8,0
1390896,46023,9,0
1390896,37066,10,0
1390896,27395,11,0
1390896,13997,12,0
1390896,24064,13,0
1390896,5456,14,0
1390896,17191,15,0
1390896,19984,16,0
1390896,32976,17,0
1390896,14381,18,0
1393302,34126,1,1
1393302,38693,2,0
1393302,14223,3,0
1393302,26369,4,0
1393302,25890,5,1
1393302,39040,6,1
1393302,49610,7,0
1393302,44471,8,0
1393302,8021,9,1
1393302,248,10,0
1393302,36651,11,0
1393302,20738,12,0
1393302,1360,13,0
1393302,1546,14,0
1393302,33754,15,0
1394331,21288,1,1
1394331,6184,2,1
1394331,35184,3,0
1394331,12640,4,0
1394331,10473,5,1
1394331,31985,6,0
1394918,23737,1,0
1394918,8968,2,1
1394918,47011,3,0
1394918,13031,4,1
1394918,5449,5,0
1394918,2180,6,0
1394918,26209,7,1
1394918,23233,8,0
1394918,23695,9,1
1394918,49086,10,1
1394918,39625,11,0
1394918,96,12,0
1395773,47626,1,0
1395773,21137,2,1
1395773,3952,3,1
1395773,39275,4,1
1395773,16797,5,1
1395773,46979,6,1
1395773,17794,7,1
1395773,34243,8,1
1395773,12699,9,1
1395773,42483,10,1
1395773,2568,11,0
1395773,17774,12,0
1395773,18880,13,0
1395773,13467,14,0
1395773,46416,15,0
1395773,19299,16,0
1395773,37892,17,1
1395773,26209,18,0
1395773,39247,19,0
1396334,10521,1,0
1396334,26587,2,0
1396334,3856,3,0
1396334,39400,4,0
1396334,12519,5,0
1396334,32741,6,0
1396334,43982,7,0
1396334,5041,8,0
1396334,241,9,0
1396334,47278,10,0
1396334,30992,11,0
1396334,17208,12,0
1396334,30556,13,0
1396334,46838,14,0
1396334,5580,15,0
1396334,12524,16,0
1396471,44359,1,0
1396471,27336,2,0
1396471,21616,3,0
1396471,7461,4,0
1396471,28849,5,0
1396471,15622,6,0
1396471,31717,7,0
1396471,44014,8,0
1396471,46667,9,0
1396471,15290,10,0
1396471,35939,11,0
1396471,9076,12,0
1396471,21137,13,0
1397693,29487,1,1
1397693,47141,2,1
1397693,6274,3,1
1397693,44267,4,1
1397693,28842,5,1
1397693,41577,6,1
1397693,5782,7,1
1397693,17795,8,1
1397693,47333,9,0
1397693,44368,10,1
1397693,20358,11,0
1397693,13929,12,1
1397693,32707,13,1
1397693,14659,14,1
1397693,28913,15,1
1397693,30021,16,0
1397693,29382,17,0
1397693,15386,18,0
1397693,26209,19,0
1397693,27179,20,0
1397693,6046,21,0
1397693,36086,22,1
1398035,3957,1,1
1398035,40541,2,1
1398035,30420,3,1
1398035,19057,4,1
1398035,17902,5,1
1398035,44628,6,1
1398035,4472,7,1
1398035,30635,8,0
1398035,21616,9,1
1398035,10749,10,0
1398035,21938,11,1
1398035,31717,12,1
1398035,30391,13,1
1398035,44359,14,1
1398035,14730,15,1
1398035,11755,16,0
1398035,9327,17,0
1398035,15560,18,0
1398035,25466,19,1
1398687,39186,1,1
1398687,44518,2,1
1398687,16262,3,1
1398687,24852,4,1
1398687,13263,5,0
1398687,28465,6,0
1398687,24799,7,1
1401350,24018,1,0
1401350,45950,2,0
1401350,37131,3,0
1401350,47766,4,1
1401350,44142,5,0
1401350,47626,6,0
1401350,16234,7,1
1401350,5262,8,0
1403583,35561,1,1
1404626,16977,1,1
1404626,35842,2,1
1404626,47025,3,1
1407186,3858,1,1
1407186,15692,2,1
1407186,31676,3,1
1407186,24852,4,1
1407186,26604,5,1
1407186,27325,6,1
1407186,40298,7,1
1407186,27747,8,1
1407800,17835,1,1
1407800,39055,2,1
1407800,43886,3,0
1407800,48682,4,0
1407800,25160,5,1
1407800,39491,6,0
1407800,24640,7,1
1409943,6046,1,0
1409943,12285,2,0
1409943,30500,3,0
1409943,10613,4,0
1409943,24852,5,0
1409943,11233,6,0
1409943,27313,7,0
1409943,40310,8,0
1409943,37449,9,0
1409943,5884,10,0
1409974,44987,1,1
1409974,389,2,1
1409974,26118,3,0
1409974,14727,4,0
1409974,20608,5,0
1409974,9623,6,0
1409974,4006,7,0
1410040,10640,1,1
1410040,34050,2,1
1410040,24852,3,1
1410040,38948,4,1
1410040,21252,5,1
1410040,34243,6,1
1410040,31558,7,1
1410040,38876,8,0
1410040,27360,9,1
1410040,36849,10,1
1410040,16797,11,1
1410040,27440,12,1
1410040,7955,13,1
1410040,10945,14,1
1410040,44290,15,1
1410040,30696,16,1
1410040,47209,17,1
1410040,34940,18,1
1410040,33973,19,1
1410040,29487,20,1
1410040,16220,21,1
1410040,42551,22,1
1410040,27156,23,1
1410040,43857,24,1
1410040,4972,25,0
1410040,20607,26,1
1412161,40939,1,1
1412161,20738,2,0
1412161,38928,3,0
1412161,6066,4,0
1412161,37396,5,0
1412161,38775,6,0
1412161,5157,7,0
1414657,36036,1,1
1414657,37220,2,1
1414657,7308,3,1
1414657,35688,4,1
1414657,27284,5,0
1414657,6655,6,0
1414657,32277,7,0
1415172,47209,1,1
1415172,32927,2,1
1415172,41149,3,1
1415172,27521,4,1
1415172,5876,5,1
1415172,38293,6,0
1415172,22935,7,1
1415172,8518,8,0
1415172,39621,9,0
1415172,15040,10,1
1415172,22825,11,1
1415172,14437,12,1
1415172,11937,13,1
1415172,10494,14,0
1415172,21775,15,0
1415172,30135,16,1
1415172,38159,17,0
1415172,10749,18,0
1418824,31487,1,0
1418824,31334,2,0
1418824,30999,3,0
1418824,27966,4,0
1418824,39275,5,0
1418824,24852,6,1
1418824,48523,7,0
1418824,16965,8,0
1418824,41117,9,0
1419171,25890,1,1
1419171,42450,2,1
1419171,8193,3,0
1419171,41787,4,1
1419171,24852,5,1
1419171,40593,6,1
1419171,14126,7,1
1419171,36672,8,1
1419171,20168,9,1
1419171,17200,10,0
1419171,3079,11,0
1419171,47626,12,0
1419171,26209,13,0
1419171,26604,14,0
1419171,25340,15,0
1419171,10305,16,0
1419171,25640,17,0
1419171,23622,18,0
1419280,33847,1,0
1419280,20114,2,1
1419280,27737,3,1
1419280,33465,4,0
1419280,21267,5,0
1419280,10528,6,0
1420394,46654,1,0
1420394,22935,2,0
1420394,32981,3,0
1420394,1313,4,1
1420741,5537,1,0
1420741,22950,2,0
1420741,31487,3,0
1420741,5115,4,1
1420741,46979,5,0
1420741,37067,6,0
1420741,5450,7,0
1420741,21137,8,0
1420741,46106,9,0
1420741,42265,10,0
1420741,18814,11,0
1420741,48287,12,1
1420741,22170,13,0
1420741,18382,14,0
1420741,9816,15,0
1420741,40706,16,0
1420741,19057,17,0
1420741,8518,18,0
1420741,40604,19,0
1420741,30391,20,1
1421651,5785,1,1
1421651,44471,2,1
1421651,13176,3,1
1421651,3896,4,1
1421651,46496,5,1
1421651,21077,6,1
1421651,15872,7,1
1421651,42637,8,1
1421651,17835,9,1
1421651,21614,10,1
1421651,25506,11,1
1421651,6128,12,1
1421651,17616,13,1
1421651,15712,14,1
1421651,47209,15,0
1421651,30391,16,0
1421651,10312,17,0
1421651,14159,18,1
1421651,34608,19,0
1421651,10749,20,0
1421651,21591,21,1
1421651,34166,22,1
1421651,28353,23,0
1421651,12099,24,1
1421651,19309,25,1
1421651,42959,26,0
1421651,33257,27,0
1421651,38164,28,0
1421651,5994,29,0
1421651,39351,30,1
1421651,5031,31,0
1421651,27521,32,0
1421651,16185,33,0
1421651,28009,34,0
1421651,44479,35,0
1421651,8436,36,1
1421651,20251,37,0
1421651,41844,38,0
1424580,16953,1,0
1424580,24852,2,1
1424580,36274,3,1
1424580,4920,4,1
1424580,43565,5,1
1424580,35752,6,1
1424580,13866,7,1
1424580,44632,8,1
1424580,42043,9,1
1424580,8536,10,1
1424580,7778,11,1
1424580,41351,12,0
1424580,4137,13,0
1424580,43352,14,1
1424580,18987,15,1
1424580,11488,16,1
1424580,37917,17,1
1424580,39275,18,1
1424580,5818,19,0
1424580,45077,20,1
1424580,19389,21,0
1424580,48004,22,0
1424580,17264,23,1
1424580,14118,24,0
1424580,6834,25,0
1424580,36266,26,1
1424580,25745,27,0
1424580,34283,28,0
1424580,12564,29,0
1424580,648,30,0
1424580,14104,31,1
1424580,28449,32,0
1430863,37215,1,1
1430863,23405,2,1
1430863,15693,3,1
1430863,30489,4,0
1430863,4302,5,0
1430863,44471,6,1
1430863,8021,7,0
1434910,47209,1,1
1434910,47626,2,1
1434910,21903,3,1
1434910,38293,4,1
1434910,44422,5,0
1434910,40604,6,1
1434910,24010,7,0
1434910,42508,8,0
1434910,31805,9,1
1434910,49683,10,0
1435104,10673,1,0
1435104,5876,2,0
1435104,27474,3,0
1435104,20919,4,0
1435104,45063,5,0
1435104,34668,6,0
1435104,2120,7,1
1435104,19057,8,0
1435104,29668,9,0
1435104,5603,10,0
1439420,16290,1,1
1439420,25824,2,1
1439420,38775,3,1
1439420,7649,4,0
1439420,22581,5,0
1439420,38739,6,1
1439420,8518,7,0
1439420,32035,8,0
1439420,12206,9,0
1439420,17275,10,1
1439420,24852,11,1
1439420,45066,12,0
1439420,11777,13,0
1439420,40545,14,0
1439420,16797,15,0
1439420,9076,16,0
1439420,45856,17,0
1439420,30442,18,0
1439420,32864,19,1
1439420,17794,20,0
1439420,44359,21,0
1439420,34243,22,1
1439420,7485,23,0
1439420,22035,24,1
1439420,41290,25,0
1439420,21267,26,1
1439420,19508,27,0
1439420,20876,28,1
1439420,19821,29,1
1439420,48335,30,1
1439420,4297,31,0
1439420,17730,32,0
1439420,4294,33,0
1439420,42450,34,1
1439420,2124,35,0
1439420,25753,36,0
1439420,1158,37,0
1439420,17948,38,1
1439420,8239,39,0
1442090,24323,1,0
1442090,13176,2,0
1442090,36186,3,1
1442090,48118,4,1
1444449,20463,1,1
1444449,47209,2,1
1444449,18362,3,0
1444449,30391,4,1
1445203,38318,1,1
1445203,10673,2,0
1445203,10312,3,0
1445203,387,4,1
1445203,33647,5,0
1445203,36551,6,1
1445203,17616,7,1
1445203,40590,8,1
1445203,32842,9,0
1445203,33109,10,1
1445203,8390,11,1
1445203,27405,12,1
1445203,6884,13,0
1445203,43415,14,0
1445203,30776,15,1
1445203,19894,16,1
1445203,9421,17,1
1445203,24368,18,1
1445203,920,19,0
1445203,47626,20,1
1445203,26209,21,1
1445203,32215,22,0
1445203,25272,23,0
1445203,28204,24,0
1445203,9387,25,0
1445203,37646,26,0
1445203,36259,27,1
1445203,8228,28,0
1445203,9075,29,0
1445203,3431,30,0
1445203,32638,31,0
1446836,29270,1,1
1446836,2966,2,1
1446836,32585,3,1
1446836,27548,4,1
1446836,11777,5,1
1446836,10768,6,1
1446836,41004,7,1
1446836,13292,8,1
1446836,29229,9,1
1446836,5450,10,1
1446836,45066,11,1
1446836,38689,12,1
1446836,34497,13,1
1446836,11937,14,1
1446836,30639,15,1
1446836,47626,16,1
1446836,25466,17,1
1446836,26023,18,1
1446836,35756,19,1
1446836,29987,20,1
1446836,9689,21,1
1446836,6101,22,1
1446836,7948,23,0
1446836,35176,24,0
1446836,33690,25,0
1446836,46415,26,0
1446836,39928,27,1
1446836,13176,28,0
1447472,36981,1,0
1447472,41680,2,1
1447472,39581,3,0
1447472,44987,4,0
1447472,19840,5,0
1447472,38557,6,0
1447472,34005,7,0
1447472,3374,8,0
1447472,45789,9,0
1447472,30910,10,1
1448551,11520,1,1
1448551,13176,2,1
1448551,21137,3,0
1448551,22935,4,0
1448551,31961,5,1
1448551,41220,6,0
1448551,10181,7,0
1448551,38775,8,0
1452357,30233,1,1
1452357,19057,2,1
1452357,13176,3,1
1452404,25949,1,1
1452404,45066,2,1
1452404,23044,3,1
1452404,43352,4,0
1452404,27845,5,0
1452404,23178,6,0
1453819,24852,1,1
1453819,22959,2,1
1453819,35140,3,1
1453819,49683,4,1
1454355,15175,1,1
1454355,36316,2,1
1454355,25495,3,1
1454355,47990,4,1
1454355,18670,5,0
1454355,5918,6,0
1454355,32958,7,0
1454355,1616,8,0
1454355,23909,9,0
1454355,40354,10,0
1454355,14295,11,0
1454355,44457,12,0
1454355,21293,13,1
1454355,9755,14,0
1454355,15264,15,0
1454355,15183,16,0
1454355,7751,17,0
1454355,44042,18,0
1455635,13176,1,1
1455635,39275,2,1
1455635,30233,3,1
1455635,30391,4,1
1455635,27156,5,1
1455635,5077,6,1
1455635,10749,7,1
1455635,3952,8,1
1455635,38383,9,1
1455635,21137,10,1
1455635,1463,11,1
1455635,38777,12,1
1455635,14449,13,1
1455635,39699,14,1
1455635,24489,15,1
1455635,6238,16,1
1455635,37687,17,1
1455635,12644,18,1
1455635,2078,19,1
1455635,6873,20,1
1455635,19057,21,1
1455635,34166,22,1
1455635,46962,23,0
1455635,11182,24,0
1455635,5621,25,0
1455635,2,26,0
1455635,12409,27,0
1455635,21938,28,1
1455635,35363,29,1
1455635,47209,30,1
1455635,38159,31,1
1455635,25340,32,0
1455635,37288,33,0
1455635,24964,34,0
1455635,26283,35,0
1455635,38557,36,0
1455822,6187,1,0
1455822,31433,2,0
1455822,12145,3,1
1455822,25718,4,1
1455822,7241,5,1
1455822,39293,6,0
1455822,25588,7,0
1455822,33198,8,1
1458315,46061,1,1
1458315,41400,2,1
1463249,20827,1,0
1463249,46252,2,0
1463249,21174,3,0
1463249,17988,4,1
1463249,3546,5,1
1463249,41570,6,1
1463249,20410,7,1
1463249,15649,8,1
1463249,16497,9,0
1463249,21280,10,0
1463249,810,11,0
1463249,12193,12,1
1463249,15842,13,0
1463249,19128,14,1
1463249,37317,15,1
1463249,5537,16,1
1463475,9839,1,1
1463475,21195,2,1
1463475,42282,3,1
1463475,11365,4,1
1463475,42265,5,1
1463475,28413,6,1
1463475,31805,7,1
1464935,35682,1,1
1464935,47866,2,1
1465211,30776,1,1
1465211,12576,2,0
1465211,21903,3,0
1465211,15937,4,0
1465211,33572,5,1
1465211,48186,6,0
1469246,42240,1,1
1469246,20752,2,0
1469246,44051,3,1
1469246,2660,4,1
1469246,29103,5,1
1469246,31231,6,1
1469246,35898,7,1
1469246,11123,8,1
1469666,46005,1,0
1469841,20073,1,1
1469841,9810,2,1
1469841,45468,3,1
1469841,2717,4,1
1469841,21553,5,1
1469841,19766,6,1
1469841,39097,7,0
1469841,24852,8,1
1469841,1516,9,1
1469841,21067,10,1
1469841,36689,11,0
1469841,10666,12,1
1469841,43565,13,0
1469841,31717,14,1
1469841,11461,15,1
1469841,41665,16,1
1469841,16213,17,0
1469841,28851,18,0
1469841,4920,19,0
1470371,39097,1,1
1470371,39812,2,1
1470371,13176,3,1
1470371,7948,4,1
1470371,15613,5,1
1470371,21137,6,1
1470371,9076,7,0
1470371,19057,8,1
1470371,44632,9,1
1470924,2566,1,0
1470924,13929,2,0
1470924,14480,3,0
1470924,24296,4,0
1470924,34381,5,0
1470924,24852,6,1
1470924,30776,7,0
1471578,30881,1,1
1473116,49098,1,0
1473116,31553,2,0
1473116,10492,3,0
1473116,9387,4,0
1473116,34254,5,0
1473116,21868,6,0
1473116,38620,7,0
1473116,37552,8,0
1474534,43961,1,1
1474534,21616,2,1
1474534,38833,3,1
1474534,1999,4,1
1474534,32369,5,0
1474534,34969,6,0
1474534,20583,7,1
1477884,34254,1,1
1477884,29794,2,1
1477884,16254,3,1
1477884,15902,4,0
1477884,45158,5,1
1477884,31387,6,1
1477884,29689,7,1
1477884,7834,8,1
1477884,1537,9,1
1477884,44051,10,1
1478958,31717,1,1
1478958,23734,2,0
1478958,23400,3,1
1478958,25146,4,1
1478958,16456,5,1
1479676,48299,1,0
1479676,5994,2,1
1479676,37565,3,0
1479676,13921,4,0
1479676,12324,5,1
1479676,46838,6,1
1479676,11827,7,1
1479676,34360,8,1
1479676,18104,9,1
1479676,11080,10,1
1479676,19003,11,1
1479676,22482,12,1
1479676,45072,13,1
1479676,23341,14,1
1479676,22326,15,1
1479676,47223,16,1
1479676,17264,17,1
1479676,47209,18,1
1479676,22093,19,1
1479676,18168,20,1
1479676,26209,21,1
1479676,43770,22,1
1481223,5618,1,0
1481223,21137,2,1
1481223,11520,3,0
1481223,18598,4,0
1483409,42445,1,1
1483409,31720,2,1
1483409,36550,3,1
1483409,30489,4,0
1483409,21019,5,0
1483409,29311,6,0
1483409,32935,7,1
1483409,17284,8,1
1483409,16759,9,1
1483409,45200,10,0
1483409,8518,11,0
1483409,6194,12,0
1488618,27966,1,1
1488618,10326,2,1
1488618,26604,3,1
1488618,42342,4,1
1488618,31553,5,1
1488618,19691,6,0
1488618,36082,7,0
1488618,40354,8,0
1488618,47788,9,0
1488618,29965,10,0
1488618,17704,11,0
1488618,8590,12,0
1489397,33647,1,1
1489397,23594,2,1
1489397,46676,3,1
1489397,18465,4,1
1489397,11440,5,1
1489397,27966,6,1
1489397,39275,7,1
1489397,2450,8,1
1489846,45359,1,0
1489846,42445,2,0
1489846,26209,3,0
1489846,1398,4,1
1489846,21137,5,0
1489846,27966,6,0
1489846,5876,7,1
1489846,34126,8,1
1489846,22935,9,1
1489846,10385,10,0
1490104,49026,1,1
1490104,47766,2,1
1490104,21823,3,1
1490104,37462,4,1
1490104,31770,5,1
1490104,33929,6,1
1490104,21616,7,1
1490104,20127,8,1
1490104,42557,9,1
1490104,35425,10,1
1490104,45613,11,1
1490104,467,12,1
1490104,24830,13,1
1494087,33120,1,0
1494087,10603,2,0
1494087,38067,3,0
1494087,14197,4,0
1494087,26307,5,0
1494087,44628,6,0
1494087,43129,7,0
1494087,21403,8,0
1494087,35824,9,0
1494087,28842,10,0
1494457,17726,1,1
1494457,43565,2,0
1494457,1117,3,1
1494457,27323,4,1
1494457,9477,5,1
1494457,49670,6,1
1494604,45007,1,0
1494604,11520,2,1
1494604,30657,3,0
1494604,30820,4,1
1494604,1105,5,0
1494604,21389,6,0
1494604,38226,7,0
1494604,31075,8,0
1494604,25230,9,0
1494604,5516,10,0
1494604,30923,11,0
1496020,30450,1,1
1496020,49235,2,1
1496020,8277,3,1
1496020,45865,4,1
1496020,11870,5,0
1496020,14858,6,1
1496020,17628,7,0
1496020,37664,8,0
1496020,43045,9,0
1496020,29370,10,0
1498827,44008,1,1
1498827,19508,2,1
1498827,43961,3,1
1498827,10246,4,1
1498827,45007,5,1
1498827,4605,6,0
1498827,45646,7,0
1498827,24838,8,1
1498827,48795,9,0
1498827,12125,10,1
1498827,47766,11,1
1498827,37646,12,1
1498827,13176,13,1
1498827,32734,14,0
1498827,30391,15,1
1498827,21137,16,1
1498827,19437,17,1
1498827,40604,18,1
1502448,46763,1,1
1502448,14633,2,0
1502448,6142,3,0
1502448,39561,4,0
1502448,24852,5,0
1502448,30756,6,0
1502448,19006,7,0
1502448,49475,8,0
1502448,15655,9,0
1502553,21137,1,0
1502553,39928,2,0
1502553,46906,3,0
1502553,260,4,0
1502836,43192,1,1
1502836,17526,2,1
1502836,5450,3,1
1502836,19057,4,1
1502836,14874,5,1
1502836,43295,6,1
1502836,34137,7,1
1502836,27966,8,1
1502836,21137,9,1
1502836,8174,10,1
1502836,10570,11,1
1502836,22963,12,0
1502836,41950,13,1
1502836,21903,14,1
1502836,38557,15,1
1502836,49044,16,1
1502836,5491,17,0
1502836,30192,18,0
1502836,12822,19,1
1502836,3963,20,1
1502836,47507,21,1
1502836,38795,22,1
1504099,12341,1,1
1504099,23375,2,0
1504284,24184,1,1
1504284,24269,2,1
1504284,43301,3,0
1504284,10784,4,0
1504284,29429,5,1
1504284,19348,6,1
1504284,22233,7,0
1509744,10681,1,1
1509744,24852,2,1
1509744,24235,3,1
1509744,28204,4,1
1509744,6131,5,1
1509744,4317,6,1
1509744,16797,7,1
1509744,3298,8,1
1509744,40299,9,1
1509744,38739,10,1
1509744,36691,11,0
1509744,36434,12,0
1509744,28031,13,1
1509744,34834,14,0
1509744,12743,15,0
1509744,45646,16,0
1509744,48205,17,1
1509952,35921,1,1
1509952,10749,2,1
1509952,21938,3,1
1509952,34335,4,1
1509952,34244,5,1
1509952,7948,6,1
1509952,20842,7,1
1509952,30204,8,0
1509952,15727,9,0
1509952,22658,10,0
1509952,29975,11,0
1509952,46626,12,0
1509952,13409,13,1
1509952,19057,14,0
1509952,30489,15,1
1509952,39180,16,0
1511107,30233,1,0
1511107,5248,2,1
1511107,1519,3,0
1511107,39125,4,1
1511107,19389,5,0
1511107,44142,6,1
1511107,21938,7,0
1511107,10580,8,0
1513375,21616,1,1
1513375,41950,2,1
1513375,39374,3,0
1513375,42736,4,0
1513375,13212,5,0
1513920,13944,1,1
1513920,33914,2,1
1513920,10673,3,1
1513920,34358,4,1
1513920,2935,5,1
1513920,39127,6,0
1513920,5744,7,1
1513920,4091,8,0
1514624,42360,1,1
1514624,39046,2,1
1514624,31374,3,1
1514624,40592,4,1
1514624,13536,5,0
1514624,29344,6,1
1514624,24852,7,1
1514624,47357,8,1
1514624,41220,9,1
1514624,24156,10,1
1514624,39537,11,0
1514624,20590,12,1
1514624,43854,13,0
1514624,35752,14,1
1514624,3044,15,1
1514624,39993,16,1
1514624,35921,17,0
1514624,4933,18,1
1514624,47626,19,1
1514624,27360,20,0
1514624,48509,21,0
1514624,49235,22,0
1515102,39984,1,1
1515102,21386,2,1
1515102,17316,3,1
1515102,47766,4,1
1515102,6291,5,1
1515102,34429,6,1
1515102,1862,7,1
1515102,33787,8,1
1515102,33768,9,1
1515102,27336,10,1
1515102,32864,11,1
1515102,10644,12,1
1515102,37065,13,1
1515102,4562,14,1
1515102,38159,15,1
1515102,21903,16,1
1515102,26604,17,1
1515102,42221,18,1
1515102,39928,19,1
1516469,49520,1,1
1516469,7321,2,1
1516469,7845,3,1
1516469,20119,4,1
1516469,8475,5,0
1516469,48711,6,0
1516469,33548,7,0
1516469,11983,8,0
1516469,19818,9,0
1516469,7533,10,0
1516469,10558,11,1
1516469,27697,12,0
1516469,48386,13,1
1516469,4383,14,1
1516469,41477,15,0
1516469,21267,16,1
1516469,12911,17,0
1518258,24848,1,1
1518258,31683,2,1
1518258,32851,3,1
1518258,2468,4,1
1518258,41714,5,1
1518258,32684,6,1
1518258,8898,7,0
1518258,5785,8,1
1518258,37067,9,1
1518258,10333,10,1
1518258,29848,11,1
1518258,21019,12,1
1518258,32655,13,0
1518258,8475,14,1
1518258,18455,15,1
1518258,25824,16,1
1518258,37658,17,1
1518258,19734,18,1
1518258,17712,19,1
1518258,49235,20,1
1518258,13513,21,1
1518258,35370,22,1
1518258,21793,23,0
1518258,19744,24,1
1518258,36527,25,1
1518258,21137,26,1
1518258,29193,27,1
1518258,27555,28,1
1518258,5340,29,1
1518258,16493,30,1
1518258,12341,31,1
1518258,8049,32,1
1518258,21333,33,1
1518258,17858,34,0
1518258,41056,35,1
1518258,41371,36,1
1518258,47759,37,1
1518258,22825,38,0
1518638,19977,1,1
1518638,33090,2,1
1518638,44085,3,1
1518638,37710,4,1
1518638,31477,5,0
1518638,18849,6,1
1518638,12232,7,1
1518638,35042,8,0
1518638,15622,9,1
1518638,17008,10,1
1518638,19145,11,0
1521740,14648,1,1
1521740,39160,2,0
1521740,13829,3,1
1521740,6277,4,1
1521740,17568,5,0
1521740,31134,6,0
1521740,47643,7,1
1521740,3431,8,0
1521740,27325,9,1
1521740,24852,10,0
1521740,16797,11,0
1521740,9076,12,1
1521740,9387,13,1
1521740,16813,14,1
1521740,703,15,0
1521740,10895,16,1
1521740,13870,17,1
1521740,43329,18,0
1521740,27364,19,1
1521740,24639,20,1
1522932,46785,1,1
1522932,4793,2,1
1522932,2447,3,1
1522932,8424,4,1
1522932,43356,5,1
1522932,14992,6,1
1522932,20773,7,1
1522932,26165,8,1
1522932,21288,9,1
1522932,12545,10,0
1522932,3583,11,0
1522932,40706,12,1
1522932,3376,13,1
1522932,21616,14,1
1522932,49520,15,1
1522932,10163,16,1
1522932,31717,17,0
1522932,20082,18,0
1522932,43352,19,0
1522932,23288,20,0
1523572,33295,1,1
1523572,10813,2,1
1523572,45933,3,1
1523572,47877,4,1
1523572,29251,5,0
1523572,41588,6,0
1523572,5025,7,0
1523572,24716,8,0
1528524,42387,1,1
1529084,432,1,1
1529084,4605,2,1
1529084,47626,3,1
1529084,26209,4,1
1529084,256,5,1
1529084,26604,6,1
1529084,20479,7,1
1529084,11777,8,0
1529084,2823,9,1
1529084,1181,10,0
1529084,19910,11,0
1529084,40897,12,0
1529084,5450,13,1
1529178,9601,1,0
1529781,36865,1,1
1529781,28465,2,1
1529781,47792,3,1
1529781,9755,4,1
1529781,15868,5,1
1529781,17518,6,1
1529781,17596,7,1
1529781,20674,8,1
1529781,9225,9,0
1529781,23410,10,1
1529781,27360,11,1
1529781,4347,12,1
1529781,4733,13,1
1529781,37842,14,1
1529781,47915,15,0
1529781,37776,16,1
1529781,24852,17,0
1534392,31596,1,1
1534392,24852,2,0
1534392,44449,3,0
1534392,33731,4,1
1534392,365,5,1
1535381,7131,1,0
1535731,38267,1,1
1535731,2240,2,1
1535731,43772,3,1
1535731,28199,4,1
1535731,11520,5,1
1535731,6699,6,1
1535731,32519,7,1
1535731,6128,8,1
1535731,25046,9,0
1535731,24852,10,1
1535731,27147,11,1
1535731,8559,12,0
1539796,13176,1,1
1539796,9796,2,1
1539796,29487,3,1
1539796,4086,4,1
1539796,9387,5,1
1539796,37722,6,1
1539796,21137,7,0
1539796,40028,8,0
1542297,26900,1,1
1543345,49628,1,1
1543345,5460,2,0
1543345,41290,3,0
1543345,17008,4,0
1543345,21333,5,1
1543345,31730,6,0
1543345,13740,7,0
1543345,20169,8,0
1543345,3318,9,1
1543345,10673,10,1
1543345,40376,11,0
1543345,29646,12,1
1543345,29615,13,1
1543345,10049,14,1
1543345,33095,15,0
1543345,37354,16,1
1543345,33357,17,1
1543345,25146,18,1
1543345,18987,19,1
1543345,48226,20,1
1543345,6550,21,1
1543345,9783,22,1
1543345,48004,23,1
1543345,5097,24,0
1543345,12253,25,0
1543345,34894,26,0
1543345,6991,27,0
1543345,6818,28,0
1543345,21417,29,1
1543345,47616,30,0
1543345,43772,31,1
1543345,7693,32,0
1543345,8138,33,0
1543345,33129,34,0
1543345,25232,35,0
1543345,15539,36,0
1544625,27966,1,1
1544625,26209,2,1
1544625,25513,3,1
1544625,3952,4,1
1544625,4097,5,0
1544625,39097,6,0
1544625,36792,7,1
1544625,11477,8,1
1544625,20212,9,0
1544625,41990,10,1
1544625,36082,11,0
1545401,5785,1,1
1545401,13380,2,1
1545401,19660,3,1
1545401,7308,4,0
1545401,9094,5,0
1545401,40310,6,0
1545401,28004,7,0
1545401,3129,8,0
1545401,35628,9,0
1545401,18918,10,0
1545401,17987,11,0
1545725,16083,1,0
1545725,1360,2,0
1545725,9698,3,1
1545725,31371,4,1
1545725,49131,5,0
1545725,34356,6,1
1545725,40350,7,0
1545725,17872,8,0
1545725,8518,9,0
1545725,22935,10,0
1545725,47766,11,1
1545725,13852,12,1
1545725,43961,13,1
1545725,34262,14,0
1545725,5322,15,0
1545725,38689,16,0
1546381,5785,1,1
1546381,47759,2,1
1546381,27086,3,1
1546381,20463,4,1
1546381,24852,5,1
1546381,260,6,0
1546381,16797,7,0
1546381,9076,8,1
1551701,23288,1,1
1551701,31953,2,0
1554076,34124,1,1
1554076,35842,2,1
1554076,13176,3,1
1554076,26209,4,1
1554076,43961,5,1
1554076,1824,6,1
1554076,42122,7,0
1554076,32151,8,0
1554076,13646,9,1
1554076,30391,10,1
1554076,34969,11,1
1554076,35633,12,0
1554602,17341,1,1
1554602,40332,2,1
1554602,1689,3,1
1554602,21573,4,1
1554602,516,5,1
1554602,23011,6,0
1554602,27104,7,1
1554602,22695,8,0
1554602,40439,9,1
1554602,17008,10,0
1554602,21137,11,0
1554602,42920,12,0
1554602,30183,13,1
1554602,21240,14,0
1554602,26604,15,0
1554602,24852,16,0
1555834,34050,1,1
1555834,21108,2,1
1555834,41089,3,1
1555834,13176,4,1
1555834,17795,5,1
1555834,13198,6,1
1555834,33787,7,1
1555834,8518,8,1
1555834,41950,9,1
1555834,27086,10,1
1555834,39619,11,1
1555834,22395,12,1
1555834,29898,13,1
1555834,7175,14,1
1555834,17240,15,1
1555834,28985,16,1
1555834,260,17,1
1555834,2651,18,1
1555834,8061,19,1
1556307,35269,1,0
1557531,37067,1,1
1557531,38647,2,1
1557531,28058,3,1
1557531,27521,4,1
1557531,46175,5,1
1557531,24964,6,1
1557531,39804,7,1
1557531,7948,8,1
1557531,1063,9,1
1557531,21137,10,1
1557531,20734,11,1
1557531,20104,12,1
1558722,32237,1,1
1558722,23888,2,1
1558722,12811,3,1
1558722,17616,4,0
1558722,5077,5,0
1558722,3990,6,1
1558722,16696,7,1
1558722,33129,8,0
1558722,24184,9,1
1558722,26209,10,1
1558722,18572,11,1
1558722,9905,12,1
1558722,38511,13,1
1558722,1447,14,1
1558722,4879,15,1
1558722,8204,16,1
1558722,13176,17,1
1558722,48455,18,1
1558722,11455,19,1
1558722,23892,20,1
1559221,33636,1,1
1559221,15872,2,1
1559221,15895,3,1
1559221,3880,4,1
1559221,28976,5,1
1559221,7337,6,1
1559221,766,7,1
1559221,24507,8,1
1559221,11746,9,1
1559221,41844,10,1
1559221,32211,11,1
1559221,40277,12,1
1559221,12975,13,1
1563080,8276,1,1
1563080,38510,2,1
1563080,47630,3,1
1563080,31553,4,1
1563080,47626,5,1
1563080,39121,6,1
1563080,38383,7,1
1563080,13076,8,0
1563317,27451,1,1
1563317,29079,2,0
1563317,27142,3,0
1563317,21773,4,0
1563317,20734,5,1
1563317,28601,6,0
1563317,41220,7,0
1563317,16249,8,1
1563317,22234,9,0
1563317,4620,10,0
1563317,26369,11,0
1563317,19057,12,0
1563317,13609,13,0
1563317,48745,14,0
1563317,27086,15,0
1563941,10795,1,0
1563941,36356,2,0
1563941,4374,3,0
1563941,47194,4,0
1563941,40348,5,1
1564926,45200,1,1
1564926,11526,2,0
1564926,47734,3,0
1564926,19348,4,1
1564926,12149,5,1
1564926,41588,6,0
1564926,10032,7,0
1566529,13176,1,1
1566529,36691,2,1
1566529,48437,3,0
1566529,36854,4,0
1566529,260,5,0
1566529,32429,6,0
1568688,26800,1,1
1568688,28373,2,0
1568688,24197,3,0
1568688,2966,4,1
1568688,24852,5,1
1570137,35951,1,1
1570137,21903,2,1
1570137,26940,3,1
1570137,23516,4,1
1570137,45620,5,1
1570137,13176,6,1
1570137,16307,7,1
1570137,34274,8,1
1570137,47209,9,1
1570137,30057,10,0
1570137,28278,11,0
1570137,4410,12,1
1570137,45200,13,1
1570137,10749,14,1
1570137,45007,15,1
1570137,48745,16,0
1570137,18023,17,0
1572451,30962,1,1
1572451,30027,2,1
1572451,41220,3,1
1572451,31915,4,1
1572451,41007,5,1
1572451,21405,6,1
1572451,44359,7,1
1572451,47209,8,1
1572451,13176,9,1
1572451,16759,10,1
1572451,45007,11,1
1572451,41290,12,1
1572451,39619,13,0
1572451,16479,14,0
1572451,1483,15,0
1572451,27845,16,1
1572451,3952,17,0
1572451,47008,18,0
1572451,44628,19,0
1572451,12872,20,0
1573428,18465,1,1
1573428,45570,2,0
1573428,9515,3,1
1573428,40545,4,1
1573932,21616,1,0
1573932,37687,2,0
1573932,47766,3,1
1573932,6278,4,0
1573932,23059,5,0
1573932,5876,6,1
1573932,15937,7,0
1573932,481,8,0
1573932,14467,9,0
1573932,27966,10,1
1573932,13176,11,1
1573932,33000,12,0
1573932,15613,13,1
1573932,29662,14,0
1573932,8006,15,0
1573932,42701,16,0
1573932,49235,17,0
1573932,11348,18,0
1573932,21137,19,1
1573932,20114,20,0
1574245,32079,1,1
1574245,13966,2,1
1574245,19972,3,1
1574245,21195,4,0
1574245,18441,5,1
1574245,20940,6,1
1574245,25405,7,1
1574245,10685,8,1
1574494,6184,1,1
1574494,25133,2,1
1574494,17122,3,1
1574494,13176,4,1
1574494,651,5,1
1574494,36051,6,1
1574494,13259,7,1
1574803,16797,1,1
1574803,17159,2,0
1574803,22089,3,0
1574803,27086,4,0
1574803,26604,5,1
1574803,42719,6,0
1574803,47601,7,1
1574803,35221,8,1
1574803,12456,9,1
1574803,47630,10,0
1574803,34050,11,0
1575796,20549,1,1
1575796,24964,2,0
1575796,47626,3,0
1575796,48745,4,0
1576749,19677,1,0
1576749,19348,2,1
1576749,29077,3,1
1576749,46616,4,1
1576749,15950,5,1
1576790,29716,1,0
1576790,22247,2,0
1576790,11182,3,1
1576790,45290,4,1
1576790,36854,5,1
1576790,23032,6,0
1576790,15042,7,1
1576790,41591,8,0
1576790,15732,9,0
1576790,9996,10,0
1576790,20021,11,0
1576790,49598,12,0
1576790,23909,13,0
1576790,30058,14,0
1579413,27966,1,1
1579413,21137,2,1
1579413,39275,3,1
1579413,6184,4,0
1579413,47630,5,1
1579413,17122,6,0
1579413,48299,7,0
1579413,30391,8,0
1579413,5750,9,1
1579413,47626,10,1
1579413,5825,11,1
1579413,8528,12,1
1579413,10912,13,0
1579413,10895,14,0
1579413,13446,15,0
1579413,26209,16,1
1579413,36640,17,0
1579413,28745,18,0
1579413,42813,19,1
1579413,23161,20,0
1579413,32069,21,0
1579413,21009,22,0
1579413,14084,23,0
1579413,17794,24,0
1579413,10132,25,0
1579413,5450,26,0
1579865,21137,1,1
1579865,13176,2,0
1580233,40781,1,1
1580233,27760,2,1
1580233,4889,3,1
1580233,9477,4,1
1580233,31981,5,1
1580233,28132,6,1
1580233,23687,7,1
1580233,11182,8,1
1580724,47144,1,1
1580724,24852,2,1
1580724,30776,3,1
1580724,17948,4,1
1580724,26209,5,1
1580724,24489,6,1
1580724,48007,7,1
1580724,13870,8,1
1580724,40706,9,1
1580724,38739,10,1
1580724,45946,11,1
1580724,29898,12,0
1580724,24964,13,1
1580724,43789,14,1
1581960,22286,1,0
1581960,46667,2,0
1581960,32303,3,0
1581960,21903,4,1
1581960,5450,5,1
1581960,15150,6,0
1581960,20909,7,0
1581960,42265,8,1
1581960,11777,9,0
1581960,30391,10,1
1581960,19057,11,1
1581960,5876,12,0
1582333,47209,1,1
1582333,3721,2,1
1582333,21903,3,1
1582333,12206,4,1
1582333,28769,5,1
1582333,26842,6,1
1582333,22031,7,1
1582333,46979,8,0
1582333,27999,9,1
1582333,37067,10,1
1582333,21137,11,1
1582333,41039,12,0
1582333,47852,13,1
1582671,3814,1,1
1582671,29103,2,1
1582671,46877,3,1
1582671,28204,4,1
1582671,30618,5,1
1582671,22882,6,1
1582671,9558,7,1
1582671,46475,8,1
1582671,24925,9,1
1582671,28441,10,1
1582671,18104,11,1
1582671,35546,12,1
1582671,29695,13,1
1582671,18564,14,1
1582671,32141,15,1
1582671,9176,16,1
1582671,19915,17,1
1582671,21410,18,0
1584202,48679,1,1
1584202,44949,2,1
1584202,5134,3,1
1584202,25138,4,0
1584202,19660,5,0
1587476,21903,1,1
1587476,16283,2,1
1587476,30827,3,1
1587476,9839,4,1
1587476,32478,5,1
1587476,30720,6,0
1587476,27790,7,0
1587476,17122,8,0
1588361,49236,1,1
1588361,36550,2,1
1588471,45603,1,1
1588471,36792,2,1
1588471,2275,3,1
1588471,28851,4,1
1588471,46979,5,0
1588471,34284,6,1
1588471,33337,7,0
1588471,14675,8,0
1588471,347,9,1
1588471,41771,10,0
1588471,41715,11,0
1588471,21454,12,0
1588471,31506,13,0
1588471,14999,14,1
1588471,1618,15,1
1588471,49416,16,1
1588471,33018,17,1
1591090,21344,1,1
1591090,18465,2,1
1591090,49517,3,1
1591090,47209,4,1
1591090,21903,5,1
1591090,5876,6,1
1591090,24838,7,0
1591090,21616,8,1
1591090,15872,9,0
1591090,18288,10,1
1591874,31717,1,0
1592159,24925,1,1
1592159,28535,2,1
1592732,13176,1,1
1592732,19436,2,1
1592732,22825,3,1
1592732,3835,4,1
1592732,45504,5,1
1592732,27315,6,1
1592732,35610,7,1
1592732,9808,8,1
1592732,40723,9,1
1592732,43295,10,1
1592732,38164,11,1
1592732,20632,12,1
1592732,6177,13,1
1592732,19548,14,1
1592732,39705,15,0
1592732,7781,16,1
1592732,12127,17,1
1597790,17033,1,1
1597790,39276,2,1
1597790,41787,3,1
1597790,41868,4,1
1597790,12555,5,1
1597790,40073,6,1
1597790,38548,7,1
1597790,28994,8,1
1597790,36418,9,0
1598168,39534,1,1
1598168,20395,2,1
1598168,7131,3,0
1598168,10310,4,1
1600272,10831,1,1
1600272,3094,2,1
1600272,13176,3,1
1600272,2265,4,0
1600272,49044,5,1
1600272,5491,6,1
1600272,37003,7,1
1600272,10749,8,1
1600272,22035,9,1
1600272,6069,10,1
1600272,31342,11,0
1600272,24964,12,0
1600272,43768,13,0
1600272,20995,14,0
1600272,27683,15,1
1600272,26668,16,0
1600272,31717,17,0
1600272,5450,18,1
1600272,21137,19,1
1600272,21903,20,1
1600272,27104,21,0
1600272,48679,22,1
1600272,25796,23,0
1600272,14901,24,0
1600272,2078,25,0
1601766,16349,1,1
1601766,4605,2,1
1601766,48679,3,1
1601766,4920,4,1
1601766,40706,5,1
1601766,19049,6,1
1601766,37067,7,1
1601766,46906,8,1
1601766,43768,9,1
1601766,41950,10,1
1603998,13176,1,1
1603998,32052,2,1
1603998,27104,3,1
1603998,34243,4,1
1603998,17872,5,1
1603998,20574,6,1
1603998,30382,7,1
1603998,24184,8,1
1603998,1392,9,1
1603998,11421,10,1
1603998,48246,11,1
1603998,37687,12,1
1603998,31040,13,1
1603998,41950,14,0
1604590,41844,1,1
1604590,29373,2,1
1604590,6052,3,1
1604590,24852,4,1
1604590,13866,5,1
1604590,2977,6,1
1604590,35321,7,1
1604590,29487,8,1
1604590,39059,9,1
1604590,4006,10,1
1604590,24954,11,1
1604590,39979,12,1
1604590,17616,13,1
1604590,28299,14,1
1604590,28472,15,1
1604590,8898,16,1
1604590,16965,17,1
1604590,39408,18,1
1604590,16556,19,1
1604590,14168,20,1
1604590,21137,21,1
1604590,38200,22,1
1604590,12099,23,1
1604590,5450,24,1
1604590,39160,25,1
1604590,36186,26,1
1604590,40208,27,1
1604590,5876,28,1
1604590,4966,29,1
1605016,9839,1,1
1605016,10246,2,1
1605016,39001,3,1
1605016,21903,4,1
1605016,13424,5,1
1605016,27259,6,1
1605016,4149,7,1
1605430,42356,1,1
1605430,9477,2,1
1605430,49533,3,1
1605430,27344,4,1
1605430,24009,5,0
1605430,40268,6,1
1605430,1090,7,1
1605430,11941,8,1
1605430,37029,9,1
1606447,35140,1,1
1606447,1194,2,1
1606447,44698,3,1
1606447,31635,4,1
1606447,48220,5,1
1606447,15984,6,1
1606447,3957,7,1
1606447,37067,8,1
1606613,39947,1,1
1606613,486,2,1
1606613,10523,3,1
1606613,7495,4,1
1606613,37227,5,1
1606613,31066,6,1
1606613,42372,7,1
1606613,10731,8,0
1606613,45144,9,0
1606613,7600,10,0
1606613,20378,11,0
1606613,3358,12,1
1606613,38511,13,0
1606613,21417,14,0
1606613,13481,15,1
1606613,19209,16,1
1606613,23410,17,0
1607532,13176,1,1
1607532,15134,2,1
1607532,25513,3,1
1607532,48041,4,1
1607532,47357,5,1
1607532,19068,6,1
1607532,11063,7,0
1607532,30391,8,1
1607532,39275,9,1
1607532,21405,10,0
1607532,29225,11,0
1607532,6873,12,0
1608919,31981,1,1
1608919,6541,2,1
1608919,23619,3,1
1608919,26209,4,1
1608919,5450,5,1
1608919,10403,6,1
1608919,47626,7,1
1608919,40310,8,1
1608919,48057,9,1
1608919,7076,10,1
1608919,13740,11,1
1608919,14381,12,1
1608919,28134,13,1
1608919,7952,14,1
1608919,33232,15,1
1608919,8518,16,1
1608919,7781,17,1
1608919,23375,18,1
1608919,40709,19,1
1608919,10761,20,1
1608919,32177,21,1
1608919,38456,22,1
1608919,47890,23,0
1608919,325,24,1
1608919,9200,25,1
1608919,38374,26,0
1608919,7401,27,0
1608919,31185,28,1
1608919,44628,29,1
1608919,29732,30,1
1608919,38299,31,1
1608919,21137,32,1
1608919,12144,33,0
1611222,21810,1,0
1611222,24852,2,1
1611222,3999,3,0
1611222,32347,4,0
1611222,35855,5,0
1611222,47626,6,0
1611996,45025,1,1
1611996,21793,2,0
1611996,33452,3,1
1611996,8380,4,0
1611996,39604,5,0
1611996,13966,6,0
1611996,1940,7,0
1611996,46593,8,0
1611996,41844,9,0
1611996,4317,10,0
1611996,8859,11,0
1611996,6801,12,0
1611996,22667,13,0
1613021,22959,1,1
1613021,8590,2,1
1613021,37374,3,1
1613021,7388,4,1
1613021,37766,5,1
1613021,13042,6,1
1613021,27841,7,1
1613021,15290,8,1
1613021,20580,9,1
1613021,29553,10,1
1613021,27147,11,1
1613021,15937,12,1
1613021,49098,13,1
1613021,24097,14,1
1613021,1117,15,1
1613021,25985,16,1
1613021,17341,17,1
1613021,432,18,1
1613021,22935,19,1
1613021,8424,20,1
1613021,48251,21,1
1613021,21030,22,0
1613021,25890,23,1
1613021,31964,24,0
1613021,47766,25,1
1613021,24852,26,0
1613021,31663,27,0
1613628,13944,1,1
1615256,4316,1,1
1615256,36724,2,1
1615256,25544,3,0
1615256,46720,4,1
1615256,41273,5,1
1615256,16469,6,1
1615256,5077,7,1
1615256,24852,8,0
1615256,47209,9,1
1615256,33351,10,0
1615256,3318,11,1
1615256,14901,12,0
1615256,19309,13,0
1615256,10798,14,1
1615256,16953,15,1
1615256,47224,16,1
1615256,36559,17,0
1620774,17294,1,1
1620774,23082,2,0
1620774,29223,3,0
1620774,34050,4,1
1620774,39146,5,0
1620774,18681,6,0
1620774,5576,7,0
1620774,4933,8,0
1620774,41220,9,0
1623979,7644,1,0
1623979,44156,2,1
1623979,33548,3,1
1623979,23296,4,1
1623979,2639,5,0
1623979,42372,6,0
1623979,46817,7,1
1623979,23248,8,1
1623979,1695,9,0
1623979,6383,10,0
1623979,40516,11,1
1623979,41625,12,0
1624386,57,1,0
1624386,17872,2,0
1624386,29307,3,0
1624386,8080,4,0
1624386,43712,5,0
1624386,4853,6,0
1624386,2078,7,0
1624386,31378,8,0
1624386,21163,9,0
1624386,36772,10,1
1624386,33894,11,0
1624386,21137,12,1
1624386,38504,13,0
1624386,10749,14,1
1624386,21333,15,0
1624386,27845,16,1
1624386,2091,17,0
1624386,20168,18,0
1624386,31553,19,0
1624386,7781,20,1
1624386,27104,21,0
1624386,22198,22,1
1624386,21405,23,0
1624386,4421,24,0
1624386,36070,25,0
1625450,19660,1,1
1625450,5258,2,1
1625450,30827,3,1
1626013,4790,1,0
1626013,38468,2,0
1626013,13176,3,1
1626013,3142,4,0
1626013,36956,5,0
1629093,34358,1,1
1629093,5818,2,1
1629093,23313,3,1
1629093,28204,4,1
1629093,16234,5,1
1629093,30696,6,1
1629093,5782,7,1
1629093,2745,8,1
1630238,35321,1,1
1630238,46654,2,1
1630238,8087,3,1
1630238,28745,4,1
1630238,27811,5,1
1630238,7522,6,1
1630238,13176,7,1
1630238,47209,8,1
1630238,39928,9,1
1630238,47626,10,1
1630238,16797,11,1
1630238,43352,12,1
1633427,43352,1,1
1633427,17313,2,0
1633427,21137,3,1
1633498,21295,1,0
1633498,24478,2,0
1633498,22935,3,1
1633498,1999,4,0
1633498,14197,5,0
1633498,8854,6,0
1633498,43768,7,0
1633498,34401,8,0
1633498,11250,9,0
1633498,16840,10,0
1635133,32747,1,1
1635133,27966,2,1
1635133,41488,3,1
1635133,12614,4,1
1635133,8277,5,1
1635133,16251,6,1
1635133,19934,7,1
1635133,23543,8,1
1635133,41844,9,1
1635133,41290,10,0
1635133,18394,11,1
1635133,47766,12,1
1635133,27104,13,1
1635133,22935,14,1
1635133,26209,15,1
1635133,19511,16,1
1635133,36695,17,0
1635133,8518,18,1
1635650,26546,1,1
1635650,10521,2,1
1635650,17966,3,0
1635650,28464,4,1
1636860,23952,1,0
1636860,27845,2,1
1636860,34525,3,1
1636860,14704,4,1
1636860,33388,5,0
1636860,21344,6,1
1636860,46709,7,0
1636860,5646,8,0
1637116,18370,1,0
1637116,44354,2,0
1637116,3887,3,0
1637394,1511,1,1
1637394,31683,2,0
1637394,39561,3,1
1637394,2562,4,1
1637394,32906,5,0
1637394,24852,6,0
1637394,37646,7,0
1637394,4920,8,0
1639735,21678,1,1
1639735,21775,2,1
1639735,9883,3,0
1639735,47144,4,1
1639735,11895,5,0
1639735,47766,6,1
1639735,26209,7,1
1639735,35163,8,1
1639735,36029,9,0
1639735,8518,10,0
1639735,33768,11,0
1639735,10492,12,0
1639735,7746,13,0
1640126,39368,1,0
1640126,7901,2,0
1640126,12174,3,0
1642472,27086,1,1
1642472,4947,2,1
1642472,30720,3,1
1642472,20632,4,1
1642472,6341,5,1
1642472,8518,6,1
1642472,44325,7,0
1644263,4889,1,1
1644263,15923,2,0
1644263,22825,3,1
1644263,40404,4,1
1644263,45368,5,0
1644263,19660,6,1
1645874,29405,1,1
1645874,10,2,1
1645874,48647,3,1
1645874,8859,4,1
1645874,18389,5,1
1645874,33198,6,1
1645874,27845,7,0
1646768,4942,1,1
1646768,18949,2,1
1646768,12793,3,1
1646768,2727,4,1
1646768,6204,5,1
1646768,5679,6,1
1646768,26165,7,0
1646768,43183,8,1
1646768,22959,9,1
1646768,27104,10,1
1646768,43632,11,1
1646768,15285,12,1
1646768,49441,13,1
1646768,37330,14,1
1646768,43772,15,0
1646768,31066,16,1
1646768,46706,17,0
1646768,15175,18,0
1647237,48220,1,1
1647237,15984,2,1
1647237,47766,3,1
1647237,8955,4,1
1647237,29785,5,1
1647237,16710,6,1
1647237,42479,7,1
1647237,9839,8,1
1647237,36554,9,1
1647237,39993,10,1
1647237,1408,11,0
1647237,19678,12,0
1647237,17789,13,0
1647657,42513,1,1
1647657,47766,2,1
1647657,24852,3,1
1647657,22035,4,1
1647657,17878,5,0
1647657,20114,6,1
1647657,25890,7,1
1647657,33401,8,1
1647657,16797,9,1
1647657,48637,10,1
1647657,1712,11,1
1647657,20345,12,1
1647657,21903,13,1
1647657,48726,14,1
1647657,28849,15,1
1647657,38689,16,1
1647657,38293,17,1
1647657,29127,18,1
1647657,20580,19,1
1647657,42093,20,1
1647657,39561,21,1
1647657,9186,22,0
1647657,8277,23,1
1647657,30391,24,0
1647657,43352,25,0
1649301,23240,1,0
1649301,13707,2,0
1649301,10702,3,1
1649301,46886,4,1
1649301,45061,5,1
1650542,17716,1,1
1650542,8676,2,1
1650542,8475,3,1
1650542,27246,4,1
1650542,28191,5,1
1652915,46553,1,0
1652915,20093,2,0
1652915,27,3,0
1652915,12945,4,0
1652915,26531,5,0
1652915,10500,6,0
1653954,32655,1,1
1653954,31720,2,1
1653954,43129,3,0
1653954,34126,4,0
1653954,5918,5,1
1653954,29311,6,0
1653954,46969,7,0
1653954,47209,8,0
1653954,39877,9,1
1653954,39275,10,1
1653954,11182,11,1
1653954,31714,12,1
1655093,1194,1,1
1655491,27344,1,1
1655491,27845,2,1
1655491,21038,3,1
1655491,41165,4,1
1655491,35951,5,1
1655491,3583,6,0
1655491,28928,7,1
1655491,6680,8,0
1655491,17948,9,1
1655491,14678,10,0
1655491,28934,11,0
1655491,18232,12,1
1655491,38622,13,1
1655491,31391,14,0
1655491,9766,15,0
1655491,21841,16,0
1655491,21137,17,1
1655491,11182,18,0
1655491,27104,19,0
1657323,43789,1,0
1657323,3849,2,1
1657323,36640,3,0
1657323,8736,4,1
1657323,36724,5,1
1657323,33195,6,1
1657323,24838,7,1
1657323,24852,8,1
1657323,21616,9,1
1657323,21903,10,1
1657323,33303,11,1
1657323,47209,12,1
1657323,18465,13,1
1657323,28476,14,1
1657323,45066,15,1
1657323,20536,16,0
1657323,4605,17,0
1657323,12797,18,0
1657323,14197,19,0
1657323,25355,20,0
1657323,33731,21,0
1657323,11286,22,0
1658981,13176,1,1
1658981,1463,2,1
1658981,20899,3,1
1658981,27156,4,0
1658981,5876,5,1
1658981,36550,6,0
1658981,48628,7,1
1658981,16757,8,1
1658981,7521,9,0
1658981,25718,10,1
1659771,18465,1,1
1659771,31553,2,1
1659771,47209,3,1
1659771,44422,4,1
1659771,5373,5,0
1659771,42265,6,0
1659771,14678,7,1
1659771,5785,8,0
1659771,49683,9,1
1660305,38300,1,1
1661234,5120,1,0
1661234,21903,2,1
1661234,21195,3,0
1661234,9020,4,0
1661936,34458,1,0
1661936,4920,2,1
1661936,37067,3,1
1661936,39561,4,0
1661936,15902,5,1
1661936,7175,6,0
1661936,32689,7,0
1662073,11110,1,1
1663588,35249,1,1
1663588,48745,2,1
1663588,12206,3,1
1663588,31981,4,1
1663588,8670,5,1
1663588,20114,6,1
1663588,5024,7,1
1663588,7461,8,1
1663588,16145,9,1
1663588,47766,10,1
1663588,26209,11,1
1663588,23734,12,1
1663588,25659,13,1
1663588,2966,14,1
1663588,17794,15,1
1663588,26800,16,1
1663588,45570,17,1
1663588,47626,18,1
1663588,18465,19,1
1663588,33000,20,0
1663588,18660,21,0
1663588,39275,22,1
1663588,4920,23,0
1663588,34358,24,1
1663588,13176,25,1
1663588,3202,26,0
1663588,33956,27,1
1663588,39332,28,0
1663588,43693,29,0
1663588,42736,30,1
1663588,25930,31,1
1663920,25480,1,1
1663920,22959,2,1
1663920,41178,3,1
1663920,27963,4,1
1663920,12564,5,1
1663920,46023,6,1
1663920,37940,7,1
1663920,20156,8,0
1663920,31589,9,0
1663920,14168,10,1
1663920,21938,11,1
1663920,44325,12,0
1663920,14726,13,0
1663920,19389,14,0
1663920,48587,15,0
1663920,48205,16,0
1663920,604,17,0
1663920,37033,18,0
1663920,16797,19,1
1663920,41351,20,1
1663920,46473,21,1
1665879,30391,1,1
1665879,42585,2,1
1665879,8027,3,1
1665879,46620,4,1
1665879,17429,5,1
1665879,34969,6,1
1667448,29336,1,1
1667448,37646,2,1
1667448,10151,3,1
1667744,22035,1,1
1667744,21137,2,1
1667744,42803,3,1
1667744,47900,4,1
1667744,37158,5,0
1667744,20943,6,0
1667744,6489,7,0
1667744,44749,8,0
1667744,93,9,0
1667744,32792,10,0
1667744,39561,11,0
1667744,32432,12,1
1667844,13176,1,1
1667844,12196,2,1
1667844,43352,3,1
1667844,27845,4,1
1667844,432,5,0
1667844,38544,6,1
1667844,4962,7,1
1668558,17652,1,0
1668558,21174,2,0
1668558,42265,3,1
1668558,5621,4,0
1668558,2326,5,0
1669530,23082,1,1
1669530,25146,2,1
1669530,5385,3,0
1669530,34582,4,1
1669530,11678,5,0
1669530,12879,6,1
1669530,22788,7,0
1669530,24135,8,1
1669530,23888,9,0
1669530,24852,10,1
1669530,36058,11,0
1669530,32156,12,0
1669530,14147,13,1
1669530,10528,14,1
1669933,35057,1,0
1669971,1463,1,0
1669971,18465,2,1
1669971,27521,3,1
1669971,13984,4,1
1669971,41658,5,1
1669971,41220,6,1
1669971,47209,7,1
1669971,48679,8,0
1669971,12714,9,1
1669971,148,10,0
1669971,47626,11,1
1669971,43772,12,1
1669971,32857,13,1
1669971,41437,14,1
1669971,644,15,1
1669971,7969,16,1
1669971,19366,17,1
1669971,23094,18,1
1669971,11422,19,1
1669971,16797,20,1
1669971,18594,21,0
1673616,45504,1,1
1673616,13176,2,1
1673616,43772,3,1
1674425,46313,1,1
1674425,39947,2,0
1674425,17008,3,1
1674425,35168,4,1
1674871,13944,1,1
1674871,3020,2,1
1674871,47888,3,1
1674871,43875,4,1
1674871,38192,5,0
1676008,16020,1,1
1676008,31506,2,1
1676008,19468,3,1
1676008,28697,4,1
1676667,8518,1,0
1676667,16349,2,1
1676667,6873,3,0
1676667,33120,4,0
1676667,8277,5,1
1676667,43889,6,0
1676667,31618,7,1
1676667,22451,8,0
1676667,43086,9,1
1676667,43234,10,1
1676667,47626,11,0
1676667,34166,12,0
1676903,30391,1,1
1676903,47209,2,1
1676903,47626,3,1
1676903,1244,4,1
1676903,18078,5,1
1676903,2295,6,1
1676903,43768,7,1
1676903,26209,8,0
1676903,7916,9,1
1677682,33198,1,1
1677682,28156,2,1
1677682,44987,3,0
1677682,4005,4,0
1677682,44461,5,0
1677682,49097,6,0
1677682,40380,7,0
1677682,13807,8,0
1677682,17163,9,1
1679849,49496,1,1
1679849,48129,2,1
1679849,33664,3,1
1679849,45064,4,1
1679849,34234,5,1
1679849,9076,6,1
1679849,26985,7,1
1679849,24816,8,1
1679849,42004,9,1
1679849,17122,10,1
1679849,46479,11,1
1679849,14161,12,1
1679849,26348,13,1
1679849,21938,14,1
1679849,6073,15,1
1679849,26604,16,1
1679849,25890,17,1
1679849,26172,18,1
1679849,21024,19,0
1679849,16797,20,1
1679849,3808,21,1
1679849,39693,22,1
1679849,45226,23,1
1679849,31365,24,0
1679849,23592,25,0
1679849,25232,26,1
1679849,5097,27,1
1679849,48205,28,1
1679849,5845,29,0
1679849,20580,30,0
1679849,8424,31,0
1679849,36219,32,0
1679849,34550,33,0
1679849,1875,34,0
1679849,4006,35,0
1684202,48745,1,1
1684202,43789,2,1
1684202,24964,3,1
1684202,24363,4,1
1684202,20084,5,0
1684202,47042,6,1
1684202,1253,7,0
1688310,196,1,1
1688310,41276,2,1
1690794,48339,1,0
1690794,1516,2,1
1690794,46047,3,0
1690794,24255,4,0
1690886,12016,1,1
1690886,43122,2,1
1690886,12575,3,1
1690886,32230,4,1
1690886,12980,5,1
1691304,37335,1,1
1691304,48210,2,1
1691304,18288,3,1
1691304,49095,4,1
1691304,45007,5,1
1691304,8467,6,1
1691304,365,7,1
1691304,16142,8,1
1691304,5652,9,0
1691304,8424,10,0
1691304,27086,11,1
1693712,34229,1,0
1693712,15647,2,0
1693712,31248,3,0
1693712,24852,4,1
1693712,28191,5,1
1693712,30849,6,1
1695597,48702,1,1
1695597,35752,2,1
1695597,31506,3,1
1695597,38444,4,1
1695597,5077,5,1
1695597,33065,6,1
1695597,24852,7,1
1695597,25146,8,1
1695597,29487,9,1
1695597,12341,10,1
1695597,3146,11,1
1695597,648,12,1
1696131,34005,1,1
1696131,9076,2,1
1696131,14715,3,1
1696131,21195,4,1
1696131,38928,5,0
1698398,31086,1,1
1698398,27845,2,1
1698398,45066,3,0
1698398,13646,4,0
1701016,8174,1,1
1701016,44636,2,1
1701016,13176,3,1
1701016,35535,4,1
1701016,47766,5,1
1701016,41950,6,1
1701016,30489,7,1
1701016,11250,8,1
1701016,13535,9,0
1701016,8518,10,1
1701016,22935,11,0
1701016,26209,12,1
1701016,5876,13,1
1701016,45063,14,1
1701016,28289,15,1
1701016,43086,16,1
1701016,35547,17,1
1701016,24838,18,1
1701016,29238,19,1
1701016,31461,20,1
1701842,47954,1,1
1701842,42887,2,1
1701842,21333,3,1
1701842,31564,4,0
1701842,36772,5,0
1701842,6343,6,0
1701842,48226,7,1
1701842,24732,8,1
1701842,18599,9,0
1701842,27548,10,1
1701842,21849,11,0
1701842,33379,12,0
1701842,45064,13,0
1701842,7443,14,1
1701842,17744,15,1
1702661,11520,1,1
1702661,41950,2,1
1702661,47766,3,1
1702661,13176,4,1
1702661,39475,5,1
1702661,46820,6,1
1702661,10504,7,1
1702661,36848,8,1
1702661,21019,9,1
1702661,37675,10,1
1702661,26897,11,1
1702661,32299,12,1
1702661,2597,13,1
1702661,31506,14,1
1702661,47651,15,0
1702661,5991,16,0
1702661,27521,17,0
1702661,32640,18,0
1706435,47107,1,0
1706435,37247,2,0
1706435,19356,3,0
1706435,19893,4,0
1706435,27175,5,0
1706435,3413,6,1
1706435,3318,7,1
1706693,4576,1,0
1706693,40986,2,0
1706693,49655,3,0
1706693,33636,4,0
1706693,24706,5,0
1706693,94,6,0
1706693,45767,7,0
1706693,14386,8,0
1706693,20382,9,0
1706693,24385,10,0
1709540,34050,1,1
1709540,4920,2,1
1709540,5824,3,1
1709540,181,4,1
1709540,22017,5,1
1709540,47626,6,1
1709540,24852,7,1
1709540,32915,8,1
1709540,46842,9,1
1709540,19800,10,1
1709540,9387,11,1
1709540,17795,12,0
1709540,28635,13,0
1709540,37565,14,1
1709540,31210,15,1
1709540,46897,16,0
1709540,34110,17,0
1709540,2079,18,0
1709540,2848,19,1
1709540,4006,20,0
1709540,14780,21,0
1709540,48348,22,0
1709540,4635,23,1
1709540,40177,24,0
1709540,30502,25,1
1709540,1062,26,0
1709540,39993,27,0
1709540,7678,28,0
1711546,35914,1,1
1711546,13176,2,1
1711546,5385,3,1
1711546,19057,4,1
1711546,2717,5,1
1711546,15872,6,1
1711546,14999,7,0
1711546,27966,8,1
1711546,43772,9,0
1711546,43961,10,0
1711546,29553,11,0
1711546,31683,12,1
1711546,5748,13,1
1711546,9755,14,0
1711546,44570,15,1
1711546,47766,16,0
1711546,25691,17,0
1711546,378,18,0
1711546,31506,19,0
1712121,24852,1,1
1712121,32330,2,1
1712121,15595,3,1
1712121,30066,4,1
1712121,9558,5,1
1712121,23909,6,1
1712121,9387,7,1
1712121,6046,8,1
1712121,39275,9,0
1712121,15424,10,0
1712121,43371,11,0
1712121,30620,12,0
1712121,17341,13,1
1712121,5782,14,0
1712142,18292,1,1
1712142,940,2,1
1712363,37919,1,1
1713497,36865,1,1
1713497,13263,2,1
1713497,29487,3,1
1713497,32303,4,1
1713497,8309,5,1
1713497,11448,6,1
1713497,4605,7,1
1713497,46654,8,1
1713497,31717,9,1
1713497,26209,10,1
1713497,6104,11,1
1713497,16965,12,1
1713497,21903,13,0
1714617,49318,1,1
1714617,20072,2,1
1714617,9618,3,1
1714617,43445,4,0
1714617,32557,5,0
1714617,4697,6,1
1714617,29555,7,1
1714617,10121,8,1
1714617,44229,9,1
1714617,22963,10,0
1714617,39928,11,1
1714617,35898,12,0
1714617,11250,13,0
1714617,23919,14,0
1714617,49,15,0
1714617,28769,16,0
1714617,40878,17,0
1714983,8197,1,1
1714983,5144,2,1
1714983,23282,3,1
1714983,12492,4,0
1714983,651,5,1
1714983,25355,6,0
1714983,8490,7,0
1714983,26131,8,0
1714983,11374,9,0
1714983,16083,10,1
1716025,11520,1,1
1716025,21137,2,1
1716025,33055,3,1
1716025,46584,4,0
1716025,23763,5,0
1716025,19691,6,0
1716025,38400,7,0
1716025,45763,8,1
1716344,13045,1,0
1716344,40941,2,0
1716344,21936,3,0
1716344,21903,4,1
1716344,8518,5,0
1716344,5450,6,1
1716344,15083,7,0
1716344,212,8,0
1716344,11777,9,1
1716344,24852,10,1
1716344,48628,11,0
1716344,8671,12,0
1716344,12299,13,0
1716344,21137,14,1
1716344,15070,15,0
1716344,36835,16,0
1716344,21607,17,1
1716344,40180,18,0
1716344,20285,19,0
1716344,12276,20,0
1717578,22046,1,1
1719096,39415,1,0
1719096,33401,2,1
1719096,23165,3,0
1719096,47766,4,1
1719096,5025,5,1
1719096,39928,6,0
1719096,39475,7,1
1719096,21137,8,1
1719096,13176,9,1
1719096,26346,10,1
1719096,10017,11,1
1719096,20114,12,0
1719096,42342,13,1
1719096,32442,14,1
1719096,32486,15,1
1719096,48885,16,0
1719096,12419,17,0
1719096,5912,18,0
1719096,45007,19,1
1720258,45066,1,1
1720258,24841,2,1
1720258,46496,3,1
1720258,20899,4,1
1720258,21137,5,1
1720258,31040,6,1
1720258,43961,7,1
1720258,12144,8,1
1720258,37158,9,0
1720258,1511,10,1
1720258,42356,11,0
1721287,45483,1,1
1721287,41120,2,1
1721287,29487,3,1
1721287,47766,4,1
1721287,5583,5,1
1721287,26432,6,0
1721287,48370,7,1
1721326,39812,1,0
1721326,36735,2,0
1721326,40706,3,1
1721326,27521,4,1
1721326,8277,5,1
1722064,32478,1,1
1724891,13263,1,1
1724891,28465,2,1
1724891,45013,3,1
1724891,38777,4,1
1724891,28278,5,1
1724891,42736,6,1
1724891,34243,7,1
1724891,8021,8,1
1724891,27454,9,1
1724891,47500,10,0
1724891,24852,11,0
1724891,16797,12,1
1724891,8277,13,0
1724891,22825,14,0
1724891,9681,15,0
1724891,9864,16,0
1724891,31970,17,0
1724891,46206,18,0
1726396,49235,1,1
1726396,27548,2,0
1726396,45066,3,1
1726396,9076,4,1
1726396,9210,5,1
1726396,8193,6,1
1728768,7070,1,0
1728768,47209,2,0
1728768,34480,3,0
1728768,13166,4,1
1728768,33572,5,1
1728768,32655,6,1
1728768,5077,7,1
1728768,4656,8,0
1728768,41290,9,1
1728768,38890,10,0
1728768,39394,11,0
1730533,32655,1,1
1730533,44910,2,1
1730533,38557,3,0
1730533,13176,4,1
1730533,27966,5,0
1730533,48395,6,1
1730533,41844,7,0
1730533,36717,8,1
1731351,5450,1,1
1731351,5479,2,1
1731351,36929,3,1
1731351,2716,4,0
1731351,35951,5,1
1731351,30563,6,0
1731351,15697,7,0
1731351,16398,8,1
1731351,3835,9,1
1731351,26047,10,1
1731351,37646,11,1
1731351,21903,12,1
1731351,35851,13,1
1731351,34335,14,0
1731351,36550,15,1
1731351,17526,16,0
1731351,38118,17,0
1731351,40604,18,1
1731351,42609,19,0
1731351,7139,20,1
1731351,2864,21,0
1731351,44349,22,0
1731351,8056,23,0
1731351,34262,24,0
1731351,22721,25,0
1731351,3481,26,0
1731351,30391,27,1
1731351,22594,28,1
1731351,24838,29,1
1731351,42617,30,1
1731351,29600,31,0
1731692,35670,1,1
1731692,27104,2,1
1731692,5539,3,1
1731692,19057,4,1
1731767,196,1,1
1731767,14252,2,1
1731767,33198,3,1
1731767,1398,4,1
1732057,4895,1,1
1732057,1154,2,1
1732057,28296,3,1
1732057,21011,4,0
1732057,24097,5,0
1732057,36086,6,0
1732057,45541,7,0
1732057,33846,8,1
1732057,13284,9,0
1732057,33671,10,1
1732057,24852,11,1
1732057,14704,12,0
1732057,21137,13,0
1732910,41624,1,1
1732910,38360,2,0
1732910,28373,3,1
1732910,41149,4,1
1732910,40706,5,1
1732910,8518,6,1
1732910,45007,7,1
1732910,7206,8,0
1732910,40604,9,1
1732910,27241,10,1
1732910,31506,11,1
1732945,432,1,1
1732945,14874,2,1
1732945,8872,3,1
1732945,18660,4,0
1732945,13802,5,0
1732945,5450,6,0
1734377,24852,1,1
1734377,37173,2,1
1734377,44765,3,1
1734377,47766,4,1
1734377,14218,5,0
1734377,16349,6,1
1734377,4605,7,1
1734377,45066,8,1
1734377,8518,9,0
1734377,32864,10,1
1734377,29487,11,0
1734377,24954,12,1
1734377,18926,13,1
1734377,21887,14,0
1734377,26604,15,0
1734377,3957,16,0
1734377,5306,17,0
1734377,36070,18,0
1734377,47626,19,0
1734377,41149,20,0
1734377,26790,21,0
1734377,45311,22,0
1735026,10749,1,1
1735026,30480,2,1
1735026,21009,3,1
1735026,21057,4,1
1735026,25890,5,1
1735026,8424,6,1
1735026,13176,7,1
1735026,42828,8,1
1735026,49235,9,1
1735026,17122,10,1
1735026,48679,11,1
1735026,45123,12,1
1735026,48395,13,1
1735026,10112,14,1
1735026,20574,15,1
1735026,36724,16,1
1735026,34448,17,0
1735026,2130,18,0
1735026,12144,19,0
1735026,42701,20,0
1735277,3583,1,1
1735277,24852,2,1
1735277,1158,3,1
1735277,40545,4,0
1735277,46802,5,1
1735277,9390,6,0
1738998,27966,1,1
1738998,46575,2,1
1738998,24561,3,1
1738998,48287,4,1
1738998,15852,5,0
1738998,29690,6,1
1738998,44533,7,0
1738998,1447,8,0
1738998,23768,9,0
1738998,28842,10,0
1738998,26209,11,0
1738998,23233,12,1
1739669,34126,1,1
1739669,6873,2,1
1739669,1468,3,1
1739669,17794,4,1
1739669,49072,5,1
1739669,6628,6,0
1739669,37524,7,0
1739669,5578,8,1
1739669,43014,9,0
1739669,35140,10,1
1739669,43598,11,0
1739669,31894,12,0
1739669,4655,13,1
1739669,23622,14,1
1741230,11985,1,1
1741230,32478,2,1
1741230,42633,3,0
1741230,32303,4,0
1741230,16850,5,0
1741230,28441,6,1
1741230,5077,7,1
1741230,2064,8,0
1741230,12959,9,0
1745235,13176,1,1
1745235,16283,2,1
1745235,8048,3,1
1745235,8571,4,1
1745235,7862,5,0
1745235,14444,6,1
1745235,31759,7,0
1745235,6184,8,0
1745235,12341,9,1
1745235,42265,10,0
1745235,13424,11,0
1745235,43721,12,0
1745499,24852,1,1
1745499,38739,2,0
1745499,4605,3,1
1745499,15100,4,0
1745499,40136,5,0
1745499,17872,6,0
1745499,10387,7,0
1745499,27360,8,0
1745499,40332,9,1
1745499,18027,10,0
1745499,16953,11,0
1745499,40897,12,0
1745499,25985,13,1
1745499,10819,14,0
1745499,43018,15,0
1745499,15202,16,0
1745499,31238,17,0
1745499,21019,18,1
1745499,35221,19,1
1745499,18653,20,0
1745522,39160,1,0
1745522,11556,2,1
1745522,18352,3,1
1745522,28431,4,0
1745522,18037,5,0
1745522,42828,6,0
1745522,34969,7,0
1745522,25072,8,0
1745522,23044,9,0
1745522,16797,10,1
1749919,19660,1,1
1749919,33000,2,0
1749919,31720,3,0
1749919,21903,4,0
1749919,49683,5,0
1749919,14651,6,0
1749919,39485,7,0
1749919,25489,8,0
1749919,6110,9,0
1749919,21057,10,0
1749919,47526,11,0
1749919,19048,12,0
1749919,42244,13,0
1749919,10960,14,0
1749919,49585,15,0
1749919,16759,16,0
1749919,44359,17,1
1749919,46667,18,1
1749919,18727,19,0
1749919,28849,20,1
1749919,8012,21,0
1751138,28687,1,1
1751138,28450,2,1
1751138,14519,3,1
1751138,29345,4,1
1751138,798,5,0
1751138,31654,6,1
1751867,17533,1,1
1751867,19057,2,1
1751867,28985,3,0
1751867,21405,4,1
1751867,41540,5,0
1751867,13219,6,0
1751867,33198,7,1
1751867,35750,8,1
1751867,40788,9,1
1751867,8138,10,1
1751898,49144,1,1
1751898,49352,2,1
1751898,7185,3,1
1751898,4875,4,0
1751898,13286,5,1
1751898,26002,6,0
1751898,6101,7,0
1751898,23039,8,1
1751898,15895,9,0
1751898,26172,10,1
1751898,33401,11,0
1751898,10145,12,1
1751898,44536,13,1
1751898,12993,14,1
1751898,31610,15,1
1751898,44245,16,0
1751898,22890,17,1
1751923,22825,1,1
1751923,37257,2,1
1751923,34126,3,0
1751923,36695,4,0
1751923,2846,5,1
1751923,40604,6,0
1751923,20549,7,0
1751923,3835,8,1
1752161,18292,1,1
1752161,21903,2,0
1752161,13176,3,0
1752161,38928,4,0
1753720,39408,1,0
1754134,24852,1,0
1754134,4920,2,1
1754134,46969,3,0
1754134,32201,4,1
1754134,32478,5,1
1754134,12935,6,1
1754134,42536,7,1
1754134,40334,8,0
1754134,14233,9,0
1754134,47280,10,0
1754134,42736,11,0
1754134,2086,12,0
1754134,36640,13,0
1757911,6729,1,1
1757911,40939,2,1
1757911,13176,3,0
1757911,30827,4,0
1757911,21573,5,0
1757911,42265,6,0
1757911,39461,7,0
1757945,47766,1,1
1757945,44632,2,1
1757945,21903,3,1
1757945,37687,4,1
1757945,40706,5,1
1757945,39844,6,1
1757945,432,7,1
1757945,35045,8,0
1757945,7485,9,1
1757945,6615,10,1
1757945,19691,11,1
1757945,16797,12,0
1757945,41999,13,0
1757945,12312,14,0
1757945,30391,15,0
1757945,35547,16,0
1759767,15063,1,1
1759767,32139,2,1
1759767,4162,3,1
1764235,35503,1,1
1764235,36011,2,0
1764235,34448,3,0
1764235,46616,4,0
1764235,28286,5,0
1764235,5134,6,0
1764235,21137,7,1
1764235,6218,8,1
1764235,19691,9,0
1764235,19057,10,0
1764235,32177,11,0
1764235,47766,12,0
1764235,35628,13,1
1764235,7781,14,1
1764235,20113,15,0
1764235,40215,16,1
1764235,1099,17,0
1764235,21195,18,0
1764235,31506,19,0
1764235,1360,20,0
1764235,8627,21,0
1764235,13013,22,0
1764235,4421,23,0
1764235,27344,24,0
1764235,17706,25,0
1764235,32981,26,0
1764235,14084,27,0
1764235,16748,28,0
1764235,32096,29,0
1764235,35942,30,0
1764235,14650,31,0
1765193,47209,1,1
1765193,41177,2,1
1767047,23854,1,1
1767047,26346,2,1
1767047,2646,3,1
1767047,4006,4,0
1767047,44142,5,0
1767047,4605,6,1
1767047,14895,7,0
1767047,1437,8,0
1767047,35921,9,1
1767047,27288,10,1
1767047,37646,11,1
1769029,16797,1,1
1769029,46169,2,1
1769029,29145,3,1
1769029,6221,4,0
1769029,14218,5,0
1769029,28156,6,0
1769029,10017,7,1
1770178,248,1,0
1770178,49383,2,0
1770178,9934,3,0
1770178,11422,4,1
1770178,37646,5,1
1770178,1158,6,0
1770178,34584,7,0
1770178,39275,8,1
1770178,24082,9,0
1770178,436,10,1
1770178,28928,11,0
1771783,15182,1,0
1771783,49622,2,0
1771783,13176,3,0
1771783,8277,4,0
1771783,33172,5,0
1771783,45007,6,0
1771783,4605,7,1
1771783,15290,8,0
1771783,18656,9,0
1771783,17634,10,1
1771783,35042,11,1
1771783,21053,12,1
1771783,36618,13,0
1771783,35989,14,0
1771783,7969,15,0
1771783,40174,16,0
1771783,49079,17,0
1772980,14437,1,1
1772980,5818,2,0
1772980,25544,3,1
1772980,47216,4,0
1772980,48299,5,1
1772980,27323,6,0
1772980,28842,7,1
1772980,21416,8,0
1772980,3481,9,1
1772980,23716,10,1
1772980,5250,11,0
1772980,21709,12,1
1774141,47546,1,1
1774141,27413,2,0
1774141,25767,3,1
1774141,44471,4,1
1774141,19660,5,1
1774141,25466,6,0
1774141,3896,7,0
1774141,36735,8,1
1774141,14332,9,0
1774141,29474,10,0
1774141,10514,11,0
1774838,10441,1,1
1776323,36724,1,1
1776323,21137,2,1
1776323,7963,3,1
1776323,27847,4,1
1776323,45007,5,1
1776323,21999,6,1
1776323,36746,7,1
1780123,47977,1,1
1780123,24914,2,0
1780123,26216,3,0
1780123,47551,4,1
1780123,39041,5,1
1780123,23044,6,0
1780123,17579,7,0
1780123,23026,8,1
1780123,14307,9,0
1780123,39947,10,1
1780123,36316,11,0
1780123,31506,12,0
1780123,22831,13,0
1780123,9710,14,0
1780123,24517,15,0
1780123,29363,16,1
1780123,16213,17,1
1780123,42585,18,0
1780123,21227,19,0
1780123,21903,20,1
1785158,27521,1,1
1785158,4142,2,1
1785158,44632,3,1
1785158,14218,4,1
1785158,14277,5,1
1785158,16415,6,1
1785158,4799,7,1
1785158,30450,8,1
1785158,27531,9,1
1785158,16185,10,1
1786184,20777,1,0
1786184,14221,2,0
1786184,7412,3,0
1786184,31418,4,0
1786184,34243,5,0
1786184,10798,6,0
1786184,32655,7,1
1786184,27104,8,0
1786259,16797,1,1
1786259,24852,2,1
1786259,37766,3,1
1786259,22620,4,1
1786259,9166,5,0
1787447,4193,1,0
1787447,12206,2,1
1787447,38273,3,1
1787447,25043,4,0
1787447,35306,5,0
1787447,19678,6,0
1787447,43122,7,0
1787447,39332,8,0
1787447,39448,9,1
1787447,3957,10,1
1787447,25718,11,1
1787447,34124,12,0
1787447,43463,13,0
1787447,432,14,1
1787447,37646,15,1
1787447,1713,16,1
1787447,45221,17,0
1787447,2361,18,1
1787447,23586,19,1
1787447,278,20,0
1787447,12204,21,0
1787447,49683,22,0
1787447,17794,23,0
1787447,49533,24,0
1787447,45249,25,0
1787447,23769,26,0
1787447,23554,27,0
1787447,31892,28,0
1787447,39469,29,0
1787447,35108,30,0
1787447,15399,31,0
1787447,5449,32,1
1787628,21186,1,1
1787628,13870,2,1
1787628,42240,3,1
1787628,22520,4,1
1787628,36076,5,0
1787628,19639,6,1
1787628,10481,7,0
1787628,48523,8,0
1787628,18988,9,1
1787628,48797,10,0
1788105,48808,1,0
1788105,16553,2,1
1788105,33122,3,1
1788105,10957,4,1
1788105,277,5,1
1788105,17016,6,0
1788105,35560,7,0
1788105,1117,8,1
1788105,10613,9,1
1788105,15923,10,1
1788105,3856,11,1
1788105,29980,12,0
1788105,35341,13,0
1788105,49558,14,1
1788105,204,15,0
1788105,43329,16,0
1788275,38293,1,0
1788275,20955,2,1
1788275,40034,3,0
1788275,17616,4,0
1789420,24852,1,1
1789420,37966,2,1
1789420,47209,3,1
1789420,36746,4,1
1789420,22963,5,1
1789420,19261,6,0
1789420,27930,7,0
1789420,41488,8,0
1789420,6238,9,0
1789420,46584,10,0
1790681,25138,1,1
1790681,39877,2,1
1790681,16797,3,1
1790681,6341,4,1
1790681,38185,5,1
1790681,32935,6,1
1790681,33597,7,1
1790681,12831,8,1
1790681,34283,9,1
1790681,30756,10,1
1790681,43950,11,0
1790681,46870,12,0
1790681,44487,13,0
1790681,42356,14,1
1790681,127,15,0
1790681,47931,16,0
1790681,14335,17,0
1790942,31717,1,1
1790942,41588,2,1
1790942,43980,3,1
1790942,30391,4,1
1790942,41220,5,1
1790942,21841,6,1
1790942,25588,7,1
1790942,18656,8,1
1790942,27286,9,1
1790942,26940,10,1
1790942,5785,11,1
1790942,13802,12,1
1790942,47209,13,1
1790942,44359,14,1
1790942,49383,15,1
1790942,46667,16,1
1790942,8859,17,1
1790942,8277,18,1
1793343,23909,1,1
1793343,29487,2,1
1793343,10613,3,1
1793343,15100,4,1
1793343,40332,5,1
1793343,31553,6,1
1793343,29373,7,0
1793343,8153,8,0
1793343,25670,9,0
1793343,43352,10,1
1793343,35124,11,0
1793343,5618,12,0
1795166,4210,1,1
1795166,22053,2,0
1795166,14970,3,0
1795166,13904,4,0
1795166,18,5,0
1795166,13655,6,0
1795166,45217,7,0
1795166,24382,8,0
1795166,6274,9,0
1795166,16816,10,1
1795166,44761,11,1
1795166,21620,12,1
1795166,19953,13,1
1795166,4895,14,1
1796077,24852,1,1
1796077,4605,2,0
1796077,20114,3,1
1796077,28842,4,1
1796077,5818,5,0
1796077,42315,6,1
1796077,46979,7,0
1796077,13852,8,0
1796077,34358,9,0
1796077,25890,10,1
1796077,10017,11,1
1796077,19508,12,0
1796738,42450,1,1
1796738,21267,2,0
1796738,46853,3,1
1796738,40604,4,1
1796738,7781,5,1
1796738,30489,6,1
1796738,1017,7,1
1799238,31893,1,0
1799238,26128,2,1
1799238,40545,3,0
1799238,1215,4,0
1799238,19634,5,0
1799238,28156,6,0
1799238,22828,7,0
1799238,31040,8,0
1799238,32139,9,0
1799238,40688,10,0
1799238,21616,11,1
1799238,40706,12,0
1799238,46394,13,0
1799238,48745,14,0
1800442,3782,1,1
1800442,5077,2,1
1800442,36736,3,1
1800442,37354,4,0
1800442,29487,5,0
1800442,19165,6,0
1800442,40214,7,1
1800442,19402,8,0
1800442,14502,9,0
1800578,45681,1,0
1800578,4462,2,1
1800578,14715,3,0
1800578,38838,4,0
1800578,5450,5,1
1800578,27336,6,1
1800578,26497,7,1
1800578,17429,8,0
1800578,15604,9,1
1800578,14870,10,0
1800578,4086,11,0
1800578,38996,12,1
1800578,26209,13,1
1800578,23734,14,0
1800578,21543,15,1
1800578,24852,16,0
1800578,10771,17,0
1800578,16797,18,1
1800578,43352,19,1
1800578,16400,20,0
1800578,43693,21,1
1800578,31981,22,1
1800578,19204,23,1
1800578,9076,24,1
1800578,34448,25,1
1800578,42585,26,1
1800578,39928,27,1
1800578,5876,28,1
1800578,40612,29,1
1800578,13014,30,1
1800578,25890,31,1
1800578,26604,32,1
1800578,31683,33,1
1800578,14858,34,1
1800578,43165,35,1
1800578,24810,36,1
1800578,45152,37,0
1800578,34358,38,0
1800578,28842,39,1
1800578,42625,40,0
1800578,5024,41,0
1800578,7010,42,0
1800578,18615,43,0
1800578,34401,44,0
1800578,248,45,0
1801103,45570,1,1
1801103,14764,2,1
1801103,41273,3,1
1801103,17652,4,1
1801103,47209,5,1
1801103,2350,6,1
1801103,16127,7,1
1801103,45374,8,1
1801103,2086,9,1
1801103,35004,10,1
1801227,20842,1,1
1801227,11777,2,1
1801227,16797,3,0
1801227,26604,4,1
1801227,40706,5,1
1801227,2295,6,0
1801227,27012,7,0
1801227,31242,8,0
1801227,581,9,0
1801227,35911,10,0
1801227,25890,11,1
1801227,27959,12,0
1801227,47626,13,1
1802583,45683,1,0
1802698,34301,1,1
1802698,48004,2,1
1802698,8501,3,1
1802698,9076,4,0
1802698,40939,5,1
1802698,14161,6,0
1802698,25146,7,1
1805705,32271,1,0
1805705,47357,2,0
1805705,7600,3,0
1805705,11281,4,0
1805705,16797,5,1
1807468,11068,1,1
1807468,13176,2,1
1807468,47626,3,1
1809002,5077,1,1
1809002,13629,2,1
1809002,39670,3,1
1809002,40310,4,1
1809002,21938,5,1
1809002,22935,6,1
1809002,16953,7,1
1809002,33333,8,1
1810037,28199,1,0
1810037,42404,2,1
1810037,33568,3,0
1810037,21278,4,1
1810037,10129,5,1
1810037,44142,6,1
1810037,24535,7,1
1811937,24852,1,1
1811937,2962,2,1
1811937,47766,3,1
1811937,5876,4,1
1811937,30391,5,1
1811937,27471,6,0
1811937,12070,7,0
1811937,42117,8,0
1811937,23341,9,0
1811937,36606,10,0
1811937,39174,11,1
1811937,18988,12,0
1811937,34969,13,0
1811937,16797,14,1
1811937,4985,15,1
1811937,17836,16,1
1811937,17341,17,0
1811937,26283,18,0
1813626,13560,1,1
1813626,23645,2,1
1813626,1409,3,1
1813626,9203,4,1
1813626,8710,5,1
1813626,15842,6,1
1813626,18105,7,0
1813626,23537,8,0
1813626,39921,9,1
1814828,28842,1,1
1814828,44177,2,1
1814828,397,3,0
1814828,15359,4,0
1814828,22890,5,0
1814828,3007,6,0
1814828,33231,7,1
1814828,43389,8,0
1814828,36591,9,0
1814828,44887,10,0
1814828,23734,11,1
1815193,10768,1,1
1815193,17872,2,1
1815193,14161,3,1
1815193,39275,4,1
1815193,21683,5,1
1815193,8057,6,1
1815193,13848,7,1
1815193,33768,8,1
1815193,12614,9,1
1815193,13176,10,0
1816738,9421,1,1
1816738,30776,2,1
1816738,23416,3,1
1816738,43136,4,1
1816813,3459,1,0
1818313,37312,1,0
1818313,3081,2,1
1818313,49401,3,1
1818313,12442,4,1
1818313,36607,5,1
1818313,21343,6,1
1818313,33796,7,1
1818313,25466,8,1
1818313,26165,9,1
1818313,3957,10,1
1818313,2966,11,1
1818410,43693,1,1
1818410,18767,2,1
1818410,24852,3,1
1818410,40454,4,1
1818410,27360,5,1
1818410,49279,6,1
1818410,36144,7,1
1818410,12212,8,1
1818410,20259,9,1
1818410,38511,10,1
1818410,43251,11,1
1818410,6991,12,1
1818410,8664,13,0
1818410,4591,14,1
1818410,8683,15,0
1818433,13328,1,0
1818433,6128,2,1
1818433,41351,3,1
1818433,48044,4,1
1818433,35622,5,0
1818433,8590,6,0
1818433,8506,7,0
1818433,25976,8,0
1818433,48144,9,0
1818433,5077,10,1
1818433,44325,11,1
1818433,24097,12,0
1822637,35951,1,1
1822637,47766,2,1
1822637,39275,3,1
1822637,21903,4,1
1822637,28289,5,1
1822637,35887,6,0
1822637,22035,7,1
1822637,37646,8,1
1822637,5134,9,1
1822637,30391,10,1
1822674,24852,1,1
1822674,9018,2,1
1822674,20985,3,1
1822674,24037,4,1
1822674,23616,5,0
1822674,4660,6,0
1822674,19389,7,0
1822674,46941,8,0
1822674,46572,9,0
1824105,38689,1,1
1824105,5161,2,1
1824105,47209,3,1
1824105,48086,4,1
1824105,18362,5,1
1824105,10199,6,0
1824105,25340,7,0
1824105,30489,8,0
1824105,49510,9,0
1824105,15050,10,0
1824105,20536,11,0
1824105,47626,12,0
1824105,35652,13,1
1824105,39812,14,1
1824105,27521,15,1
1824105,49521,16,0
1824105,39877,17,1
1824105,17794,18,1
1824105,30233,19,0
1824105,27966,20,0
1824105,13379,21,0
1824105,12872,22,0
1824105,22151,23,0
1824105,26723,24,1
1824105,29487,25,1
1824105,44359,26,1
1824105,4605,27,1
1824105,34126,28,1
1824105,24964,29,1
1824105,22035,30,0
1824105,10899,31,0
1824105,1751,32,0
1825319,432,1,1
1825319,38548,2,0
1825319,39275,3,0
1825319,45570,4,1
1825319,43988,5,1
1825319,11520,6,1
1825319,35925,7,0
1825319,46886,8,1
1825319,43352,9,1
1825319,24622,10,1
1825319,3382,11,0
1825319,47042,12,0
1825319,38510,13,0
1825319,17794,14,0
1825319,8424,15,0
1825319,35629,16,0
1825319,44310,17,1
1825319,16349,18,0
1825319,12157,19,0
1825319,16797,20,0
1825319,10385,21,0
1825617,47244,1,0
1825617,16709,2,0
1825617,43693,3,0
1825885,30908,1,1
1825885,26348,2,1
1826332,15576,1,0
1826332,26940,2,1
1826332,45741,3,1
1826332,46654,4,0
1827270,5077,1,1
1827270,33548,2,1
1827270,23296,3,1
1827270,10032,4,1
1827270,17316,5,0
1827270,22890,6,1
1827270,39710,7,0
1827270,42110,8,0
1827270,29327,9,1
1827270,8590,10,1
1827270,19505,11,1
1827270,29487,12,1
1827270,11679,13,0
1827270,20378,14,1
1827270,15416,15,1
1827270,7600,16,0
1827270,38185,17,0
1827270,47145,18,1
1827270,47229,19,0
1827270,45698,20,0
1827270,9076,21,1
1828508,29610,1,1
1829292,28827,1,1
1829292,14771,2,0
1829292,19189,3,1
1829292,35315,4,1
1829292,40365,5,1
1829292,714,6,1
1830141,13176,1,1
1830141,25653,2,1
1830141,17419,3,1
1832040,47141,1,1
1832040,3873,2,1
1832040,39481,3,1
1832040,17093,4,0
1832040,13636,5,0
1832040,13393,6,0
1832040,46167,7,0
1832040,41709,8,0
1832040,1541,9,1
1832040,37725,10,1
1832040,15626,11,1
1832040,30495,12,1
1832040,26172,13,1
1832040,48323,14,1
1832040,42830,15,0
1832040,5198,16,0
1832040,6046,17,0
1832040,19539,18,0
1832040,16370,19,0
1832219,28199,1,1
1832219,13829,2,1
1832219,47766,3,1
1832219,10761,4,1
1832219,11352,5,1
1832219,38689,6,1
1832219,13176,7,1
1832219,35951,8,1
1832219,13560,9,1
1832219,34448,10,1
1832219,47788,11,1
1833259,24852,1,1
1833259,38303,2,0
1833259,10998,3,0
1833259,31343,4,0
1833259,21903,5,1
1834969,19134,1,1
1834969,41787,2,1
1834969,24852,3,1
1834969,28204,4,1
1834969,43279,5,0
1834969,264,6,0
1834969,15279,7,1
1834969,3594,8,0
1834969,35417,9,0
1838398,44624,1,0
1838398,432,2,0
1838398,38938,3,0
1838398,46667,4,0
1838398,5876,5,0
1839300,39275,1,0
1839300,4692,2,1
1839300,19057,3,1
1839300,47209,4,1
1839300,11090,5,1
1839300,36695,6,1
1839300,19932,7,1
1839300,19731,8,1
1839300,1244,9,0
1839300,10749,10,1
1839300,43768,11,0
1839300,34824,12,1
1839300,47283,13,0
1839300,19366,14,1
1839300,18391,15,0
1839968,4724,1,1
1839968,30827,2,0
1839968,38883,3,0
1839968,16974,4,0
1840173,28448,1,0
1840173,34050,2,1
1840173,14305,3,0
1840173,38656,4,0
1840173,28204,5,1
1841996,13709,1,1
1841996,25659,2,1
1841996,22935,3,1
1841996,4675,4,1
1841996,2309,5,0
1841996,30391,6,1
1841996,47766,7,0
1841996,24838,8,0
1847061,31825,1,0
1847408,22035,1,1
1847408,24852,2,1
1847408,2876,3,1
1847408,47766,4,0
1847408,34969,5,0
1847408,29487,6,1
1847408,40706,7,1
1847408,4799,8,1
1847408,2180,9,1
1847408,45007,10,1
1847408,35547,11,1
1847408,25931,12,1
1847408,48679,13,0
1847408,11494,14,0
1847408,17878,15,1
1847408,14633,16,0
1851068,37019,1,1
1851068,24852,2,1
1851068,46979,3,1
1851068,31635,4,1
1851068,46820,5,1
1851068,35364,6,1
1851068,42803,7,1
1851068,15207,8,1
1851068,17600,9,1
1851068,49191,10,1
1851068,36011,11,1
1851068,38739,12,0
1851068,14678,13,1
1851068,21137,14,1
1851713,16953,1,0
1851713,17819,2,0
1851713,22617,3,1
1851713,24703,4,1
1851713,16213,5,1
1851713,15424,6,1
1851713,19076,7,1
1851713,26262,8,1
1851713,29502,9,0
1851713,4691,10,1
1851713,30194,11,1
1851713,29615,12,1
1851713,44987,13,0
1856967,4210,1,1
1856967,9292,2,1
1856967,10032,3,1
1856967,45037,4,1
1856967,45253,5,1
1856967,13462,6,0
1858361,21903,1,1
1858361,4149,2,1
1859904,21292,1,1
1859904,26405,2,0
1859904,6615,3,1
1859904,33720,4,0
1862761,35828,1,1
1862761,16696,2,1
1862761,36993,3,1
1862761,28016,4,1
1862761,23778,5,1
1862761,26006,6,1
1862761,24239,7,1
1862761,33036,8,1
1862761,31356,9,1
1862761,36551,10,0
1862761,30989,11,0
1862761,34523,12,0
1862761,14079,13,0
1862761,5644,14,0
1862761,48440,15,0
1862761,5098,16,1
1862761,1905,17,1
1862761,44234,18,0
1862761,16374,19,1
1862761,49139,20,1
1862761,48982,21,1
1866334,24852,1,1
1866334,9387,2,1
1866334,31915,3,0
1866334,5713,4,0
1866334,40174,5,1
1871935,39275,1,1
1871935,22856,2,1
1871935,19057,3,1
1871935,12606,4,1
1871935,27104,5,1
1871935,25659,6,1
1871935,37642,7,1
1871935,42944,8,0
1873277,19660,1,1
1873277,34551,2,1
1873298,49520,1,1
1873298,47144,2,1
1873298,35221,3,1
1873298,20345,4,1
1873298,12039,5,1
1873298,31555,6,1
1873298,18599,7,1
1873298,47766,8,1
1873298,47626,9,1
1873298,28849,10,1
1873298,13646,11,1
1873298,21137,12,1
1873298,49114,13,1
1873298,21009,14,0
1873298,45081,15,1
1873298,24561,16,1
1873298,19057,17,1
1873298,4605,18,1
1873298,28842,19,0
1873298,26209,20,1
1873298,11182,21,1
1873298,24184,22,1
1873298,44765,23,0
1873298,3599,24,1
1873298,27966,25,0
1873298,9598,26,1
1873298,21288,27,0
1873298,26790,28,1
1873298,5194,29,0
1873298,39005,30,0
1873298,44560,31,0
1873298,30391,32,0
1873298,17568,33,0
1874631,36011,1,0
1874631,23383,2,0
1874631,28204,3,0
1874631,18465,4,1
1874631,10369,5,1
1874631,37067,6,1
1877716,3957,1,1
1878036,45603,1,1
1878036,30776,2,1
1878036,24852,3,1
1878036,31766,4,1
1878036,21497,5,1
1878036,1751,6,1
1878036,40545,7,1
1878036,8021,8,1
1878036,41844,9,1
1878036,14462,10,1
1878036,49683,11,1
1878036,41271,12,1
1878036,29118,13,1
1878036,38689,14,1
1878036,47630,15,1
1878036,31066,16,0
1878036,42460,17,1
1878036,48364,18,0
1878036,25340,19,0
1878036,37158,20,1
1878036,10715,21,0
1878036,22963,22,1
1878036,6187,23,1
1879132,34586,1,0
1879132,47248,2,1
1879132,8859,3,1
1879132,23704,4,1
1879132,21089,5,1
1881698,21137,1,1
1881698,38689,2,1
1881698,13176,3,1
1881698,8174,4,1
1885041,45679,1,1
1885041,5450,2,1
1885041,21903,3,1
1885041,20340,4,1
1885041,42234,5,0
1886508,13176,1,1
1886508,47209,2,1
1886508,40174,3,1
1886508,9839,4,1
1886508,15455,5,0
1886508,1446,6,0
1886508,12193,7,1
1886508,37067,8,1
1886508,45066,9,0
1886508,47229,10,0
1886508,42265,11,0
1886508,16759,12,1
1886508,44359,13,0
1886508,43122,14,1
1886508,25659,15,0
1886508,48079,16,0
1886508,34067,17,1
1886508,10121,18,1
1886508,10017,19,0
1886508,5621,20,0
1886508,34419,21,0
1888566,32478,1,1
1888566,21137,2,0
1888566,31985,3,1
1888566,14159,4,1
1888566,17924,5,1
1888566,26348,6,1
1888595,47031,1,1
1889946,30391,1,1
1889946,30450,2,1
1889946,34249,3,0
1889946,35461,4,1
1889946,13176,5,1
1889946,39928,6,1
1889946,46331,7,1
1889946,45249,8,1
1889946,9373,9,0
1889946,42701,10,0
1889946,23181,11,1
1889946,21903,12,1
1889946,12456,13,1
1889946,43654,14,1
1889946,48679,15,1
1889946,43234,16,1
1889946,22400,17,0
1889946,31730,18,0
1889946,44987,19,1
1889946,17871,20,0
1889946,47766,21,1
1889946,40706,22,1
1889946,21385,23,1
1889946,28058,24,1
1889946,7247,25,1
1890784,44980,1,1
1890784,24852,2,1
1891028,19887,1,0
1891420,35417,1,1
1891420,13517,2,1
1891420,24852,3,1
1891420,5450,4,1
1891420,47626,5,1
1891420,31717,6,1
1891420,33279,7,0
1891420,22935,8,1
1891420,25890,9,0
1891420,46979,10,0
1891420,44987,11,1
1891420,39558,12,1
1891420,48679,13,1
1893318,5091,1,1
1893318,40255,2,1
1895151,27104,1,1
1895151,38108,2,1
1895151,46584,3,1
1895151,26856,4,0
1895151,38890,5,1
1895151,4482,6,1
1895151,38596,7,1
1895151,14870,8,0
1895151,2337,9,1
1895151,27336,10,1
1898924,16290,1,1
1898924,30233,2,1
1898924,27086,3,1
1898924,14127,4,1
1898924,35221,5,1
1902173,7089,1,0
1902173,9597,2,1
1902173,21137,3,0
1902173,5876,4,1
1902173,26800,5,0
1902173,12975,6,0
1903017,5258,1,0
1904277,32227,1,1
1905641,47209,1,0
1905641,1702,2,1
1905641,35440,3,0
1905641,36130,4,0
1905641,13578,5,0
1905641,13619,6,0
1905641,30406,7,0
1905641,47946,8,0
1905775,15599,1,1
1905775,6489,2,1
1905775,21050,3,1
1905775,4210,4,1
1907154,16759,1,1
1907154,24282,2,1
1907154,26553,3,1
1907154,24622,4,1
1907154,23888,5,1
1907154,29487,6,1
1907154,44177,7,1
1907154,881,8,0
1907154,18610,9,1
1907154,41290,10,1
1907154,26152,11,0
1907154,3096,12,1
1907336,27904,1,1
1907336,18618,2,1
1907336,33957,3,1
1907336,45687,4,1
1910288,41787,1,1
1910288,32429,2,1
1910288,28842,3,0
1910288,22952,4,0
1910288,32605,5,0
1910288,24184,6,0
1910288,15290,7,0
1910288,17794,8,0
1910288,44514,9,0
1910288,44142,10,0
1910288,8424,11,0
1910288,42625,12,1
1910288,4210,13,1
1910288,13517,14,0
1910288,39408,15,0
1910288,24852,16,1
1910288,14218,17,0
1910288,16797,18,1
1910288,49191,19,0
1910288,3856,20,0
1910288,3529,21,0
1912250,10243,1,0
1912250,28985,2,1
1912250,47144,3,0
1912250,24852,4,0
1912250,32029,5,0
1912250,228,6,0
1912250,21938,7,0
1912250,34466,8,0
1912250,20520,9,0
1912250,28849,10,0
1912250,16277,11,0
1912250,27531,12,1
1912250,3550,13,0
1912250,204,14,0
1912517,35898,1,0
1912517,18209,2,1
1912517,29112,3,0
1912517,24816,4,1
1912517,32429,5,1
1912517,47766,6,1
1912517,12811,7,1
1912517,40332,8,1
1912517,1940,9,1
1912517,44042,10,1
1912517,7644,11,1
1912517,46041,12,1
1912517,41301,13,1
1912517,23011,14,1
1912517,26312,15,1
1912517,13733,16,1
1912517,24649,17,1
1913133,39002,1,1
1913133,32710,2,0
1913133,8518,3,1
1913133,16432,4,0
1913133,25471,5,0
1913133,40529,6,0
1913133,23712,7,0
1914757,19348,1,1
1914757,34106,2,1
1914757,33787,3,1
1914757,18523,4,0
1914757,40571,5,0
1914757,8424,6,1
1914757,47626,7,1
1914757,45804,8,1
1914757,44533,9,1
1914757,27344,10,1
1914757,27179,11,1
1914757,6626,12,1
1914757,45030,13,1
1914757,33552,14,1
1914757,3590,15,0
1914757,34247,16,0
1914757,11304,17,0
1914757,14118,18,0
1914757,30638,19,1
1914757,9623,20,0
1914757,7343,21,0
1914757,42450,22,0
1914757,5438,23,0
1914757,44142,24,1
1914757,36331,25,0
1914757,25952,26,1
1915080,47209,1,1
1915080,33120,2,1
1915080,22149,3,0
1915080,21380,4,0
1915080,44632,5,1
1915080,49131,6,0
1915080,37119,7,1
1916531,47209,1,1
1916531,34243,2,1
1917041,43352,1,1
1917041,35221,2,1
1917041,21709,3,1
1917041,44632,4,1
1917528,47766,1,1
1917528,38775,2,1
1917528,24852,3,1
1917528,16797,4,1
1917528,34969,5,1
1917528,45066,6,0
1917528,33129,7,0
1917528,14493,8,1
1917528,44234,9,0
1917974,16797,1,1
1917974,9038,2,1
1917974,45066,3,1
1917974,11009,4,1
1917974,47626,5,1
1917974,44359,6,0
1917974,34049,7,1
1917974,24852,8,1
1917974,49683,9,1
1917974,26209,10,1
1917974,44375,11,1
1917974,48395,12,1
1917974,30183,13,1
1917974,2374,14,1
1917974,4778,15,1
1917974,4138,16,1
1917974,9901,17,1
1917974,34449,18,1
1917974,1994,19,1
1917974,28054,20,1
1917974,287,21,1
1917974,29487,22,1
1917974,33465,23,1
1917974,23560,24,1
1917974,37011,25,1
1917974,794,26,1
1917974,14897,27,1
1917974,24622,28,1
1917974,1511,29,1
1917974,20561,30,1
1917974,28199,31,1
1917974,2295,32,0
1917974,16959,33,0
1917974,14337,34,0
1917974,42110,35,0
1922567,39408,1,1
1922567,13424,2,1
1922567,196,3,1
1922567,32303,4,1
1922567,39275,5,1
1922567,9358,6,1
1922567,23826,7,1
1922598,9411,1,1
1922598,5727,2,1
1922598,5770,3,0
1922598,40310,4,1
1922598,28016,5,1
1922781,40332,1,1
1922781,41808,2,1
1922781,45854,3,1
1922781,48205,4,1
1922781,6131,5,1
1922781,31087,6,0
1922781,25544,7,1
1922781,37250,8,0
1924345,39225,1,0
1924345,18441,2,0
1924345,21616,3,1
1924345,12686,4,0
1928172,33198,1,1
1928172,27696,2,1
1928271,20888,1,1
1928271,22367,2,1
1928271,24954,3,1
1928271,4605,4,1
1928271,20734,5,0
1928271,47766,6,1
1928688,24852,1,1
1928688,36838,2,1
1928688,7331,3,1
1928688,18337,4,1
1928688,39041,5,1
1928688,20380,6,1
1928688,41273,7,1
1928688,25830,8,1
1928688,5268,9,0
1928688,34940,10,1
1928688,4562,11,0
1928688,43961,12,0
1928688,33129,13,1
1928688,16198,14,0
1928688,8174,15,0
1928688,45066,16,0
1928688,34234,17,1
1928688,7781,18,1
1928688,6184,19,0
1928688,39299,20,1
1929035,18947,1,0
1929035,41475,2,0
1929035,34134,3,0
1929035,14211,4,0
1929035,43875,5,0
1929035,21737,6,0
1929035,47888,7,0
1929035,6891,8,0
1929035,39468,9,0
1929035,42345,10,0
1929035,44787,11,0
1929035,23527,12,0
1929035,5103,13,0
1930547,34027,1,1
1930547,480,2,0
1930547,46410,3,0
1930547,15872,4,1
1930547,16797,5,0
1930547,20512,6,1
1930547,28635,7,0
1930547,49191,8,0
1930547,49520,9,0
1930765,27845,1,1
1930765,13176,2,1
1930765,39877,3,1
1935756,24852,1,1
1935756,20919,2,1
1935756,23322,3,1
1935756,16797,4,1
1935756,6128,5,0
1935756,32943,6,0
1935756,19935,7,0
1935756,49098,8,1
1935756,2519,9,1
1935756,45854,10,0
1935756,45938,11,0
1935756,22866,12,0
1935756,28204,13,1
1935756,4920,14,1
1935756,41729,15,1
1935756,5803,16,0
1940638,36316,1,1
1940638,10690,2,1
1940638,47977,3,1
1940638,49520,4,1
1941661,13176,1,1
1941661,45007,2,1
1941661,27104,3,1
1941661,21137,4,1
1941661,20842,5,1
1941661,18656,6,1
1941661,30391,7,1
1941661,24221,8,1
1941661,10749,9,1
1941661,33540,10,1
1941661,2295,11,1
1941661,36923,12,1
1941661,43961,13,0
1941661,36865,14,0
1941661,21903,15,1
1941661,39928,16,1
1941661,26209,17,1
1941661,47626,18,1
1941661,27966,19,1
1941661,260,20,0
1941661,47209,21,0
1941661,26683,22,1
1941661,33768,23,0
1941661,29117,24,0
1941661,8309,25,0
1941661,24964,26,0
1941661,1025,27,1
1941661,8424,28,0
1941661,38400,29,0
1942002,5212,1,1
1942002,4781,2,1
1942002,49416,3,1
1942002,27470,4,1
1942002,46667,5,1
1942002,12703,6,1
1942002,46470,7,0
1942002,33290,8,1
1942002,48775,9,0
1942281,31662,1,1
1942281,34358,2,0
1942281,31717,3,0
1942281,20383,4,0
1942281,16521,5,0
1942281,31562,6,0
1942281,44632,7,1
1942281,24852,8,1
1942281,47280,9,1
1942281,22963,10,1
1942281,5251,11,1
1942281,47900,12,1
1942281,17795,13,0
1942281,21903,14,1
1942281,1598,15,0
1942281,31034,16,1
1942281,38739,17,0
1942281,20114,18,1
1942281,16589,19,1
1942281,46979,20,0
1943051,3957,1,1
1943051,47209,2,1
1943051,19820,3,1
1943051,17600,4,1
1943051,29405,5,1
1943051,4462,6,0
1943051,1962,7,1
1943051,44116,8,1
1943051,8277,9,0
1943051,21526,10,1
1943051,9515,11,0
1943051,12456,12,1
1943845,30967,1,0
1943845,24852,2,1
1943845,2748,3,1
1943845,35951,4,1
1943845,10831,5,1
1943845,45504,6,1
1943845,37646,7,1
1943845,10826,8,1
1943845,36070,9,1
1943845,22825,10,0
1943845,3066,11,0
1943845,7911,12,1
1943845,5134,13,1
1943845,37141,14,0
1943845,45767,15,1
1943845,34590,16,1
1943845,16363,17,1
1943845,20995,18,1
1943845,30391,19,1
1943845,9521,20,1
1943929,19677,1,1
1943929,24838,2,1
1943929,41273,3,1
1943929,48205,4,1
1943929,16696,5,0
1943929,13176,6,0
1943929,2229,7,0
1943929,20547,8,0
1943929,44142,9,0
1943929,40637,10,0
1943929,11281,11,0
1943929,33990,12,0
1943929,5077,13,0
1943929,29553,14,0
1943929,22556,15,0
1943929,30353,16,0
1945564,10255,1,1
1945564,116,2,1
1945564,5674,3,1
1945564,20028,4,0
1945564,41569,5,0
1945564,13822,6,1
1945564,47486,7,1
1945564,8590,8,1
1945564,39059,9,0
1945564,45372,10,1
1948328,26165,1,1
1948328,5479,2,1
1948328,27872,3,0
1948328,29801,4,0
1948328,7213,5,0
1948328,34050,6,0
1951533,13259,1,1
1951533,31651,2,1
1954341,49605,1,1
1954341,19051,2,1
1954341,39132,3,0
1954341,1313,4,1
1954341,16519,5,0
1954341,47141,6,0
1954341,41682,7,0
1954341,49520,8,0
1956948,21198,1,1
1956948,9036,2,1
1956948,25138,3,0
1956948,40516,4,0
1956948,21137,5,1
1956948,26604,6,0
1956948,43352,7,0
1956948,17948,8,1
1956948,1158,9,1
1956948,9390,10,1
1956948,32030,11,0
1956948,44837,12,1
1956948,7058,13,1
1956948,33636,14,1
1956948,29700,15,0
1956948,37646,16,1
1956948,10305,17,0
1956948,29941,18,0
1956948,44359,19,0
1956948,26882,20,1
1956948,3376,21,1
1956948,14678,22,0
1956948,44514,23,0
1956948,45007,24,0
1956948,48679,25,0
1956948,23854,26,0
1956948,37687,27,1
1956948,27355,28,1
1956948,21903,29,0
1957637,24852,1,1
1957637,13806,2,1
1957637,4097,3,1
1957637,43643,4,1
1957637,25767,5,1
1957637,31127,6,1
1957637,42356,7,1
1957637,21137,8,1
1957637,29763,9,1
1957637,23499,10,1
1957637,11777,11,0
1957637,34969,12,1
1957637,26497,13,0
1959158,24852,1,1
1959158,21709,2,1
1959158,42442,3,1
1959158,45311,4,1
1959158,11520,5,1
1959158,20760,6,1
1959158,34249,7,1
1959158,25630,8,0
1959158,39275,9,0
1959158,30489,10,0
1959158,31040,11,1
1959158,26790,12,0
1959158,22220,13,0
1959158,39430,14,0
1959158,47209,15,0
1959158,41658,16,1
1959158,4605,17,1
1959158,41834,18,0
1959158,20520,19,0
1959158,11250,20,0
1959158,10132,21,0
1959158,21267,22,1
1959158,26497,23,0
1959158,12980,24,1
1959430,33198,1,1
1959430,47209,2,1
1959430,24852,3,1
1959430,33000,4,1
1959430,13702,5,1
1959430,24964,6,1
1959430,18286,7,1
1959430,46069,8,1
1959430,36070,9,0
1959430,33401,10,1
1959430,4487,11,1
1959430,30953,12,1
1959430,25346,13,0
1959430,46378,14,0
1959430,22277,15,0
1959430,43286,16,0
1959430,41553,17,0
1962060,46820,1,0
1962060,12440,2,0
1962060,42265,3,1
1962060,22384,4,1
1962060,15604,5,1
1962060,30489,6,1
1962060,46979,7,0
1962060,47626,8,0
1962060,31371,9,0
1962060,16797,10,0
1962060,49683,11,0
1962060,43352,12,1
1962060,19081,13,1
1962060,45965,14,1
1962060,26683,15,0
1963457,5764,1,1
1963457,49640,2,1
1963457,25195,3,1
1963457,7485,4,0
1963457,36234,5,0
1963457,16001,6,0
1963457,15563,7,0
1963851,13870,1,1
1963851,44487,2,1
1963851,33007,3,1
1963851,43530,4,1
1963851,45739,5,1
1963851,40285,6,1
1963851,25513,7,1
1963851,35034,8,0
1963851,30309,9,0
1963851,15643,10,0
1963851,8732,11,0
1963851,13078,12,0
1963851,13194,13,0
1963851,28599,14,0
1963851,4297,15,0
1963851,19821,16,0
1963851,20876,17,0
1963851,34380,18,0
1963851,48335,19,1
1963851,10840,20,0
1963851,45447,21,0
1963851,30958,22,0
1964411,44371,1,1
1964411,33081,2,1
1964411,31860,3,0
1965152,42495,1,1
1965152,13176,2,0
1965152,23909,3,0
1965152,852,4,0
1965152,40502,5,0
1965152,22242,6,0
1965152,9884,7,0
1965152,21601,8,1
1965152,27801,9,0
1965152,4137,10,0
1965152,47654,11,0
1965152,30352,12,0
1965152,16254,13,0
1967227,27845,1,1
1967227,27966,2,1
1967227,47626,3,1
1967227,16349,4,0
1967227,26604,5,0
1967227,16797,6,1
1967227,34358,7,1
1967227,44632,8,1
1967227,39275,9,0
1967227,40708,10,0
1967227,7021,11,0
1967227,11112,12,1
1967227,8193,13,1
1967617,8451,1,1
1967617,14111,2,1
1967617,43631,3,1
1967617,36227,4,1
1967617,14680,5,0
1968545,9213,1,1
1968545,36956,2,1
1968545,38727,3,1
1968545,34969,4,0
1968545,46059,5,1
1968545,45961,6,1
1968545,22963,7,0
1968545,12075,8,1
1968545,41273,9,1
1968545,5068,10,1
1968545,33198,11,1
1968545,27831,12,1
1968545,19048,13,1
1968545,18362,14,1
1968545,48366,15,1
1968545,20607,16,1
1968545,14852,17,0
1968545,33493,18,1
1968545,8229,19,0
1968545,15040,20,1
1968545,45607,21,0
1968545,48364,22,0
1968545,21334,23,1
1968545,38881,24,0
1968545,22971,25,0
1968545,43262,26,0
1968545,15318,27,1
1968545,1557,28,0
1968545,14583,29,0
1968545,35435,30,0
1978809,33000,1,0
1978809,39561,2,0
1978809,14867,3,0
1978809,40378,4,1
1978809,15474,5,0
1978809,1749,6,0
1978809,41372,7,0
1978809,45762,8,1
1978809,45084,9,0
1980779,27886,1,0
1980779,35909,2,1
1980779,29628,3,1
1980779,4422,4,0
1980779,13343,5,1
1980779,24597,6,0
1980779,9774,7,0
1980779,15152,8,0
1980779,30183,9,0
1980779,1511,10,1
1980779,33452,11,0
1986485,39180,1,1
1986485,37374,2,1
1986485,4920,3,1
1986485,38557,4,0
1986485,24852,5,0
1986485,40593,6,0
1987396,37919,1,1
1987396,23719,2,1
1987396,12341,3,0
1987396,14875,4,0
1990099,11345,1,1
1990099,11292,2,0
1990099,12914,3,1
1990099,31778,4,0
1990099,19863,5,0
1990099,49605,6,0
1990099,20828,7,0
1990099,43892,8,1
1990099,31154,9,0
1990099,19202,10,1
1990099,47977,11,1
1990099,10690,12,0
1990617,17044,1,0
1990617,24852,2,1
1990617,4210,3,1
1990617,16185,4,1
1990617,11712,5,1
1990617,9076,6,1
1990617,40545,7,1
1990617,3469,8,1
1990617,41844,9,1
1990617,24964,10,1
1990617,1360,11,1
1990617,34050,12,1
1990617,34551,13,1
1990617,25890,14,1
1990617,39408,15,1
1990617,5450,16,1
1990617,37220,17,1
1990617,32734,18,1
1990617,28204,19,1
1990617,32981,20,1
1990617,8615,21,1
1990617,48210,22,1
1991447,2707,1,0
1991447,16696,2,1
1991447,196,3,0
1991447,10957,4,1
1991447,4687,5,1
1991447,33198,6,1
1991978,22124,1,1
1991978,40571,2,1
1991978,18926,3,1
1991978,33787,4,1
1991978,4957,5,0
1991978,46505,6,0
1991978,39430,7,0
1991978,13198,8,0
1991978,19508,9,0
1991978,4605,10,1
1991978,21872,11,0
1991978,20670,12,0
1991978,17461,13,0
1991978,25666,14,1
1992015,49616,1,1
1992015,17163,2,0
1992015,27355,3,0
1992015,21955,4,1
1992015,32730,5,0
1992015,21333,6,1
1992015,10212,7,1
1992015,24318,8,0
1993547,22935,1,1
1993547,13631,2,0
1993547,7806,3,0
1993547,38108,4,0
1993547,19006,5,0
1993547,38557,6,0
1993547,23622,7,0
1993547,36609,8,0
1993547,3464,9,0
1993547,35161,10,0
1993547,17687,11,0
1993862,6870,1,0
1993862,19097,2,1
1993862,47940,3,1
1993862,15472,4,1
1993862,7350,5,1
1993862,19348,6,1
1993862,8182,7,0
1993862,22966,8,0
1993862,45081,9,0
1993862,10673,10,0
1993862,5917,11,0
1993862,21243,12,0
1993862,39464,13,0
1993862,13176,14,0
1996119,40302,1,1
1996119,27868,2,0
1996119,25310,3,0
1996119,40772,4,0
1996119,43070,5,0
1996119,30251,6,0
1996119,4160,7,0
1996119,15928,8,1
1996782,8859,1,1
1996782,44019,2,1
1996782,5785,3,1
1996782,13176,4,1
1996782,2913,5,1
1997164,17435,1,1
1997164,30617,2,1
1997164,46667,3,1
1997164,43086,4,1
1997164,6583,5,1
1998656,8277,1,1
1998656,13176,2,1
1998656,41621,3,1
1998656,40723,4,1
2001696,13176,1,1
2001696,46738,2,1
2001696,47144,3,1
2001696,24253,4,1
2001696,46979,5,1
2001696,39180,6,1
2001696,42110,7,1
2001696,45007,8,1
2001696,32734,9,1
2001696,21616,10,1
2001696,47766,11,1
2001696,2295,12,1
2001696,15290,13,1
2001696,38273,14,1
2003144,42265,1,1
2003144,14947,2,1
2003144,18465,3,1
2003144,19125,4,1
2003144,44643,5,0
2003144,38662,6,1
2003144,24852,7,1
2004916,47626,1,1
2004916,34126,2,1
2008644,17596,1,0
2008644,17518,2,1
2008886,47512,1,1
2008886,17807,2,1
2008886,33847,3,1
2008886,19660,4,1
2008886,29127,5,1
2010946,14084,1,1
2010946,13176,2,1
2010946,40723,3,1
2010946,9839,4,1
2010946,42265,5,0
2010946,27104,6,1
2010946,20431,7,0
2010946,45364,8,1
2010946,9807,9,1
2010946,20327,10,1
2010946,4920,11,1
2010946,10749,12,1
2010946,21616,13,1
2010946,5876,14,1
2010946,2748,15,1
2011511,36107,1,1
2011511,19171,2,1
2011511,16920,3,1
2011511,39174,4,1
2011511,13176,5,1
2011511,23630,6,1
2011511,43295,7,1
2011511,37417,8,1
2011511,29373,9,1
2011511,21616,10,1
2011511,3999,11,1
2011511,43772,12,1
2011511,34127,13,1
2011511,31487,14,1
2011511,4396,15,1
2011511,21372,16,1
2011845,20345,1,0
2012059,47687,1,1
2012059,27325,2,1
2012059,34044,3,1
2012059,4942,4,1
2012059,48109,5,1
2012059,48220,6,1
2012059,25630,7,1
2012059,40146,8,1
2012059,2099,9,1
2012059,29388,10,1
2012059,47209,11,1
2012059,28377,12,1
2012059,6344,13,0
2014989,13176,1,1
2014989,11233,2,1
2014989,35458,3,1
2014989,33791,4,1
2014989,19057,5,1
2014989,21137,6,1
2014989,43352,7,0
2014989,38558,8,1
2014989,37067,9,0
2014989,39275,10,1
2015514,5550,1,1
2015514,7781,2,1
2015514,47900,3,1
2015514,39275,4,1
2015514,21137,5,1
2015514,11352,6,1
2015514,31772,7,1
2015514,47167,8,0
2015514,17170,9,0
2015514,19057,10,1
2015514,19820,11,0
2015514,43713,12,0
2015514,44724,13,0
2015514,44866,14,0
2015514,45309,15,0
2015514,34249,16,0
2016003,13176,1,0
2016003,17902,2,0
2016003,34005,3,0
2016185,12276,1,1
2016185,46853,2,0
2016185,19948,3,0
2016185,7538,4,1
2016185,37553,5,0
2016185,5947,6,1
2016185,46189,7,0
2016185,49139,8,0
2016185,25330,9,1
2016185,10521,10,0
2016185,27307,11,0
2016185,48171,12,0
2016185,12316,13,0
2017680,9170,1,0
2017680,5296,2,0
2017680,41131,3,1
2017680,19213,4,1
2018850,25513,1,1
2018850,36929,2,1
2018850,5499,3,1
2018850,28934,4,1
2018850,38012,5,1
2018850,24852,6,1
2018850,14462,7,1
2018850,31343,8,1
2018850,21903,9,1
2018850,6046,10,1
2018850,44359,11,1
2018850,30489,12,1
2018850,30391,13,1
2018850,22963,14,1
2018850,27344,15,1
2021890,11365,1,0
2021890,8571,2,0
2022722,44359,1,1
2022722,21903,2,1
2022722,27521,3,1
2022722,40604,4,1
2022722,9839,5,1
2022722,38273,6,0
2022722,17988,7,1
2022722,20113,8,0
2022722,3142,9,0
2022722,4799,10,0
2022722,14267,11,0
2022722,43713,12,1
2022722,48745,13,0
2022722,32850,14,0
2022722,21137,15,0
2022722,34584,16,0
2022722,48112,17,0
2025034,27470,1,1
2025034,40545,2,1
2025034,16825,3,1
2025034,3827,4,1
2025034,44811,5,1
2025034,20127,6,1
2025034,13176,7,1
2026445,44200,1,0
2026445,47818,2,0
2026445,28088,3,0
2026445,32573,4,1
2026445,46041,5,0
2026445,40228,6,0
2026445,35221,7,0
2026445,22890,8,0
2026445,37462,9,0
2026445,27437,10,0
2026445,38267,11,1
2027921,36404,1,0
2027921,6037,2,0
2027921,2093,3,0
2029309,24964,1,1
2029309,48706,2,1
2029309,32299,3,1
2029309,43122,4,1
2029309,44533,5,0
2029309,37646,6,1
2029309,26369,7,1
2029309,19173,8,1
2029309,5383,9,0
2029309,9430,10,1
2029309,18695,11,1
2029309,44010,12,1
2029309,15981,13,1
2029309,39928,14,1
2029309,30027,15,1
2029309,43086,16,0
2029837,11733,1,0
2029837,43086,2,1
2029837,24852,3,1
2029837,47626,4,1
2031050,37646,1,1
2031050,18465,2,1
2031050,35535,3,1
2031050,44359,4,1
2031050,43343,5,1
2031050,43789,6,1
2031050,27344,7,0
2031050,21385,8,0
2031050,49086,9,0
2031050,8518,10,0
2031050,37552,11,0
2031050,37971,12,1
2031050,47626,13,1
2031050,5652,14,0
2032555,23645,1,1
2032555,43221,2,1
2032555,33787,3,1
2032555,14715,4,1
2032555,34128,5,1
2032555,14800,6,1
2032555,21372,7,1
2032555,9067,8,1
2032555,41338,9,1
2032555,48556,10,1
2032555,44234,11,1
2032555,32211,12,0
2032555,27964,13,1
2032555,10106,14,0
2032555,10599,15,0
2033136,4945,1,1
2033136,10749,2,1
2033136,25890,3,1
2033136,20995,4,1
2033136,46654,5,1
2033136,6046,6,1
2033136,16487,7,1
2033136,40342,8,0
2033136,26252,9,1
2033904,19677,1,1
2033904,9703,2,0
2033904,2164,3,1
2033904,38689,4,0
2033904,47280,5,0
2033904,16290,6,0
2033904,30776,7,1
2033904,45603,8,1
2033904,9604,9,0
2033904,47209,10,1
2033904,17027,11,1
2033904,9766,12,0
2033904,41665,13,0
2033904,45066,14,1
2033904,12576,15,0
2033904,25588,16,0
2033904,37067,17,0
2033904,35065,18,0
2033904,9550,19,1
2033904,49026,20,0
2033904,31635,21,0
2033904,9934,22,1
2033904,32864,23,1
2033904,27336,24,0
2033904,48057,25,1
2033904,30391,26,0
2033904,3599,27,1
2033904,10970,28,0
2033904,28521,29,1
2033904,20754,30,1
2033987,35507,1,0
2033987,17154,2,0
2033987,27551,3,0
2033987,30659,4,0
2033987,26665,5,1
2033987,10519,6,1
2033987,46748,7,1
2033987,25146,8,0
2033987,2144,9,1
2033987,45877,10,0
2033987,41776,11,0
2033987,47058,12,1
2033987,13966,13,1
2033987,22062,14,0
2033987,47977,15,1
2033987,20039,16,0
2033987,23752,17,0
2033987,28692,18,0
2033987,12916,19,1
2033987,7693,20,0
2033987,6991,21,0
2033987,20985,22,0
2033987,47211,23,1
2033987,28862,24,0
2034451,25804,1,1
2034451,25802,2,1
2034451,34124,3,1
2034451,24852,4,1
2034451,26716,5,0
2034451,10388,6,0
2034451,14858,7,0
2034451,27592,8,1
2034451,11512,9,1
2034451,47854,10,0
2034451,16953,11,0
2034451,3318,12,1
2034451,5077,13,0
2034451,13834,14,0
2034451,47366,15,0
2034451,22206,16,0
2034451,17836,17,0
2034451,34110,18,0
2035367,11821,1,1
2035367,38579,2,0
2035367,16797,3,1
2036682,46906,1,0
2036682,26315,2,1
2036682,24852,3,1
2036682,1463,4,1
2036682,42315,5,0
2036682,24964,6,1
2036682,22831,7,0
2038537,45066,1,0
2038537,9387,2,0
2038537,18281,3,0
2038537,4920,4,0
2038537,21070,5,1
2038537,25513,6,0
2039004,49005,1,1
2039004,42445,2,1
2039004,35921,3,0
2039004,11777,4,1
2039004,27344,5,1
2039004,36724,6,0
2039383,10749,1,1
2039383,12756,2,1
2039383,22240,3,1
2039383,165,4,1
2039383,7095,5,0
2039383,41860,6,1
2039383,37213,7,1
2039383,24561,8,0
2039383,18272,9,0
2039383,45723,10,0
2039383,46724,11,0
2039383,11024,12,1
2039383,1700,13,0
2039383,43295,14,0
2041232,196,1,1
2041232,3798,2,1
2041232,9387,3,0
2041232,6184,4,1
2041232,43744,5,1
2042068,5499,1,1
2042068,35939,2,1
2042068,19816,3,0
2042068,44661,4,0
2042068,28993,5,0
2042068,47042,6,1
2042068,36550,7,0
2042068,25513,8,1
2042068,40706,9,0
2042068,15290,10,0
2042068,22035,11,0
2042068,35004,12,0
2044696,14952,1,1
2044696,28157,2,1
2044696,43772,3,1
2044696,48823,4,1
2044696,39794,5,1
2044696,14218,6,1
2044696,6281,7,0
2044696,2176,8,1
2044696,36552,9,1
2047659,28283,1,0
2047659,30332,2,0
2047659,31043,3,0
2047659,15452,4,0
2047768,47867,1,1
2047768,24852,2,1
2047768,14218,3,1
2047768,7156,4,1
2047768,40605,5,1
2047768,26410,6,1
2047768,38288,7,0
2047768,21707,8,1
2047768,3550,9,0
2047768,21010,10,0
2047768,24571,11,0
2049303,5077,1,1
2049303,34197,2,1
2049303,46993,3,1
2049303,17706,4,1
2049303,16308,5,0
2049303,26273,6,1
2049303,5537,7,1
2049303,13629,8,1
2049303,47804,9,0
2049303,42701,10,1
2049303,19508,11,0
2049303,33672,12,0
2049402,28849,1,1
2049402,47209,2,1
2049402,30391,3,1
2049402,8424,4,1
2049402,24852,5,1
2049402,4920,6,1
2049402,42469,7,1
2049402,47626,8,1
2049867,24703,1,1
2049867,25476,2,1
2049867,22565,3,0
2049867,13372,4,0
2049867,46287,5,0
2049867,18701,6,0
2049867,31553,7,0
2049867,14875,8,0
2049867,29727,9,0
2049867,19871,10,0
2049867,24759,11,0
2049867,49269,12,0
2049867,24852,13,1
2049867,49363,14,0
2049867,35824,15,1
2049867,8224,16,0
2050833,21573,1,0
2050833,32257,2,0
2050833,15872,3,0
2050833,22091,4,1
2050833,7533,5,1
2050833,1514,6,1
2050833,33290,7,1
2050833,19546,8,1
2050833,39581,9,1
2054499,23288,1,1
2054499,40120,2,1
2054499,39275,3,1
2054499,31759,4,1
2054499,4149,5,0
2054499,21137,6,1
2054499,30406,7,1
2058090,46979,1,1
2058090,34358,2,1
2058090,5250,3,0
2058090,23579,4,0
2058090,18110,5,1
2058090,4605,6,1
2058090,9839,7,0
2058090,35535,8,0
2058090,19584,9,0
2058090,39475,10,0
2058090,31355,11,0
2058090,20114,12,0
2058090,36180,13,0
2058090,11408,14,0
2058090,31378,15,1
2063934,21616,1,1
2063934,19660,2,1
2063934,3957,3,1
2063934,21903,4,1
2064381,4605,1,1
2064381,11712,2,1
2064381,39812,3,1
2064381,27744,4,1
2064381,46226,5,1
2064381,46906,6,0
2064381,25588,7,1
2064381,38557,8,0
2064381,40706,9,1
2064381,43961,10,1
2064381,17948,11,1
2064381,24489,12,1
2064381,27966,13,1
2064381,10385,14,1
2064381,14467,15,1
2064381,17044,16,0
2064381,47547,17,0
2065294,41290,1,1
2065294,5785,2,1
2065294,28745,3,1
2065294,45066,4,1
2065294,21137,5,1
2065294,9018,6,1
2065294,24852,7,1
2065294,35045,8,1
2065294,24184,9,1
2065294,34448,10,1
2065294,9550,11,1
2065294,5818,12,1
2065294,6740,13,1
2065294,11193,14,1
2065294,651,15,1
2065294,42719,16,1
2065294,14715,17,1
2065294,47042,18,1
2065294,43768,19,1
2065294,1244,20,1
2065294,4366,21,0
2065294,2390,22,1
2065294,18618,23,1
2065294,23630,24,1
2066064,2846,1,1
2066064,47209,2,1
2066064,14084,3,1
2066064,21903,4,1
2066064,41140,5,1
2066064,22825,6,1
2066064,41950,7,1
2066064,15349,8,1
2066064,6080,9,1
2066064,18615,10,1
2066064,13646,11,1
2066064,22993,12,0
2066064,47232,13,1
2071687,43219,1,1
2071687,19105,2,1
2071687,41276,3,1
2071687,31573,4,0
2071687,9076,5,1
2071687,26124,6,1
2071687,41508,7,0
2071687,1505,8,1
2071687,34406,9,0
2071687,33772,10,1
2078742,33731,1,1
2078742,29898,2,0
2078742,16349,3,0
2078742,21405,4,0
2078742,23001,5,0
2078742,22247,6,0
2084988,26911,1,1
2084988,32740,2,1
2084988,35088,3,0
2084988,5284,4,0
2084988,47478,5,0
2084988,11399,6,0
2084988,49519,7,1
2084988,42190,8,0
2084988,11573,9,0
2084988,8277,10,1
2084988,7607,11,1
2085019,26503,1,0
2085019,28842,2,0
2085019,29487,3,0
2085019,7969,4,1
2085019,32971,5,1
2085019,14890,6,0
2085019,27147,7,1
2085019,41787,8,1
2085019,2922,9,0
2085019,7619,10,0
2085117,46654,1,1
2085117,27344,2,1
2085117,16185,3,1
2085117,7485,4,1
2085117,31040,5,1
2085117,38273,6,1
2085117,18389,7,1
2085117,24852,8,1
2085996,39180,1,1
2085996,44359,2,0
2085996,40706,3,1
2085996,30639,4,1
2085996,15503,5,0
2085996,48825,6,0
2085996,44750,7,0
2086322,47893,1,1
2086322,5876,2,1
2086322,8859,3,1
2086322,33000,4,1
2086322,3952,5,1
2088399,13245,1,0
2088399,14233,2,1
2088399,10255,3,0
2088399,26720,4,0
2088399,27799,5,0
2090599,43070,1,1
2090599,32265,2,1
2090599,38185,3,0
2090599,35898,4,1
2091039,18465,1,0
2091039,31553,2,0
2091039,13176,3,1
2092071,7228,1,0
2092071,4957,2,1
2092071,18926,3,1
2092071,18523,4,0
2092071,26620,5,1
2092071,35221,6,1
2092071,44632,7,1
2092071,49191,8,1
2092071,24852,9,1
2092071,30489,10,1
2092071,32585,11,0
2092071,21376,12,1
2093233,33651,1,1
2093233,4258,2,0
2093233,17346,3,0
2093233,36691,4,1
2093233,49354,5,1
2093233,34321,6,1
2093233,29553,7,1
2093233,45489,8,1
2093233,41844,9,1
2093233,45130,10,1
2093233,1582,11,1
2093233,32784,12,1
2093233,6912,13,1
2093233,43333,14,1
2093233,45739,15,1
2093233,21967,16,0
2093233,10835,17,0
2093233,43631,18,0
2093233,12620,19,1
2093233,3060,20,1
2093233,1543,21,1
2093233,30425,22,1
2093233,22497,23,0
2093233,37931,24,0
2093233,171,25,0
2093233,38922,26,1
2093233,44323,27,1
2093233,32747,28,1
2093233,9852,29,1
2093571,5646,1,1
2093571,40706,2,1
2093571,11481,3,1
2093571,17902,4,1
2093571,2452,5,1
2093571,8518,6,1
2093571,46979,7,1
2093571,11777,8,0
2093571,14849,9,0
2093571,37067,10,0
2093864,1463,1,1
2093864,42445,2,1
2093864,15241,3,1
2093864,46226,4,1
2093864,13176,5,1
2093864,13702,6,1
2093864,18770,7,1
2093864,28204,8,1
2093864,46886,9,1
2093864,47209,10,1
2093864,25767,11,1
2093864,26209,12,1
2093864,33782,13,1
2093864,36695,14,1
2093864,24184,15,1
2093864,42701,16,1
2093864,11408,17,1
2093864,29307,18,1
2093864,10518,19,0
2095060,44632,1,1
2095060,35221,2,1
2095060,14947,3,1
2095060,47734,4,1
2095060,31717,5,1
2095060,48775,6,0
2095060,6873,7,0
2095060,13984,8,0
2095060,46667,9,0
2095060,24964,10,1
2095060,8518,11,0
2095060,22713,12,0
2095060,15899,13,1
2095060,47961,14,0
2095060,24184,15,1
2095060,35750,16,0
2095060,39722,17,0
2095060,3627,18,0
2095060,23749,19,0
2095060,21621,20,0
2095060,26209,21,1
2096110,45064,1,0
2096110,3285,2,0
2096110,16953,3,0
2096110,49678,4,0
2096110,24114,5,1
2096110,35068,6,1
2096110,43967,7,0
2102972,44785,1,0
2102972,25438,2,1
2102972,27086,3,1
2102972,8195,4,0
2102972,23892,5,1
2102972,14737,6,0
2105514,27845,1,1
2105514,5450,2,1
2105514,44449,3,0
2105514,3376,4,1
2105514,20520,5,0
2105514,22935,6,1
2105514,38383,7,0
2105514,24184,8,1
2105514,43768,9,1
2105514,18523,10,1
2105514,33754,11,1
2105514,18362,12,0
2105514,14553,13,0
2105514,48679,14,0
2105514,46979,15,0
2105514,26209,16,1
2105514,27966,17,0
2105514,45066,18,0
2105514,19048,19,0
2105514,38419,20,0
2105514,27336,21,0
2108590,28156,1,1
2108590,47492,2,0
2108590,49610,3,1
2108590,25272,4,1
2108590,4920,5,0
2109213,24852,1,1
2109213,49325,2,1
2109213,32030,3,1
2109213,5322,4,1
2109213,40063,5,1
2109213,34262,6,1
2109213,7963,7,1
2109213,4920,8,1
2109213,37462,9,1
2109213,26751,10,0
2109213,25931,11,1
2109213,4605,12,1
2109213,21938,13,0
2114245,27966,1,0
2114245,13176,2,1
2114245,27845,3,1
2114245,27344,4,1
2114245,39921,5,1
2116528,22035,1,1
2116528,42445,2,1
2116528,22963,3,1
2116528,21903,4,1
2116528,42828,5,1
2116528,9825,6,1
2116528,24385,7,1
2116528,27344,8,1
2116528,19057,9,1
2116528,21405,10,1
2118227,3873,1,1
2118227,24186,2,1
2118227,48015,3,1
2118227,35055,4,0
2118227,18021,5,0
2119646,23508,1,0
2122180,49520,1,1
2122180,7255,2,1
2122180,33782,3,1
2122180,23909,4,1
2122180,19958,5,1
2122180,17616,6,1
2122180,40718,7,1
2122180,9387,8,1
2122180,14901,9,1
2122180,28993,10,1
2122180,34726,11,1
2122180,47990,12,1
2122180,32912,13,1
2122180,7887,14,1
2122180,6888,15,1
2122180,46228,16,0
2122180,39047,17,0
2122180,22252,18,1
2122180,19684,19,0
2122180,41653,20,0
2122180,20014,21,0
2122180,11495,22,0
2122180,16486,23,0
2122180,14034,24,0
2122180,41593,25,1
2122180,27356,26,0
2122180,14645,27,1
2122180,15905,28,0
2122180,13479,29,0
2122180,25146,30,0
2122180,45089,31,1
2122180,26303,32,0
2124838,29908,1,0
2124838,18460,2,0
2124838,46316,3,0
2124838,35982,4,0
2124838,9411,5,0
2124838,5963,6,1
2124838,46351,7,0
2124838,17341,8,0
2124838,46811,9,0
2124838,27612,10,0
2124838,39409,11,0
2124838,19849,12,1
2124838,2103,13,1
2124838,12945,14,0
2124838,35134,15,0
2124838,12015,16,0
2124838,19518,17,0
2124838,43599,18,0
2124838,31066,19,0
2124838,4472,20,0
2124838,36214,21,0
2124838,13307,22,0
2124838,7085,23,0
2124838,32813,24,0
2124838,41171,25,0
2124838,28384,26,0
2124838,44157,27,0
2124838,48626,28,0
2124838,30428,29,0
2124838,34854,30,0
2124838,41148,31,0
2124838,20382,32,0
2124838,31506,33,0
2124838,5223,34,0
2124838,22402,35,0
2124838,14869,36,0
2124838,549,37,0
2124838,13885,38,0
2124838,17189,39,0
2124838,20109,40,0
2124838,13536,41,0
2124838,27526,42,0
2124838,10853,43,0
2124838,15023,44,0
2124838,46487,45,0
2124838,5739,46,0
2125352,8174,1,1
2125352,20995,2,1
2125352,34243,3,1
2125352,38739,4,1
2125352,24852,5,1
2125352,5764,6,1
2125352,13702,7,1
2125352,30391,8,1
2125352,40604,9,1
2125352,19678,10,1
2125352,19508,11,0
2125352,41665,12,0
2125352,48946,13,0
2125352,41806,14,1
2125352,27845,15,1
2125352,32689,16,0
2125352,9171,17,0
2125352,24382,18,0
2125352,4163,19,0
2125352,12206,20,0
2125352,14462,21,0
2125352,4799,22,0
2125352,17454,23,0
2125352,43295,24,1
2126231,21543,1,0
2126231,25138,2,1
2126231,37022,3,1
2126231,4533,4,1
2126231,24759,5,1
2126231,45066,6,1
2126231,37687,7,1
2126231,3295,8,0
2126231,44422,9,0
2126843,21194,1,0
2126843,39570,2,0
2126843,12206,3,1
2126843,13843,4,0
2126843,4519,5,0
2126843,4782,6,0
2126843,32961,7,0
2126843,2470,8,1
2126843,29397,9,0
2126843,34585,10,0
2126843,2761,11,0
2126843,12975,12,0
2127389,27024,1,1
2127389,48523,2,1
2127586,13176,1,0
2127586,39928,2,1
2127586,8053,3,1
2127586,38777,4,0
2127586,38751,5,0
2127586,5214,6,1
2127586,18689,7,0
2127586,24288,8,0
2127586,16730,9,0
2127586,39968,10,0
2127586,21295,11,1
2129060,3957,1,1
2131169,25551,1,1
2131169,24184,2,1
2131169,10455,3,1
2131169,15719,4,0
2131169,24852,5,1
2131169,26283,6,1
2131169,9738,7,1
2131169,27336,8,0
2131169,34243,9,1
2131169,47348,10,0
2131169,25230,11,1
2131169,10385,12,1
2131169,34824,13,0
2131169,30620,14,0
2131169,38944,15,1
2131169,1188,16,1
2133222,26152,1,1
2133222,42475,2,1
2133756,47209,1,1
2133756,13176,2,1
2133756,27966,3,1
2133756,36929,4,1
2133756,35193,5,1
2133756,26604,6,1
2133756,17149,7,1
2133756,5603,8,1
2133756,12144,9,1
2133756,10612,10,1
2133756,34339,11,0
2133756,19468,12,1
2134304,46888,1,0
2134362,46676,1,1
2134362,8638,2,1
2134362,45368,3,0
2134362,15359,4,0
2134568,38293,1,1
2134568,4605,2,1
2134568,34034,3,0
2134568,43129,4,0
2134568,24852,5,1
2134568,38266,6,0
2134568,47630,7,0
2134568,49401,8,1
2134568,40604,9,0
2134568,46587,10,0
2134568,12845,11,0
2134568,34126,12,1
2137736,6096,1,1
2137736,36973,2,0
2138242,47209,1,1
2138242,47144,2,1
2138242,28928,3,1
2138242,48628,4,1
2138242,2825,5,1
2138242,46654,6,1
2138242,44632,7,0
2138242,35221,8,0
2138242,45580,9,0
2138242,38141,10,0
2138242,40145,11,0
2138242,6891,12,0
2138242,3081,13,0
2138242,46807,14,0
2138242,3245,15,0
2138242,30148,16,0
2138242,3859,17,0
2138242,23622,18,0
2138242,8518,19,0
2138242,21385,20,0
2138242,6972,21,0
2138242,20114,22,1
2138242,18594,23,1
2138242,27695,24,0
2139203,13176,1,1
2139203,16797,2,1
2139203,40706,3,1
2139203,11140,4,1
2139203,21903,5,0
2139203,13733,6,1
2139203,22825,7,1
2139203,47766,8,1
2145029,11075,1,0
2145029,32611,2,1
2145029,15820,3,1
2145029,45394,4,1
2145029,5013,5,1
2145029,2435,6,1
2145029,45064,7,1
2145029,5716,8,1
2145029,1185,9,1
2145029,1194,10,1
2145029,26505,11,1
2145029,25461,12,1
2145029,15926,13,1
2145029,27044,14,1
2145029,20259,15,1
2145029,3431,16,1
2145029,2245,17,1
2145029,7538,18,1
2145029,38194,19,1
2145029,29380,20,1
2145029,42809,21,1
2145029,1371,22,1
2146567,30776,1,1
2146567,3952,2,1
2146567,3295,3,1
2146567,12211,4,1
2146567,39475,5,1
2146567,34943,6,1
2146567,28628,7,1
2146567,13779,8,1
2146567,45615,9,1
2146567,28122,10,1
2146567,35364,11,1
2146567,17794,12,1
2146567,39482,13,1
2146567,19048,14,0
2146567,37022,15,1
2146567,37065,16,0
2146999,11520,1,0
2146999,47766,2,0
2146999,17122,3,0
2146999,15902,4,0
2146999,30658,5,0
2146999,36913,6,0
2149227,38159,1,0
2149227,11782,2,1
2149227,12341,3,0
2149227,20734,4,0
2149227,17758,5,0
2149227,14437,6,1
2149227,10369,7,0
2150204,5818,1,0
2150204,38400,2,0
2150204,46563,3,0
2150204,14897,4,0
2150204,19831,5,0
2150204,25604,6,1
2150204,34862,7,0
2150433,9327,1,0
2150433,23537,2,1
2150433,13755,3,0
2150433,27323,4,1
2150433,246,5,1
2150433,28829,6,1
2150433,23288,7,1
2150433,39993,8,1
2150433,30696,9,1
2150433,33237,10,1
2150433,34703,11,1
2150433,26593,12,1
2150433,45438,13,1
2150433,29014,14,1
2150433,48171,15,1
2150433,13966,16,1
2150433,28379,17,1
2150433,8536,18,1
2150433,47631,19,1
2150433,24794,20,1
2150433,1247,21,1
2150433,30572,22,1
2150433,23549,23,1
2150433,33184,24,1
2150433,18789,25,1
2150857,24964,1,0
2150857,11520,2,1
2152225,10292,1,1
2152225,22035,2,1
2152225,27086,3,1
2152225,7500,4,0
2152225,31506,5,1
2152225,46906,6,1
2152225,4920,7,1
2152225,27845,8,1
2152225,24838,9,1
2152225,13774,10,1
2152225,38809,11,1
2152225,36698,12,0
2152225,46362,13,0
2152225,49164,14,0
2152225,7806,15,0
2152225,8886,16,1
2152225,46802,17,1
2152225,28553,18,1
2152225,11005,19,1
2152225,16479,20,1
2152225,47156,21,1
2152225,16757,22,0
2152225,39216,23,1
2152225,691,24,0
2154956,3957,1,1
2154956,21137,2,1
2154956,27521,3,1
2154956,43165,4,1
2154956,47626,5,1
2154956,34448,6,1
2154956,14633,7,0
2154956,41793,8,1
2154956,2326,9,1
2154956,12341,10,0
2154956,45965,11,0
2154956,27966,12,1
2154956,26165,13,1
2159962,38343,1,0
2159962,23909,2,1
2160285,19311,1,1
2160285,41774,2,0
2160285,18689,3,1
2160285,27344,4,0
2160285,21903,5,0
2160285,13176,6,1
2160285,5450,7,1
2160285,42442,8,1
2160285,36287,9,0
2160285,45223,10,0
2160285,11930,11,0
2160285,19272,12,0
2162684,41220,1,0
2162684,12916,2,1
2162684,48118,3,0
2162705,24852,1,1
2162705,26096,2,0
2162705,22035,3,0
2162705,17949,4,0
2162705,34262,5,0
2162705,5134,6,0
2162705,30949,7,0
2162705,39275,8,1
2162705,42265,9,1
2163310,7628,1,1
2163310,15261,2,0
2163310,33731,3,0
2163310,10504,4,1
2163310,44683,5,0
2163310,1999,6,0
2163310,28934,7,0
2163310,3142,8,0
2163310,2846,9,1
2163310,5959,10,0
2163310,20345,11,0
2163310,47766,12,1
2163310,41593,13,0
2163310,41588,14,1
2163310,38797,15,0
2163310,30406,16,0
2163310,34358,17,0
2163310,6069,18,0
2163558,5077,1,1
2163558,28204,2,1
2163558,24852,3,0
2163558,19068,4,1
2163558,8424,5,1
2163558,36214,6,1
2163558,49647,7,0
2163558,35819,8,0
2163558,32052,9,0
2163558,16349,10,0
2163558,13733,11,0
2163558,30024,12,0
2164563,13176,1,1
2164563,30720,2,1
2164563,43961,3,0
2167564,21288,1,1
2167564,23082,2,1
2167564,35551,3,0
2167564,1408,4,1
2167564,40706,5,1
2167564,24852,6,1
2167564,12508,7,1
2167564,877,8,1
2167564,11520,9,1
2167564,8490,10,1
2167564,31404,11,1
2167564,46063,12,1
2167564,12779,13,0
2173086,20119,1,1
2173086,34335,2,1
2173086,16262,3,1
2173086,38108,4,1
2173086,4605,5,1
2173086,26369,6,1
2173086,21938,7,1
2173086,4853,8,1
2173086,47626,9,1
2173086,38827,10,1
2173086,26209,11,1
2173086,7461,12,1
2173086,43262,13,0
2173086,32467,14,0
2173086,26452,15,0
2173086,42768,16,1
2173086,31717,17,0
2173086,46979,18,0
2174861,45116,1,0
2174861,45886,2,0
2174861,47626,3,0
2174861,33129,4,0
2175023,6104,1,1
2175023,23909,2,1
2175023,14992,3,1
2175023,48123,4,1
2175023,46654,5,1
2175023,14633,6,1
2175023,28842,7,0
2175023,9587,8,1
2175023,49383,9,1
2175023,1408,10,0
2175023,21405,11,1
2175023,47734,12,1
2175023,18893,13,0
2175023,4086,14,1
2175023,47766,15,0
2175023,16525,16,1
2175023,23369,17,0
2175023,17794,18,1
2175023,41665,19,0
2175023,47626,20,0
2175023,46667,21,1
2176381,43712,1,0
2176381,47626,2,1
2176381,31658,3,1
2176381,26604,4,1
2176381,28226,5,1
2176381,21137,6,1
2176381,27104,7,0
2178990,13176,1,1
2178990,45570,2,1
2178990,11005,3,0
2178990,42701,4,0
2178990,44404,5,0
2178990,46802,6,0
2178990,34584,7,0
2178990,37825,8,0
2178990,39005,9,0
2180013,33686,1,1
2180013,24852,2,1
2180013,26209,3,1
2180013,39877,4,1
2180013,30135,5,1
2180013,13457,6,1
2180013,8518,7,1
2180013,581,8,1
2180013,16122,9,0
2180103,17207,1,0
2180103,21288,2,0
2180103,43352,3,0
2180103,16797,4,0
2180103,32689,5,0
2180103,30558,6,0
2180103,23423,7,0
2180103,20940,8,1
2180103,8571,9,1
2180103,33783,10,0
2180103,42282,11,0
2182765,5128,1,1
2182765,19660,2,1
2182765,3990,3,1
2182765,10500,4,1
2182765,32004,5,0
2182765,48192,6,1
2182765,34909,7,1
2182765,21386,8,1
2182765,8030,9,0
2182765,47479,10,0
2182765,24852,11,0
2182765,19173,12,0
2182765,49007,13,0
2182765,34582,14,0
2182765,25495,15,1
2182765,15125,16,1
2182765,26751,17,0
2183953,25890,1,1
2183953,28985,2,1
2183953,18234,3,1
2183953,18465,4,0
2183953,10121,5,0
2183953,5991,6,1
2183953,21405,7,1
2183953,45007,8,1
2183953,44359,9,0
2183953,38383,10,0
2183953,48775,11,0
2183953,15290,12,0
2183953,6873,13,0
2183953,41960,14,0
2184919,21137,1,1
2184919,31040,2,1
2184919,13646,3,1
2184919,24964,4,1
2184919,47626,5,1
2184919,46654,6,0
2184919,32205,7,1
2185668,28741,1,0
2185668,4813,2,1
2185668,38456,3,0
2185668,44661,4,0
2185668,39877,5,0
2185668,22247,6,0
2185668,9047,7,0
2185668,8021,8,0
2187562,36714,1,0
2187562,39409,2,0
2187562,46676,3,1
2187562,42719,4,1
2187562,15536,5,1
2187562,18564,6,1
2187562,27966,7,1
2187562,24115,8,1
2187562,45840,9,1
2187562,33216,10,0
2187562,17795,11,1
2187562,10885,12,0
2188545,6287,1,1
2188545,9421,2,1
2188545,38837,3,1
2188545,37724,4,1
2188545,32052,5,0
2188545,273,6,0
2188545,28576,7,0
2188545,32597,8,0
2188545,38544,9,0
2188545,36869,10,0
2188545,22416,11,0
2188545,22025,12,0
2188545,26717,13,1
2188545,21137,14,1
2188545,9178,15,0
2188545,46584,16,0
2188545,31933,17,0
2188545,8239,18,0
2188545,44014,19,0
2188545,7969,20,1
2188545,16349,21,0
2188545,36736,22,0
2188545,24852,23,0
2188545,3020,24,0
2188545,10036,25,0
2188545,5491,26,0
2188545,49044,27,0
2188545,30192,28,0
2188545,31504,29,0
2188545,39977,30,0
2188545,17622,31,0
2188545,12020,32,0
2188545,18243,33,0
2188545,48476,34,0
2188545,46082,35,0
2188545,5085,36,0
2188545,12955,37,0
2188545,35364,38,0
2188545,31657,39,0
2188545,16466,40,0
2188545,17247,41,0
2188545,20631,42,0
2188545,40982,43,0
2188545,46807,44,0
2188545,493,45,0
2188545,8830,46,0
2188545,44731,47,0
2188545,46350,48,0
2188545,3859,49,0
2188545,37824,50,0
2188545,36142,51,0
2191166,45724,1,1
2191590,36753,1,1
2191590,19615,2,1
2191590,19171,3,1
2191590,22472,4,1
2191590,48086,5,1
2193724,5746,1,1
2193724,40593,2,1
2193724,42701,3,0
2193724,24768,4,0
2193724,10089,5,1
2195111,24852,1,1
2195111,24135,2,1
2195111,3892,3,0
2195111,34502,4,1
2195111,14901,5,1
2195465,49488,1,1
2195465,45154,2,1
2195529,6846,1,1
2195529,48703,2,0
2195529,4920,3,0
2195529,22021,4,1
2195529,40569,5,1
2195529,7533,6,1
2195529,33548,7,0
2195529,24273,8,1
2195529,11613,9,1
2195852,27706,1,0
2195852,24140,2,0
2195852,43295,3,1
2195852,41591,4,0
2195852,38127,5,0
2195852,30634,6,0
2195852,18522,7,0
2195852,21240,8,1
2195852,39719,9,0
2195852,44843,10,0
2195852,24890,11,1
2195852,47357,12,0
2195852,5097,13,0
2195852,27323,14,0
2196295,47766,1,1
2196295,25691,2,1
2196295,1463,3,1
2199663,13198,1,1
2199663,14197,2,1
2199663,5373,3,1
2199663,31717,4,1
2199663,39415,5,1
2199663,37197,6,1
2199663,17794,7,1
2199663,26209,8,1
2199663,11526,9,1
2204971,16609,1,1
2204971,25659,2,1
2204971,16209,3,1
2204971,39261,4,0
2205623,43961,1,0
2205623,432,2,0
2205623,24852,3,0
2205623,17122,4,0
2205623,14553,5,0
2205623,13424,6,0
2205623,13819,7,0
2205623,33401,8,0
2205623,21616,9,1
2205623,21903,10,1
2205623,48745,11,0
2205623,24964,12,0
2205623,31066,13,0
2207077,24024,1,1
2207077,21137,2,0
2207077,40009,3,0
2207077,48270,4,0
2207077,18392,5,0
2207077,46979,6,0
2207077,47626,7,1
2207077,21903,8,0
2207077,16259,9,0
2207077,47766,10,1
2207077,24954,11,0
2207077,44085,12,0
2207077,14761,13,0
2207077,1545,14,0
2207077,25947,15,0
2207077,31034,16,0
2207077,22657,17,0
2207077,47866,18,0
2207077,46049,19,0
2207989,45835,1,1
2207989,9387,2,1
2207989,7736,3,0
2207989,14999,4,1
2207989,41591,5,1
2207989,1200,6,1
2207989,13921,7,1
2207989,12916,8,0
2208390,33198,1,1
2208390,12409,2,0
2208390,45608,3,0
2209308,19348,1,1
2209308,6910,2,1
2209308,8013,3,1
2209308,25890,4,1
2210709,37646,1,1
2210709,14117,2,1
2210709,22827,3,1
2210709,16185,4,1
2210709,22935,5,1
2210709,44359,6,1
2210709,27744,7,1
2210709,329,8,1
2210709,42736,9,1
2212537,33148,1,1
2212537,43122,2,0
2212537,17794,3,0
2212537,34358,4,1
2212537,160,5,0
2212537,8442,6,0
2212537,13629,7,0
2212537,24852,8,0
2216911,8277,1,1
2216911,5212,2,0
2216911,13176,3,1
2216911,15290,4,0
2216911,18370,5,0
2216911,38622,6,1
2216911,691,7,0
2216911,20382,8,0
2216911,29837,9,0
2219196,39308,1,0
2219196,21471,2,1
2219196,1631,3,0
2219196,23405,4,1
2219196,37229,5,1
2219196,10453,6,0
2219196,14864,7,0
2219196,2538,8,0
2219214,27548,1,1
2219214,24561,2,1
2219214,42953,3,1
2219214,33657,4,1
2219214,27966,5,0
2219214,39275,6,0
2219214,26604,7,0
2221847,24363,1,1
2221847,42840,2,1
2221847,29625,3,1
2221847,27655,4,1
2221847,5212,5,1
2221847,3469,6,1
2222345,13166,1,1
2222345,44987,2,1
2222345,33785,3,0
2222345,18880,4,0
2222345,27086,5,0
2222345,39729,6,0
2222345,43772,7,1
2224138,31102,1,0
2224138,5091,2,0
2224138,3055,3,0
2224138,1940,4,1
2224138,28427,5,1
2224138,20463,6,0
2225089,41570,1,1
2225089,49235,2,1
2225089,18811,3,1
2225267,33000,1,1
2225267,13176,2,1
2225267,32455,3,1
2225267,28918,4,1
2225267,19972,5,1
2226094,14870,1,0
2226094,43961,2,1
2226094,30391,3,1
2226094,39190,4,1
2226094,21903,5,0
2226094,28199,6,0
2226094,47766,7,0
2226094,22935,8,0
2226094,2361,9,0
2226094,48523,10,0
2226094,21463,11,0
2226094,17289,12,0
2226254,10473,1,0
2226254,16953,2,0
2226254,26932,3,1
2226254,16283,4,0
2226254,21288,5,0
2226254,20995,6,0
2226254,13176,7,0
2227579,13176,1,1
2227579,37355,2,0
2227579,18598,3,0
2227579,19678,4,0
2227579,22825,5,1
2227579,38293,6,1
2229237,210,1,1
2229237,432,2,1
2229237,47766,3,1
2229237,43086,4,1
2229237,1408,5,0
2229237,25753,6,1
2229237,38548,7,0
2229237,46979,8,1
2229237,38293,9,1
2229237,17878,10,1
2229237,31964,11,1
2229333,23178,1,1
2229333,20697,2,0
2229333,13176,3,1
2229333,33055,4,1
2229333,21137,5,0
2229333,12758,6,1
2229333,42265,7,0
2229333,10173,8,0
2229333,20246,9,1
2229333,32294,10,1
2229333,46804,11,1
2229333,34658,12,0
2229333,28790,13,0
2229333,23368,14,0
2229333,26258,15,0
2229333,37335,16,0
2229333,30859,17,0
2229333,44811,18,0
2229333,32822,19,1
2229333,47893,20,1
2229333,9047,21,1
2229333,25610,22,1
2229333,29463,23,0
2229333,46559,24,0
2229333,3383,25,0
2229333,29941,26,1
2229333,47648,27,0
2229333,14960,28,0
2229333,28360,29,1
2229333,650,30,1
2229333,43374,31,1
2229333,36675,32,0
2229333,26911,33,0
2229333,3773,34,1
2229333,40426,35,0
2229333,29658,36,0
2229333,7408,37,1
2229333,18829,38,0
2229333,28156,39,0
2229333,39275,40,0
2230042,49610,1,0
2230042,11412,2,0
2230042,47144,3,1
2230042,5077,4,0
2230288,30280,1,0
2230288,13176,2,1
2230321,17747,1,0
2230321,8021,2,1
2230321,41271,3,0
2230321,37067,4,1
2230321,45788,5,1
2230321,41433,6,1
2235137,20463,1,1
2235137,14999,2,0
2235137,5077,3,1
2235137,28427,4,1
2235137,37067,5,0
2235137,35072,6,0
2235137,4562,7,0
2238032,19156,1,1
2238032,47087,2,1
2238032,13966,3,1
2238032,24629,4,1
2238032,10151,5,1
2238032,38995,6,1
2238032,25146,7,0
2238032,13176,8,0
2239691,16575,1,0
2239691,43955,2,1
2239691,15937,3,1
2239691,3237,4,0
2239691,4605,5,0
2239691,32465,6,0
2239691,42768,7,0
2239691,43713,8,0
2239691,22890,9,0
2239691,5450,10,1
2239691,3060,11,0
2239691,58,12,0
2239691,23594,13,0
2239721,27845,1,1
2239721,21137,2,1
2239721,45064,3,1
2239721,19057,4,1
2239721,12456,5,1
2239721,9839,6,1
2239721,41950,7,1
2239721,48364,8,0
2239721,24964,9,0
2239721,16616,10,0
2239721,48865,11,0
2239721,39928,12,0
2239721,5876,13,0
2239721,8174,14,0
2239721,39558,15,0
2239721,27104,16,0
2239721,9934,17,0
2239721,45946,18,0
2239721,26209,19,0
2239721,31717,20,0
2239721,21174,21,0
2239721,4264,22,0
2239721,41177,23,0
2240605,26324,1,1
2240605,24184,2,0
2240605,46979,3,0
2240605,34243,4,0
2240605,35887,5,0
2240605,44632,6,1
2240605,2086,7,0
2240605,17461,8,1
2240605,3481,9,1
2242914,1957,1,1
2242914,16953,2,1
2246203,40788,1,0
2246203,47616,2,1
2246203,23044,3,1
2246203,1215,4,0
2246203,47766,5,0
2246203,45066,6,1
2246203,9550,7,1
2246203,38777,8,0
2246203,29363,9,0
2246203,8516,10,0
2246203,40706,11,1
2246203,28579,12,0
2246203,26366,13,0
2246203,35004,14,0
2246203,44632,15,1
2246203,23375,16,1
2251797,38544,1,1
2251797,37718,2,1
2251797,34224,3,1
2251797,8053,4,1
2251797,9766,5,1
2251797,39886,6,1
2251797,39475,7,0
2251797,13176,8,1
2251797,31391,9,1
2252732,24852,1,1
2252732,10070,2,1
2252732,26604,3,1
2252732,7922,4,1
2252732,43262,5,0
2252732,37220,6,0
2252732,18465,7,1
2252732,27845,8,0
2252732,16830,9,0
2252732,27695,10,0
2254238,19389,1,1
2254238,40174,2,1
2254238,37158,3,1
2254238,11980,4,1
2254238,20561,5,1
2254238,24954,6,1
2254238,32605,7,1
2254238,35628,8,1
2254238,36724,9,1
2254238,30391,10,1
2254238,47612,11,1
2254238,10246,12,1
2254238,43076,13,1
2254238,16797,14,1
2254238,11786,15,1
2254238,7249,16,1
2254238,26604,17,1
2254238,38642,18,0
2254642,24838,1,0
2254642,29127,2,1
2254642,42719,3,0
2254642,12480,4,0
2254642,26940,5,0
2254642,18908,6,0
2254642,30928,7,0
2254642,33731,8,0
2256067,38938,1,1
2256067,3957,2,1
2256067,47209,3,0
2256067,35935,4,1
2260187,27086,1,1
2260187,48939,2,1
2260187,23909,3,1
2260187,40794,4,1
2260187,35850,5,1
2260187,42404,6,0
2260187,41290,7,1
2260187,27203,8,1
2260187,12,9,1
2260187,18610,10,0
2260277,3298,1,1
2260277,23288,2,1
2262125,29432,1,0
2262125,7413,2,1
2262125,24852,3,1
2262125,40388,4,1
2262125,30135,5,1
2264714,32478,1,1
2264714,9007,2,1
2265006,2379,1,0
2265006,1747,2,1
2265006,45123,3,0
2265006,44422,4,1
2265006,43352,5,1
2265689,33326,1,0
2265689,39409,2,0
2265689,32052,3,0
2265689,13176,4,0
2265689,24184,5,1
2265790,38200,1,0
2266495,20243,1,0
2266495,14043,2,0
2266495,38530,3,0
2266495,32303,4,0
2266495,13176,5,1
2266495,46654,6,0
2266495,44570,7,1
2266495,4367,8,0
2266945,3798,1,0
2266945,13176,2,1
2270058,4920,1,1
2270058,12138,2,1
2270058,42265,3,1
2270058,2825,4,1
2270058,35628,5,1
2270058,18465,6,1
2270058,28928,7,1
2270058,49192,8,1
2270058,2014,9,1
2270058,22594,10,1
2270058,14355,11,1
2270058,23630,12,1
2270058,20118,13,1
2270058,11168,14,1
2271557,18534,1,1
2271557,40411,2,0
2271557,10312,3,0
2271557,45253,4,0
2271557,23909,5,1
2271557,7781,6,0
2271557,27344,7,1
2271557,6166,8,0
2271557,49605,9,0
2271557,43530,10,1
2271557,39097,11,1
2271557,10673,12,1
2271557,2855,13,0
2271557,46842,14,1
2271557,21333,15,1
2271557,48527,16,1
2271557,16797,17,0
2271557,33357,18,0
2271557,38996,19,0
2271557,21288,20,0
2271557,19604,21,1
2271557,37436,22,0
2271557,39649,23,0
2271557,19766,24,0
2271557,48205,25,1
2271557,39032,26,0
2271557,2408,27,0
2271557,49680,28,1
2271557,30727,29,1
2271557,46676,30,0
2271557,31506,31,1
2271557,32184,32,0
2272544,4288,1,0
2272544,44201,2,0
2272544,32981,3,0
2272544,40614,4,0
2273106,27845,1,1
2273106,13176,2,1
2273106,5450,3,1
2277197,42015,1,0
2277197,28079,2,0
2277197,6101,3,0
2277197,10814,4,0
2278303,48946,1,1
2278303,47792,2,0
2278303,24631,3,1
2278303,12738,4,1
2278303,40298,5,1
2278303,34350,6,0
2278303,6825,7,0
2278303,35985,8,0
2278303,48199,9,0
2278303,11353,10,0
2278303,15034,11,0
2278303,49481,12,0
2278303,6846,13,1
2278303,48896,14,0
2278303,44911,15,0
2278303,43119,16,1
2278434,20754,1,0
2278434,24231,2,1
2278434,21678,3,0
2278434,18531,4,1
2278434,49235,5,1
2278434,27845,6,1
2278434,11760,7,0
2278434,37317,8,1
2278434,47626,9,1
2278434,11520,10,1
2278434,4605,11,1
2278434,12258,12,1
2278434,40174,13,1
2278434,27336,14,1
2278434,10246,15,1
2279293,22395,1,1
2279293,7021,2,1
2279293,14992,3,1
2279293,36322,4,1
2279293,47626,5,0
2279293,18531,6,1
2279293,21288,7,1
2279293,8277,8,1
2279293,28476,9,1
2279293,9076,10,0
2279293,16083,11,1
2279293,47672,12,1
2279293,38772,13,1
2279293,19895,14,0
2279293,1086,15,0
2279293,48109,16,0
2279293,44632,17,1
2279293,42736,18,1
2279293,6508,19,1
2279293,48747,20,0
2279293,47766,21,0
2279293,41950,22,1
2279293,26209,23,0
2279293,44570,24,0
2282385,18440,1,1
2282385,14874,2,1
2282385,36011,3,1
2282385,3957,4,1
2282385,38312,5,1
2282385,45374,6,1
2282385,5746,7,1
2282385,8297,8,1
2282385,24631,9,1
2283981,28842,1,0
2283981,19559,2,1
2283981,26209,3,1
2283981,17652,4,1
2283981,47766,5,1
2283981,12107,6,1
2283981,26369,7,1
2283981,43394,8,1
2283981,31662,9,1
2287525,32544,1,0
2287525,49141,2,0
2287525,20291,3,0
2287525,46114,4,1
2287525,717,5,0
2287525,46316,6,0
2287525,25440,7,0
2287525,46649,8,0
2287525,20251,9,0
2287525,10070,10,1
2288784,5785,1,1
2288784,24852,2,1
2288784,18362,3,1
2288784,32655,4,1
2288784,26209,5,1
2288784,10305,6,1
2288784,46906,7,1
2288784,21903,8,1
2288784,21791,9,1
2288784,31717,10,1
2288784,30142,11,0
2288784,13733,12,1
2288784,8518,13,1
2288784,12357,14,1
2289273,3919,1,1
2289273,18408,2,1
2289273,35762,3,1
2289273,25706,4,1
2289273,33819,5,1
2289273,28599,6,1
2289273,5535,7,0
2289353,24795,1,0
2289353,42728,2,1
2289353,3696,3,1
2289353,9837,4,1
2289353,45607,5,1
2289353,20378,6,1
2289353,42707,7,1
2289353,33439,8,1
2289353,49441,9,1
2289679,29145,1,0
2289679,31683,2,0
2289679,35321,3,0
2290882,44632,1,1
2290882,16676,2,1
2290882,42450,3,1
2290882,19261,4,1
2290882,45603,5,1
2290882,7751,6,0
2290882,10060,7,1
2293421,13535,1,1
2293421,35053,2,1
2293421,280,3,0
2293421,46802,4,1
2293421,7751,5,1
2293962,40199,1,0
2293962,18358,2,1
2293962,27985,3,1
2293962,10797,4,1
2295939,8859,1,1
2295939,33198,2,1
2295939,27730,3,1
2295939,15984,4,1
2295939,48220,5,1
2295939,13245,6,1
2295939,25146,7,1
2295939,38312,8,1
2295939,19087,9,0
2297375,24852,1,0
2297375,10722,2,0
2297375,4879,3,0
2297375,38164,4,1
2297375,48205,5,1
2297375,41844,6,1
2297375,12811,7,0
2297375,25839,8,1
2297375,29925,9,0
2297375,35761,10,0
2297758,5025,1,0
2297758,31717,2,1
2297758,20114,3,1
2297758,21614,4,0
2297758,4781,5,1
2297758,47209,6,1
2297758,1194,7,0
2298812,14904,1,1
2298812,38544,2,1
2298812,24413,3,1
2298812,5550,4,1
2298812,26790,5,0
2298812,37718,6,1
2298812,12820,7,1
2298812,4962,8,1
2298812,17902,9,0
2298812,1217,10,0
2298812,28204,11,0
2299455,1752,1,1
2299455,34688,2,1
2299455,33468,3,1
2299455,17948,4,1
2299455,26128,5,0
2299455,24561,6,1
2299455,35968,7,0
2299455,40198,8,0
2299455,4462,9,0
2302264,44142,1,0
2302264,2005,2,0
2302264,40332,3,1
2302264,1181,4,0
2302264,44056,5,1
2302264,28842,6,1
2302264,24852,7,1
2302264,39993,8,1
2302264,15937,9,1
2302264,3999,10,1
2302264,14897,11,1
2302264,15290,12,1
2302884,7147,1,0
2302884,20955,2,1
2302884,8571,3,1
2302884,46061,4,1
2304182,11492,1,1
2304182,20590,2,0
2307276,45747,1,0
2307276,39947,2,0
2307276,41035,3,0
2307276,24838,4,0
2307276,47388,5,0
2307276,1516,6,0
2307276,21903,7,1
2307276,29460,8,0
2307276,41363,9,0
2307276,25936,10,0
2307276,47893,11,1
2307276,46709,12,0
2308081,34358,1,1
2308081,44449,2,0
2308081,24838,3,1
2308081,11078,4,1
2308081,31727,5,0
2308081,1025,6,1
2308081,26668,7,0
2308081,10998,8,0
2308081,47630,9,1
2308081,34126,10,0
2308081,38739,11,1
2308081,37067,12,1
2308081,42404,13,1
2308081,11352,14,0
2308081,26949,15,1
2308081,24535,16,1
2308081,16168,17,0
2308081,47333,18,0
2308081,45673,19,1
2308081,47626,20,1
2308081,25659,21,1
2308189,25890,1,1
2308189,10504,2,1
2308189,28842,3,1
2308189,31553,4,1
2308714,19019,1,1
2308714,28985,2,1
2308714,9238,3,1
2308714,45682,4,1
2308714,22825,5,1
2308714,8174,6,1
2308714,27966,7,1
2308714,40723,8,1
2308714,43014,9,1
2308714,45167,10,1
2308714,16349,11,0
2308714,31292,12,1
2308714,48801,13,0
2308714,49241,14,1
2308714,15592,15,1
2308714,46206,16,1
2310772,44359,1,1
2310772,4605,2,0
2310772,9839,3,0
2310772,46667,4,0
2310772,9955,5,0
2310772,36926,6,0
2310772,32429,7,0
2310772,31717,8,1
2310772,6287,9,1
2310772,44949,10,0
2310772,15200,11,1
2310772,10749,12,1
2312280,13440,1,0
2312280,215,2,0
2312280,9547,3,0
2312280,7667,4,0
2312280,19005,5,0
2312280,12809,6,0
2312280,10957,7,0
2313506,8277,1,0
2313506,30489,2,0
2313506,25824,3,0
2313506,21019,4,0
2313506,9623,5,0
2313752,45633,1,0
2313752,1942,2,0
2313752,13802,3,0
2313752,6972,4,0
2313752,28204,5,0
2313752,31927,6,0
2313752,12320,7,0
2313752,26751,8,0
2313752,43749,9,0
2315919,8076,1,1
2315919,2726,2,1
2315919,13176,3,1
2315919,46886,4,1
2315919,49235,5,1
2315919,9407,6,1
2315919,8478,7,1
2315919,40396,8,1
2315919,45066,9,1
2315919,2763,10,1
2315919,21137,11,1
2315919,47209,12,1
2315919,31215,13,1
2315919,40647,14,0
2315919,47280,15,1
2315919,2295,16,1
2315919,20114,17,1
2315919,41259,18,0
2315919,22825,19,1
2315919,9521,20,1
2315919,31040,21,0
2315919,20600,22,0
2315919,42637,23,0
2315919,45019,24,0
2319083,47626,1,1
2319083,4605,2,1
2319083,42625,3,0
2319083,2086,4,0
2319083,26475,5,0
2319083,44632,6,1
2319083,28985,7,1
2319083,23165,8,1
2319083,21137,9,1
2319083,42768,10,1
2319083,38772,11,0
2319083,12312,12,1
2319083,31961,13,0
2319083,27156,14,0
2319083,26209,15,0
2319083,41665,16,0
2319083,48230,17,0
2319083,3376,18,0
2319083,20520,19,0
2319083,9364,20,0
2319083,26172,21,0
2319083,20114,22,0
2319083,3464,23,0
2319083,28842,24,0
2322995,45296,1,1
2322995,26348,2,1
2322995,24235,3,1
2322995,6631,4,1
2322995,23296,5,1
2322995,35909,6,1
2322995,6991,7,1
2322995,7533,8,1
2322995,42619,9,1
2323635,5258,1,1
2323635,14437,2,1
2324649,21278,1,1
2324649,19508,2,0
2324649,29487,3,0
2324649,7314,4,0
2324649,14267,5,0
2324649,16797,6,1
2324649,12336,7,0
2324649,43504,8,0
2324649,21903,9,1
2324649,43129,10,0
2324649,31562,11,1
2324649,41544,12,0
2324649,4920,13,1
2324649,32433,14,0
2324649,8424,15,1
2324813,46402,1,1
2324813,16797,2,1
2324813,5488,3,0
2324813,48823,4,0
2324813,5212,5,0
2324813,12585,6,0
2324813,32478,7,1
2324813,44177,8,1
2324813,48762,9,1
2324813,41808,10,1
2324813,9706,11,1
2324813,5750,12,0
2327015,31102,1,1
2327015,14467,2,1
2327015,196,3,1
2327567,5450,1,1
2327567,30827,2,1
2327567,10529,3,1
2330201,31992,1,0
2330201,2405,2,0
2330201,16952,3,0
2330330,6484,1,0
2330330,9135,2,0
2330330,1631,3,0
2330330,15807,4,0
2330352,17044,1,1
2330352,13252,2,1
2330352,44987,3,0
2330352,4098,4,1
2330456,7503,1,1
2330456,25936,2,1
2330456,35898,3,0
2330456,39475,4,1
2330456,49235,5,1
2330456,46820,6,1
2330456,47766,7,1
2330456,32052,8,1
2330456,21683,9,1
2330456,27247,10,1
2330456,24838,11,1
2330456,38164,12,1
2330456,17209,13,1
2330456,34262,14,1
2330456,21137,15,1
2330456,18113,16,1
2330456,4455,17,1
2333602,17803,1,1
2333602,34282,2,0
2333602,15392,3,1
2333602,42342,4,0
2333602,18531,5,1
2333602,24867,6,1
2334429,5785,1,1
2334429,8277,2,1
2334429,19057,3,1
2334429,21267,4,1
2334429,46906,5,1
2334429,26604,6,1
2334429,16142,7,1
2334429,38557,8,1
2334429,260,9,1
2334429,24964,10,1
2334429,4920,11,1
2334429,47788,12,0
2334429,16797,13,1
2335866,45633,1,0
2335866,42110,2,0
2335866,32579,3,1
2335866,24952,4,1
2335866,21137,5,1
2335866,34281,6,1
2335866,10761,7,1
2335866,16759,8,1
2335866,5020,9,1
2335866,27845,10,1
2335866,33370,11,1
2335866,47601,12,1
2339441,3798,1,1
2341061,18389,1,1
2341061,35108,2,1
2341061,20920,3,0
2341061,21012,4,0
2341061,30391,5,0
2341061,43961,6,0
2342100,23909,1,1
2342100,5120,2,1
2342100,21497,3,1
2342100,39160,4,1
2342100,26497,5,1
2342100,1408,6,0
2342100,40604,7,0
2342100,40706,8,1
2342100,20549,9,0
2342100,8518,10,0
2342100,6046,11,1
2342100,23554,12,0
2342177,24610,1,0
2342177,42443,2,1
2342177,26583,3,0
2342177,44533,4,1
2342177,21108,5,1
2342177,28993,6,0
2342177,5818,7,0
2342907,31759,1,1
2342907,13032,2,1
2342907,13042,3,1
2342907,6901,4,1
2342907,9007,5,1
2342907,2449,6,1
2342907,20955,7,1
2343322,32013,1,0
2343322,26620,2,1
2343322,25718,3,0
2343322,23938,4,0
2343322,13885,5,0
2344711,32201,1,0
2344711,10125,2,0
2344711,42193,3,1
2344711,45202,4,1
2344711,17461,5,0
2344711,27104,6,0
2344711,44473,7,0
2344711,21009,8,0
2347085,30776,1,1
2347085,25138,2,1
2347085,35083,3,1
2347085,16136,4,1
2352769,38775,1,1
2352769,7644,2,0
2352769,5566,3,1
2352769,42356,4,1
2352769,46868,5,1
2352769,5385,6,1
2352769,34027,7,1
2352769,25146,8,1
2352769,41242,9,1
2353376,26604,1,1
2353376,40706,2,1
2353376,44765,3,1
2353376,43218,4,0
2353376,13858,5,0
2353376,36506,6,0
2353376,44632,7,0
2353376,5959,8,0
2353376,41392,9,0
2353376,43961,10,1
2353376,22819,11,0
2353376,40550,12,0
2353376,48595,13,0
2357326,32650,1,1
2357326,47977,2,0
2357326,44048,3,1
2357326,35601,4,1
2357326,32463,5,0
2358173,45443,1,0
2358173,36962,2,0
2358173,47141,3,1
2358173,47877,4,1
2358173,48988,5,0
2358337,44632,1,1
2358337,7325,2,1
2358337,36316,3,1
2358337,10690,4,1
2358586,27548,1,0
2358586,24852,2,1
2358586,47209,3,1
2358586,10163,4,1
2358586,35221,5,1
2358586,2966,6,0
2358586,27531,7,0
2358586,21903,8,1
2359367,11461,1,0
2359367,27146,2,0
2359367,34494,3,0
2359367,11827,4,0
2359367,191,5,1
2359367,46364,6,0
2359367,4243,7,0
2359367,26508,8,0
2359367,46111,9,0
2359367,36441,10,0
2360926,37710,1,0
2360926,45920,2,0
2360926,22362,3,1
2360926,27839,4,0
2360926,27714,5,1
2360926,10258,6,0
2360926,8953,7,0
2360926,17957,8,0
2360926,5312,9,0
2360933,4565,1,0
2360933,24749,2,0
2360933,1148,3,0
2360933,43319,4,0
2360947,32684,1,0
2360947,41950,2,0
2360947,47626,3,0
2360947,8590,4,1
2360947,6046,5,0
2360947,21115,6,0
2360947,7736,7,0
2360947,3990,8,0
2360947,28887,9,0
2360947,30038,10,1
2364674,2913,1,1
2364674,25495,2,1
2364674,40571,3,1
2364674,21704,4,1
2364674,13203,5,1
2364674,32712,6,1
2364674,34243,7,1
2364674,36598,8,1
2364674,45125,9,1
2364674,32684,10,0
2364674,22139,11,0
2364674,19653,12,0
2364674,44234,13,0
2364674,5047,14,0
2364674,11837,15,0
2364674,25947,16,0
2364674,24386,17,0
2364674,15613,18,0
2364674,40593,19,0
2364674,44987,20,0
2367142,41973,1,1
2367142,46804,2,1
2367487,4037,1,1
2367487,18362,2,1
2367487,38664,3,1
2367487,34660,4,1
2367487,28198,5,1
2367487,23457,6,1
2367487,5508,7,1
2367487,9840,8,1
2367487,7350,9,1
2367487,16797,10,1
2367487,28571,11,1
2367487,4798,12,1
2367487,33846,13,1
2367487,42606,14,1
2367487,45668,15,1
2367487,29380,16,1
2367487,25837,17,1
2367487,15290,18,1
2367487,18284,19,1
2367487,35676,20,1
2367487,44911,21,1
2367487,21288,22,1
2367487,20022,23,1
2367487,5449,24,0
2367487,8022,25,0
2367639,24852,1,1
2367639,26620,2,1
2367639,31730,3,1
2367639,44359,4,1
2367639,21137,5,1
2367639,27344,6,1
2367639,13740,7,0
2367639,3827,8,1
2367639,21903,9,1
2367639,19370,10,1
2367639,47766,11,1
2367639,12597,12,0
2367639,42442,13,1
2367639,34137,14,0
2367639,41110,15,0
2368887,44910,1,1
2368887,39877,2,1
2368887,29722,3,1
2368887,43961,4,1
2368887,28289,5,1
2368887,999,6,1
2368887,29801,7,0
2368887,5677,8,0
2368887,32285,9,0
2368887,26317,10,1
2368887,17284,11,1
2368912,39411,1,1
2368912,32579,2,1
2368912,17183,3,1
2368912,49247,4,1
2368912,17758,5,1
2368912,49628,6,1
2368912,22151,7,1
2368912,40198,8,1
2370872,30849,1,1
2370872,7090,2,0
2370872,45063,3,0
2370872,22882,4,1
2370872,47766,5,1
2371446,9176,1,1
2371446,27966,2,1
2371446,14335,3,1
2371446,33129,4,1
2371446,16953,5,1
2371446,1090,6,0
2371446,47993,7,0
2371446,47357,8,1
2371446,33852,9,1
2371446,30910,10,1
2371446,7781,11,0
2371446,21384,12,0
2371446,3179,13,0
2371446,8580,14,0
2371446,4006,15,0
2371446,25893,16,0
2371446,17115,17,0
2371446,24852,18,1
2371446,32909,19,0
2373420,14947,1,1
2373420,13984,2,1
2373420,5450,3,0
2373420,37538,4,1
2373420,30391,5,1
2373420,44359,6,1
2373420,4614,7,1
2373420,32467,8,1
2373420,25513,9,1
2373420,30233,10,1
2373420,18362,11,0
2373420,2086,12,0
2373420,48559,13,1
2373420,10644,14,0
2374986,43295,1,1
2374986,28610,2,1
2374986,36086,3,0
2374986,27307,4,0
2374986,877,5,1
2374986,38162,6,0
2374986,29414,7,0
2376723,24852,1,1
2376723,27730,2,0
2376723,9076,3,1
2376723,26209,4,1
2376723,41544,5,1
2376723,20378,6,1
2376723,29345,7,0
2376723,29142,8,0
2376723,38400,9,0
2376723,48871,10,1
2376723,22395,11,1
2376723,14254,12,1
2376805,40183,1,1
2376805,39506,2,1
2376805,20840,3,0
2377159,47144,1,1
2377159,651,2,1
2382288,38371,1,1
2382288,43565,2,1
2382288,22463,3,1
2382288,40338,4,0
2382288,22476,5,0
2382288,16797,6,1
2382288,48377,7,0
2382288,16874,8,0
2382288,27275,9,0
2382288,35591,10,1
2382288,12811,11,1
2382288,27966,12,1
2382288,6155,13,1
2382288,21330,14,1
2382288,26604,15,0
2382288,23287,16,0
2382288,46479,17,0
2382288,365,18,1
2383093,27845,1,1
2383093,42828,2,1
2383093,16797,3,1
2383093,47788,4,0
2383093,28199,5,0
2383093,32303,6,0
2384672,12341,1,1
2385948,16231,1,1
2385948,31694,2,1
2385948,34234,3,1
2385948,24231,4,0
2385948,12276,5,0
2385948,45368,6,0
2385948,42693,7,0
2385948,19256,8,0
2385948,47329,9,0
2385948,24955,10,1
2385948,48370,11,1
2385948,40529,12,1
2385948,6184,13,0
2385948,37966,14,0
2386620,9068,1,1
2386620,36486,2,1
2386620,19145,3,0
2386620,16714,4,1
2386620,32156,5,1
2386620,21067,6,1
2386620,27631,7,0
2387317,18531,1,1
2387317,44632,2,1
2387317,23537,3,0
2387317,42093,4,1
2387317,260,5,1
2387317,47788,6,0
2387317,40002,7,0
2387317,36436,8,1
2387317,22069,9,1
2387317,20876,10,0
2387317,16249,11,0
2387317,34358,12,1
2387317,42425,13,1
2387317,28842,14,1
2387317,8518,15,1
2387317,26209,16,1
2387317,38739,17,1
2387317,34969,18,0
2387317,33647,19,1
2387317,23594,20,1
2388060,19894,1,1
2388060,10599,2,1
2388060,44663,3,1
2388060,3970,4,1
2388060,16848,5,0
2388060,9463,6,0
2389574,28842,1,1
2389574,42625,2,1
2389574,8193,3,0
2389574,42701,4,0
2389574,15630,5,0
2389574,47766,6,1
2389574,3880,7,1
2389574,41549,8,1
2389574,8955,9,1
2389574,5618,10,0
2389574,18531,11,1
2389574,33731,12,0
2389574,39812,13,1
2389574,2651,14,0
2392916,45294,1,1
2392916,21709,2,1
2392916,39993,3,1
2392916,33747,4,1
2392916,10851,5,0
2392916,46069,6,0
2393004,35473,1,0
2393004,222,2,1
2393004,44548,3,0
2393004,35201,4,0
2393004,24376,5,0
2393004,29363,6,1
2393004,32355,7,1
2393004,39275,8,1
2393004,34995,9,1
2393004,24085,10,1
2393004,48898,11,0
2393004,13536,12,1
2393004,35990,13,0
2393004,4006,14,0
2393004,48226,15,0
2393004,6850,16,0
2393004,40046,17,0
2393004,42731,18,1
2393004,39915,19,0
2393004,22646,20,1
2393850,42265,1,0
2393850,11777,2,0
2393850,877,3,1
2393850,17795,4,0
2393850,34969,5,1
2393850,47242,6,0
2393850,34350,7,0
2393850,29729,8,0
2393850,24852,9,1
2393850,39249,10,0
2393850,21573,11,0
2393850,353,12,0
2393850,21009,13,0
2393850,43662,14,0
2394676,46562,1,0
2395944,27086,1,1
2395944,30850,2,1
2395944,14084,3,1
2395944,26317,4,1
2395944,18670,5,1
2395944,37464,6,1
2395944,27690,7,0
2395944,48835,8,0
2395944,46802,9,0
2395944,21616,10,0
2395944,31717,11,0
2395944,29460,12,0
2395944,13176,13,1
2395944,47209,14,0
2395944,46667,15,0
2395944,22935,16,0
2395944,26242,17,0
2395944,24964,18,0
2395944,38273,19,0
2398352,24852,1,1
2398352,35417,2,1
2398352,13806,3,1
2398352,7963,4,1
2398352,37646,5,1
2398352,10114,6,1
2398352,6187,7,1
2398352,28204,8,1
2398352,46969,9,1
2398352,39928,10,1
2398747,13173,1,0
2398747,26209,2,1
2398747,31553,3,0
2398747,16710,4,0
2398747,21137,5,0
2398747,24129,6,0
2398747,6128,7,0
2398747,14947,8,1
2398747,49520,9,0
2398747,47209,10,0
2398747,8460,11,0
2398747,19836,12,0
2398747,1514,13,0
2398747,34503,14,0
2398747,30165,15,0
2398747,47337,16,1
2398747,2416,17,1
2398747,9411,18,0
2398747,11512,19,1
2398747,15976,20,1
2398747,36685,21,1
2398747,24442,22,0
2398747,2078,23,1
2398747,48275,24,0
2398747,15964,25,0
2398747,8479,26,0
2398747,23744,27,0
2399463,33984,1,1
2399463,17468,2,0
2399463,27044,3,0
2399463,12341,4,0
2399463,24852,5,1
2399463,45570,6,0
2399463,42710,7,0
2399463,2716,8,1
2399463,44008,9,0
2399463,8239,10,1
2399463,39877,11,1
2399463,28204,12,1
2399463,24062,13,0
2399463,28985,14,0
2399463,21903,15,0
2399463,14715,16,0
2402194,30960,1,1
2402194,25513,2,1
2402194,26714,3,1
2402194,12290,4,0
2402194,1215,5,0
2402194,46473,6,0
2404731,46041,1,0
2404731,18987,2,0
2404731,4210,3,1
2404731,27179,4,0
2404731,30073,5,1
2405347,9387,1,1
2405347,8174,2,0
2405347,47626,3,0
2405347,39928,4,1
2405347,38456,5,0
2405347,45906,6,1
2405347,46906,7,0
2407354,12456,1,0
2407354,34666,2,0
2407354,15438,3,0
2407354,21783,4,0
2407354,12069,5,0
2407354,19508,6,0
2407354,10499,7,0
2407354,42265,8,1
2407354,17794,9,1
2407354,30391,10,1
2407354,10749,11,1
2407354,24964,12,1
2407354,41165,13,1
2407354,28309,14,1
2407354,47766,15,1
2407354,27845,16,1
2407354,7963,17,1
2407354,37220,18,1
2407354,35921,19,1
2407354,39928,20,1
2407354,28204,21,0
2407354,47759,22,0
2407354,14462,23,0
2407354,29926,24,0
2407354,46522,25,0
2407354,47629,26,1
2407354,11286,27,0
2407354,7325,28,0
2407354,45356,29,1
2407587,46061,1,1
2407587,8859,2,1
2407587,196,3,1
2409150,23543,1,0
2409150,22935,2,1
2409150,34126,3,1
2409150,24964,4,1
2409150,1999,5,1
2409150,23178,6,1
2409150,8205,7,1
2409150,39035,8,1
2409150,34530,9,0
2409150,11182,10,0
2409283,38650,1,0
2409283,23362,2,1
2409283,39558,3,0
2409283,39040,4,0
2409283,17794,5,0
2409283,10246,6,0
2409283,22935,7,0
2409283,24964,8,0
2409283,8670,9,0
2409283,19677,10,1
2409283,24852,11,0
2409283,42244,12,0
2409283,45123,13,0
2409283,20767,14,1
2409283,27344,15,1
2409283,30450,16,1
2409829,8721,1,0
2409829,5605,2,0
2409829,41149,3,1
2409829,24964,4,0
2409829,17794,5,0
2409829,44359,6,0
2409829,31553,7,0
2409829,14218,8,0
2409829,18689,9,1
2409829,48220,10,0
2409829,5537,11,0
2409829,33232,12,0
2409829,9036,13,0
2411087,48226,1,0
2411087,36070,2,1
2411087,27683,3,0
2411087,2954,4,0
2412915,13176,1,1
2412915,12341,2,1
2412915,48762,3,1
2412915,27845,4,1
2412915,20955,5,1
2412915,12899,6,1
2412915,10310,7,0
2412915,21195,8,0
2412915,10227,9,0
2412956,33452,1,1
2414497,25305,1,1
2414497,38293,2,1
2414497,9076,3,0
2414497,28553,4,0
2414497,21903,5,0
2414497,35940,6,0
2414497,18594,7,0
2414497,14804,8,0
2414497,15613,9,0
2414497,7185,10,1
2414497,6046,11,1
2414497,41039,12,0
2414497,39055,13,0
2414497,16570,14,1
2414915,30391,1,1
2414915,37307,2,0
2414915,49075,3,1
2414915,39877,4,1
2414915,49131,5,1
2414915,781,6,1
2414915,20995,7,1
2414915,39692,8,0
2415544,24852,1,1
2415544,49235,2,1
2415544,10957,3,1
2415544,41351,4,1
2415544,9076,5,1
2415544,46676,6,1
2415544,13790,7,1
2415544,49424,8,1
2415544,30169,9,1
2415544,26223,10,1
2415906,41131,1,1
2415906,46088,2,1
2415906,30036,3,1
2415906,36425,4,1
2415906,18860,5,1
2415906,45134,6,0
2415906,12811,7,0
2415906,10557,8,0
2415906,12919,9,1
2416019,33493,1,0
2416019,21161,2,0
2416019,2390,3,1
2416019,33388,4,1
2416019,4819,5,0
2416019,280,6,0
2416355,30082,1,1
2416355,44475,2,0
2416355,2519,3,0
2416784,13712,1,1
2416784,41809,2,1
2416784,18610,3,1
2417991,28785,1,0
2417991,48745,2,1
2417991,24390,3,0
2417991,34358,4,1
2417991,34126,5,0
2417991,31040,6,0
2417991,47626,7,1
2417991,13646,8,1
2417991,5479,9,1
2417991,23484,10,1
2417991,49683,11,0
2418393,42768,1,1
2418393,9881,2,1
2418393,6795,3,0
2418393,20127,4,0
2418393,39812,5,0
2418393,28576,6,0
2418393,42389,7,0
2418393,21901,8,0
2418393,24740,9,0
2418393,47258,10,1
2419587,33120,1,1
2419587,1215,2,1
2419587,24852,3,1
2419587,19125,4,0
2420719,13176,1,1
2420719,43692,2,1
2420719,33000,3,1
2420719,12341,4,1
2420719,8953,5,1
2420719,6184,6,1
2421601,1202,1,1
2421601,22754,2,1
2421601,5077,3,1
2421601,25588,4,1
2424405,32399,1,1
2424405,40261,2,1
2424405,31683,3,1
2424405,21573,4,1
2424405,39057,5,1
2424405,424,6,1
2424405,14147,7,1
2424405,5033,8,0
2424532,22888,1,0
2424532,28849,2,0
2424532,24852,3,1
2424532,47626,4,1
2424532,26800,5,0
2424955,3959,1,1
2424955,15629,2,1
2424955,25115,3,1
2424955,35440,4,1
2424955,41306,5,1
2424955,22687,6,1
2424955,40330,7,1
2424955,32271,8,1
2424955,10912,9,1
2424955,42633,10,1
2424955,27147,11,1
2424955,27370,12,1
2424955,39922,13,1
2424955,42677,14,0
2424955,42658,15,0
2424955,26459,16,0
2424955,9222,17,0
2424955,17315,18,0
2424955,47978,19,0
2425989,24852,1,1
2425989,43295,2,1
2426804,33303,1,1
2427002,21709,1,1
2427002,36011,2,1
2427002,11520,3,1
2427002,31215,4,1
2427002,21376,5,1
2427002,42562,6,1
2427002,38772,7,1
2427002,36746,8,1
2427002,27548,9,1
2427002,26128,10,1
2427002,24841,11,1
2427002,35140,12,1
2428694,28920,1,0
2428694,2809,2,0
2428694,47658,3,0
2428694,8027,4,0
2432375,47766,1,1
2432375,45007,2,1
2432375,28284,3,0
2432375,25256,4,0
2432375,26648,5,1
2432375,36389,6,0
2432375,9076,7,0
2432375,43352,8,0
2432375,28553,9,0
2432375,30391,10,0
2432375,34969,11,1
2432375,32446,12,1
2432375,44359,13,1
2432375,15937,14,1
2432375,34358,15,1
2432375,42294,16,0
2432375,23484,17,1
2432375,41500,18,0
2432375,42768,19,1
2432375,4605,20,1
2432375,8174,21,1
2432410,36913,1,0
2432410,27845,2,0
2432410,32030,3,0
2432410,21009,4,0
2432410,22035,5,0
2432410,25138,6,1
2432410,29635,7,0
2433938,19057,1,1
2433938,21775,2,1
2433938,41950,3,1
2433938,7695,4,1
2433938,16797,5,1
2433938,23952,6,1
2433938,38689,7,1
2433938,6873,8,1
2433938,12935,9,1
2433938,4932,10,1
2433938,48628,11,1
2433938,27104,12,1
2433938,48364,13,0
2433938,37687,14,0
2433938,45616,15,0
2433938,10246,16,0
2435318,43789,1,0
2435318,21903,2,1
2435318,23029,3,1
2435318,28849,4,1
2435318,38944,5,1
2435318,27874,6,1
2435318,32052,7,0
2435318,2086,8,1
2435318,25088,9,0
2435318,2611,10,1
2435318,11520,11,1
2435318,19816,12,1
2435318,5212,13,0
2435318,3020,14,1
2435318,5450,15,1
2435318,29987,16,1
2435318,33731,17,0
2435318,38693,18,0
2435318,17600,19,1
2435318,15693,20,0
2435318,22035,21,1
2435318,21137,22,0
2435318,12442,23,0
2435318,13646,24,0
2436198,3968,1,1
2436958,12732,1,1
2437480,47626,1,1
2437480,24852,2,1
2437480,27845,3,1
2437480,35221,4,0
2437480,27344,5,1
2437480,8087,6,1
2437480,46654,7,1
2437480,12099,8,0
2437480,1215,9,0
2437974,46400,1,1
2437974,21573,2,1
2437974,6758,3,1
2437974,31985,4,1
2437974,30827,5,1
2437974,6184,6,0
2439434,21077,1,1
2439434,24852,2,1
2439434,22935,3,0
2439434,12614,4,1
2439434,4920,5,1
2439434,37646,6,0
2439434,5250,7,1
2439434,26217,8,1
2439434,40604,9,0
2439434,8834,10,1
2439434,48885,11,1
2439434,47626,12,0
2439434,15238,13,0
2439434,42768,14,0
2442355,45066,1,1
2442355,4562,2,0
2442355,30827,3,0
2442355,27104,4,0
2442355,47042,5,0
2442355,31717,6,0
2442355,20114,7,1
2442355,5818,8,0
2444715,34739,1,0
2444715,1599,2,0
2444715,39423,3,0
2444715,8136,4,0
2444715,10957,5,0
2444715,577,6,0
2444715,13166,7,1
2444715,22629,8,0
2444715,22290,9,0
2447380,8536,1,0
2447380,14947,2,1
2447380,4605,3,1
2447380,20114,4,1
2447380,15386,5,1
2447380,37609,6,1
2447380,4879,7,0
2447380,11408,8,0
2447380,34449,9,0
2447380,48871,10,0
2447380,3880,11,0
2447380,10895,12,0
2447380,25985,13,0
2447380,28156,14,1
2447380,47865,15,0
2447380,49441,16,0
2447380,15923,17,1
2447380,45245,18,0
2447380,18880,19,1
2447380,34013,20,1
2447380,38113,21,0
2448261,19208,1,1
2448261,36709,2,1
2448261,11520,3,1
2448261,12144,4,1
2448261,27344,5,1
2448261,19311,6,0
2450915,34666,1,1
2450915,7835,2,1
2450915,47630,3,1
2450915,46676,4,1
2450915,24852,5,1
2452730,8104,1,0
2452730,12738,2,0
2452730,14814,3,1
2452730,42016,4,0
2452730,15906,5,0
2452730,6735,6,0
2455283,20282,1,1
2455283,11090,2,1
2455283,5134,3,1
2455283,8518,4,1
2455283,47626,5,1
2455283,24964,6,1
2455283,22922,7,1
2455283,27966,8,1
2455283,38650,9,1
2455283,20734,10,1
2455283,45002,11,0
2455283,9227,12,0
2455283,44035,13,0
2455283,45965,14,0
2455283,46676,15,0
2455283,42469,16,0
2456476,31640,1,0
2456476,24160,2,1
2456476,13500,3,1
2456476,26283,4,1
2456476,14992,5,1
2456476,4605,6,1
2456476,38293,7,1
2456476,5652,8,0
2456476,46979,9,1
2456476,47626,10,1
2456476,26209,11,1
2456476,1463,12,0
2456476,48104,13,1
2456476,42719,14,0
2456476,5450,15,1
2456476,24964,16,1
2456476,43129,17,0
2456476,29987,18,0
2456476,34126,19,0
2456476,38273,20,0
2456476,27336,21,1
2456476,8174,22,0
2456476,32184,23,0
2456476,12409,24,0
2456476,9327,25,0
2456476,3376,26,0
2456476,28849,27,0
2456476,41950,28,0
2456476,26369,29,0
2456476,3952,30,1
2456476,11140,31,0
2456780,45537,1,1
2456780,38944,2,1
2456780,42265,3,1
2456780,19575,4,1
2456780,4547,5,1
2456780,39877,6,1
2456780,38890,7,1
2456780,14126,8,1
2456780,10749,9,1
2456780,27741,10,1
2456780,21573,11,1
2456780,20588,12,1
2456780,44570,13,1
2456780,42389,14,1
2456780,37709,15,1
2456780,15366,16,0
2456780,19530,17,0
2456780,42356,18,0
2456780,2092,19,1
2456780,24516,20,0
2456780,26280,21,0
2456780,1203,22,0
2456780,23955,23,1
2457806,5161,1,1
2457806,27845,2,1
2457806,39877,3,1
2457806,23543,4,1
2457806,3849,5,1
2457806,45066,6,1
2457806,43122,7,1
2457806,31221,8,1
2457806,28443,9,1
2457806,15996,10,1
2457806,31506,11,1
2457806,10915,12,1
2457806,3957,13,0
2458528,23909,1,1
2458528,30754,2,1
2458528,47050,3,1
2458528,8730,4,1
2458528,15902,5,1
2458528,48335,6,1
2458528,43565,7,0
2458528,2639,8,0
2458528,33548,9,0
2458528,23248,10,0
2458528,42598,11,0
2458528,35762,12,1
2461484,27521,1,1
2461484,24838,2,1
2461484,8518,3,1
2461484,4853,4,0
2461484,34969,5,1
2461484,36685,6,1
2461484,43961,7,0
2461484,47626,8,1
2461484,27881,9,0
2461484,40749,10,0
2461484,42557,11,0
2461484,34126,12,1
2461484,46720,13,1
2461484,14129,14,0
2461484,49128,15,0
2461484,30489,16,1
2461484,26668,17,1
2461484,29439,18,0
2465829,13176,1,1
2465829,47766,2,1
2465829,39747,3,1
2465829,27966,4,1
2465829,28278,5,1
2465829,10518,6,1
2465829,39877,7,1
2465829,22963,8,1
2465829,3952,9,1
2465829,21376,10,1
2465829,12935,11,1
2465829,19057,12,1
2465829,30489,13,1
2465829,30391,14,1
2465829,17915,15,1
2465829,1463,16,1
2465829,36956,17,0
2465829,38772,18,1
2465829,21903,19,1
2465829,31618,20,0
2466989,6765,1,1
2466989,34358,2,1
2466989,36164,3,1
2467002,1181,1,1
2467002,24852,2,1
2467002,49520,3,1
2467002,21709,4,1
2468005,40199,1,1
2468005,46700,2,0
2468005,36316,3,1
2468005,18352,4,1
2468005,25824,5,0
2468005,25072,6,1
2470483,28040,1,0
2470483,17889,2,0
2470483,39057,3,0
2470483,26924,4,0
2470483,7170,5,1
2470483,32980,6,0
2470483,48249,7,0
2470483,10641,8,0
2470483,27864,9,0
2473925,6651,1,1
2473925,43065,2,1
2473925,13250,3,0
2473925,18894,4,1
2473925,36847,5,1
2473925,49098,6,0
2473925,2314,7,0
2473925,6218,8,1
2473925,9839,9,1
2473925,17693,10,1
2473925,48705,11,1
2473925,25919,12,0
2473925,11520,13,0
2476574,23288,1,0
2477354,44292,1,1
2478821,21883,1,1
2478821,28573,2,1
2480550,5612,1,1
2480550,37687,2,0
2480550,30953,3,0
2480550,4920,4,0
2480550,21267,5,0
2480550,24852,6,1
2480550,9076,7,0
2480550,29145,8,0
2480979,16826,1,0
2480979,13988,2,0
2480979,5770,3,0
2480979,43886,4,0
2480979,24852,5,1
2480979,29553,6,1
2480979,16185,7,1
2480979,38470,8,0
2480979,47626,9,1
2482540,5479,1,1
2482540,23634,2,1
2482540,6532,3,1
2482540,30949,4,0
2482540,18689,5,1
2482540,26032,6,0
2482540,15399,7,0
2484491,17454,1,0
2484491,12157,2,0
2484491,23032,3,0
2484491,31717,4,0
2484491,17299,5,0
2484491,8006,6,0
2484491,38383,7,1
2484491,95,8,0
2484491,22935,9,1
2484491,45007,10,1
2484491,22658,11,0
2484491,1359,12,0
2484491,25659,13,0
2484491,48186,14,0
2484491,20989,15,0
2487041,7912,1,1
2487041,37158,2,1
2487041,24852,3,1
2487041,10761,4,1
2487041,27104,5,1
2487041,12683,6,0
2487041,41844,7,0
2487041,20955,8,0
2487041,34262,9,0
2487041,25330,10,0
2487041,7557,11,0
2487041,16943,12,0
2490317,19660,1,1
2490317,32201,2,1
2490317,21683,3,1
2490317,41694,4,0
2490317,48230,5,0
2490317,21009,6,0
2490317,11068,7,1
2490317,8758,8,0
2490317,15592,9,1
2490317,25931,10,1
2490317,48079,11,0
2490317,15459,12,1
2490317,46802,13,1
2490317,13852,14,1
2490317,6740,15,1
2494071,28204,1,1
2494071,37377,2,0
2494071,41787,3,1
2494071,19086,4,0
2494071,24852,5,1
2494071,11689,6,1
2494071,27196,7,1
2494071,35752,8,0
2494071,10032,9,1
2494071,34024,10,0
2494071,33198,11,1
2494071,43409,12,0
2494071,29553,13,1
2494071,33506,14,1
2494071,3671,15,0
2494071,22762,16,0
2494071,47849,17,0
2494071,16797,18,1
2494071,46284,19,0
2494071,32448,20,0
2494071,2504,21,1
2494071,47626,22,1
2494071,17122,23,0
2494071,28199,24,0
2494071,8424,25,0
2494071,39844,26,1
2494071,48299,27,0
2494071,29142,28,0
2494071,33231,29,1
2494071,33483,30,0
2494071,44233,31,0
2494071,43772,32,1
2494071,37493,33,1
2494071,8193,34,1
2494071,16185,35,1
2495111,31709,1,0
2495111,39212,2,0
2495111,44234,3,0
2495111,39327,4,1
2495111,17222,5,0
2495111,47672,6,1
2495111,36139,7,0
2495111,21793,8,0
2495111,28993,9,1
2495111,10049,10,1
2495111,32966,11,0
2495111,24615,12,1
2495111,4138,13,0
2495111,16696,14,0
2495111,34619,15,1
2495111,16948,16,0
2497400,38689,1,1
2497400,19711,2,1
2497400,39024,3,1
2497400,22825,4,1
2497400,34243,5,1
2497400,45066,6,1
2497400,13176,7,0
2497400,44275,8,1
2497400,14778,9,1
2497400,16254,10,1
2497400,43961,11,0
2497400,27521,12,0
2497400,3142,13,0
2497400,40706,14,0
2497400,5450,15,0
2497400,42958,16,1
2497400,48628,17,0
2497400,21137,18,1
2500622,5586,1,1
2500622,4296,2,0
2500622,11308,3,0
2500622,30778,4,0
2500622,3705,5,1
2500622,32650,6,1
2500622,45566,7,0
2502625,17316,1,1
2502625,30830,2,1
2506280,9411,1,1
2506280,19953,2,1
2506280,24852,3,1
2506280,10305,4,1
2506280,16797,5,1
2506280,47626,6,1
2506280,26209,7,0
2506280,7131,8,1
2506280,27313,9,0
2506280,34619,10,0
2506280,14280,11,1
2506280,9837,12,1
2506280,43899,13,1
2509620,47209,1,1
2509620,44632,2,1
2509620,39877,3,1
2509620,37646,4,1
2509620,39806,5,1
2509620,13175,6,1
2509620,15290,7,1
2509620,31717,8,1
2509620,12456,9,0
2509620,9839,10,1
2509620,45007,11,1
2513314,8670,1,1
2513314,40708,2,0
2513314,34969,3,0
2513314,26497,4,0
2513314,49035,5,0
2513314,27548,6,0
2513314,9515,7,1
2513314,30442,8,1
2513314,24852,9,1
2513314,28204,10,1
2513314,43352,11,0
2513314,28934,12,1
2513314,37250,13,0
2513314,24964,14,1
2513314,42265,15,1
2514376,13265,1,0
2514376,21261,2,1
2514494,40490,1,1
2514494,4749,2,1
2514494,44234,3,1
2514494,6448,4,1
2514494,19993,5,1
2514494,36266,6,1
2514494,4390,7,0
2514737,24749,1,0
2514737,19143,2,1
2514737,19763,3,1
2514737,38941,4,1
2514737,33894,5,1
2514737,41665,6,1
2514737,35914,7,0
2516916,47209,1,0
2516916,24062,2,0
2516916,47830,3,0
2517765,22585,1,1
2517765,12873,2,1
2517765,23288,3,1
2517765,47229,4,1
2517765,24157,5,1
2517765,28199,6,1
2517765,33101,7,1
2517765,31040,8,1
2517765,38453,9,0
2519751,42808,1,1
2519751,44156,2,1
2519751,25804,3,1
2519751,39249,4,0
2519751,6979,5,1
2519751,32650,6,1
2519751,1689,7,1
2519751,2611,8,1
2519751,18523,9,1
2519751,47770,10,1
2519751,9387,11,0
2519751,25544,12,1
2519751,12253,13,1
2519751,36519,14,1
2519751,49282,15,1
2519751,30016,16,1
2519751,36772,17,1
2519751,31487,18,1
2519751,9648,19,0
2519751,38819,20,1
2519751,42208,21,1
2519751,22282,22,0
2520347,17451,1,1
2520347,24825,2,0
2520347,26712,3,0
2520347,47086,4,0
2520347,19348,5,1
2520347,40261,6,0
2520347,19342,7,0
2520347,11408,8,0
2520347,30463,9,0
2520347,20152,10,0
2520347,7877,11,0
2520347,27104,12,0
2520347,4605,13,1
2520347,44570,14,0
2520347,37068,15,0
2522354,23376,1,1
2522354,31486,2,1
2522354,3061,3,0
2522354,24852,4,1
2522354,34487,5,1
2522354,14063,6,1
2522354,26709,7,1
2522354,2078,8,0
2522354,27790,9,1
2523174,20119,1,0
2523174,25533,2,1
2523174,1398,3,0
2524360,9810,1,1
2524360,8277,2,1
2524360,21553,3,0
2524360,43565,4,1
2524360,13249,5,1
2524360,17872,6,0
2524360,27398,7,1
2524360,28465,8,1
2524360,14999,9,0
2524360,46179,10,0
2524984,6182,1,1
2524984,27796,2,0
2524984,25219,3,0
2524984,32299,4,0
2524984,36310,5,0
2524984,40261,6,0
2525047,9644,1,0
2525047,15541,2,1
2525047,35053,3,1
2525047,32689,4,1
2525840,31759,1,1
2525840,40310,2,1
2525840,625,3,1
2525840,22952,4,1
2525840,20285,5,1
2526430,196,1,1
2526430,22802,2,1
2527255,3179,1,0
2527255,17896,2,0
2527255,15134,3,0
2527255,22882,4,1
2527255,40350,5,0
2527255,19068,6,1
2527255,44560,7,0
2527255,47766,8,1
2527255,27796,9,1
2527255,4317,10,0
2527255,28985,11,1
2527255,49683,12,0
2527255,5025,13,0
2527255,43772,14,0
2527255,14992,15,1
2527255,45864,16,0
2527255,42342,17,0
2527255,44925,18,1
2527255,20738,19,1
2527255,28204,20,1
2527255,24852,21,1
2527255,17872,22,1
2527255,260,23,1
2527255,21090,24,0
2527255,46402,25,1
2527255,3318,26,1
2528435,6184,1,0
2528435,42629,2,0
2528435,13176,3,1
2528435,43352,4,1
2528435,6087,5,1
2528435,33081,6,1
2528435,8571,7,1
2528435,12341,8,1
2528435,35561,9,0
2528435,16797,10,1
2532597,46175,1,0
2532597,3265,2,0
2532597,2033,3,1
2532597,4846,4,1
2532597,8610,5,1
2532597,49490,6,1
2532597,33624,7,1
2532597,1366,8,0
2532597,37354,9,1
2532597,39394,10,0
2532597,38185,11,1
2532695,49191,1,1
2532695,42585,2,1
2532695,13380,3,1
2532695,432,4,1
2532695,35547,5,1
2532695,24852,6,1
2532695,43961,7,1
2532695,49683,8,1
2532695,17948,9,1
2532695,35221,10,1
2532695,8424,11,1
2532695,43086,12,1
2532695,24489,13,1
2532695,20127,14,1
2532695,5905,15,0
2533339,49227,1,1
2533339,45009,2,1
2533339,13261,3,0
2533339,39663,4,0
2533339,5566,5,0
2533339,36099,6,0
2533339,17140,7,0
2533339,9124,8,0
2533339,47792,9,0
2533339,12916,10,0
2533339,44945,11,0
2533339,32684,12,1
2533595,44843,1,1
2533595,7736,2,1
2533595,23175,3,0
2533595,4105,4,1
2533595,28083,5,0
2533595,43183,6,1
2533595,15718,7,0
2533595,31683,8,1
2533595,35921,9,0
2533595,23909,10,0
2533595,36005,11,0
2533595,36431,12,1
2534736,24940,1,1
2534736,24852,2,1
2534736,32655,3,1
2534736,14467,4,1
2534736,31040,5,1
2534736,26209,6,1
2534736,7503,7,1
2534736,5876,8,1
2534736,44359,9,1
2534736,4605,10,1
2534736,5450,11,1
2534736,8518,12,0
2534736,31717,13,0
2534736,4086,14,0
2534736,39984,15,1
2534736,32177,16,0
2534736,28769,17,0
2534736,581,18,1
2534736,27156,19,0
2534736,13517,20,0
2534736,42342,21,0
2534736,14242,22,0
2534736,31181,23,0
2534736,7156,24,1
2534736,49683,25,0
2534736,20119,26,1
2534736,7185,27,1
2534736,47492,28,1
2534736,47526,29,1
2537293,38928,1,1
2537293,9434,2,1
2537293,6184,3,1
2537293,7146,4,0
2540529,46088,1,1
2540972,42078,1,0
2540972,24852,2,1
2540972,5550,3,0
2540972,39275,4,1
2540972,23909,5,0
2540972,20082,6,1
2540972,38739,7,0
2540972,28127,8,0
2540972,8619,9,0
2540972,859,10,0
2540972,45007,11,0
2540972,40571,12,1
2540972,22124,13,0
2542164,46667,1,0
2542164,21137,2,1
2542164,21903,3,1
2542164,27845,4,1
2546813,30668,1,0
2546813,13176,2,0
2547223,48226,1,0
2547223,49279,2,0
2547223,32784,3,0
2547223,40136,4,0
2547223,40706,5,0
2547887,4597,1,0
2547887,19893,2,1
2547887,24852,3,1
2547887,14084,4,0
2547887,48745,5,0
2547887,2295,6,0
2547887,21137,7,1
2547887,39877,8,0
2547887,1819,9,0
2547887,15532,10,0
2547887,18702,11,0
2547887,26604,12,0
2547887,12658,13,1
2547887,9554,14,0
2548434,18709,1,0
2548434,8668,2,0
2548434,28796,3,0
2548434,11201,4,0
2548434,15709,5,0
2548434,20944,6,0
2548434,5742,7,0
2548434,18793,8,0
2548434,26539,9,0
2548434,46182,10,0
2548434,43977,11,0
2548434,18379,12,0
2548697,35168,1,1
2548697,26915,2,1
2548697,16797,3,1
2548697,46654,4,1
2548697,17419,5,1
2548697,34684,6,0
2548697,49075,7,1
2548697,8518,8,1
2548697,35050,9,0
2549155,18751,1,0
2549155,13590,2,0
2549155,28427,3,0
2549155,6891,4,0
2549155,17583,5,0
2549244,27104,1,0
2549244,28934,2,0
2549244,48364,3,1
2549244,11182,4,0
2549244,16759,5,0
2549244,37687,6,1
2549244,43352,7,1
2549244,49383,8,0
2549244,30305,9,0
2549244,5876,10,0
2549244,4920,11,0
2549244,9162,12,1
2549875,6813,1,0
2549875,35534,2,1
2549875,37089,3,0
2549875,17335,4,1
2549875,16797,5,1
2549875,43352,6,1
2549875,26604,7,1
2549875,25272,8,1
2549875,24852,9,1
2549875,29657,10,0
2549875,14320,11,0
2549875,47941,12,0
2549875,39066,13,1
2549875,40287,14,1
2549875,20561,15,0
2549875,46842,16,0
2549875,28646,17,0
2550021,26209,1,1
2550021,27966,2,1
2550021,7120,3,1
2550021,25931,4,1
2550021,5876,5,1
2550021,13176,6,1
2550021,44683,7,1
2550021,36695,8,1
2550021,35547,9,1
2550021,14711,10,1
2550021,47209,11,1
2550021,15937,12,1
2550139,4210,1,1
2550139,35383,2,1
2550139,14970,3,1
2550139,44799,4,1
2550139,29251,5,1
2550139,7326,6,0
2550139,38063,7,0
2550139,21050,8,0
2551254,19934,1,1
2551254,31277,2,1
2551254,9779,3,1
2551254,47119,4,1
2551254,24830,5,0
2551254,13519,6,1
2551254,34262,7,1
2551254,4367,8,1
2553193,28517,1,1
2553193,15694,2,1
2553907,3682,1,1
2553907,28156,2,1
2553907,40852,3,1
2553907,32959,4,0
2553907,34262,5,1
2553907,44075,6,1
2553907,21010,7,0
2553907,24852,8,1
2553907,29307,9,1
2553907,30118,10,0
2553907,7461,11,1
2553907,48116,12,0
2553907,16883,13,1
2553907,11520,14,0
2553907,1757,15,0
2556030,22028,1,1
2556030,30558,2,1
2556853,20460,1,1
2556853,18811,2,0
2556853,11712,3,1
2556853,16249,4,1
2556853,29287,5,1
2556853,31717,6,1
2556853,46979,7,1
2556853,39475,8,1
2556853,2962,9,1
2556853,15551,10,1
2558273,22255,1,1
2558273,25753,2,1
2558273,41844,3,1
2558273,20995,4,1
2558273,40706,5,1
2558273,25355,6,1
2558273,33731,7,1
2558273,28985,8,1
2558771,10957,1,1
2558771,15700,2,1
2558771,18019,3,0
2558771,19953,4,1
2558771,38200,5,1
2558771,41453,6,1
2558771,42731,7,1
2558771,29615,8,1
2558771,15924,9,1
2558771,9458,10,1
2558771,27761,11,1
2558771,20463,12,1
2558771,37917,13,1
2558771,19840,14,1
2558771,12580,15,1
2558771,33956,16,1
2558771,27658,17,0
2558771,42342,18,0
2558771,29022,19,0
2558771,20126,20,0
2558771,33000,21,0
2558771,42736,22,0
2558771,36011,23,0
2558771,10650,24,0
2559413,30777,1,0
2559413,11759,2,0
2560176,42460,1,0
2560176,20738,2,0
2561393,33147,1,1
2561393,17902,2,1
2561393,32079,3,1
2561393,26900,4,1
2564966,13733,1,0
2564966,18413,2,0
2564966,8193,3,1
2564966,27344,4,1
2564966,23516,5,1
2564966,27845,6,1
2564966,43352,7,0
2564966,24622,8,1
2564966,22035,9,0
2564966,31805,10,1
2564966,46069,11,0
2564966,4799,12,0
2566057,38775,1,1
2566057,33198,2,1
2566057,3023,3,1
2566057,19145,4,1
2566057,1514,5,1
2566057,8104,6,1
2566057,6567,7,1
2566057,13951,8,1
2566057,12857,9,1
2566194,5640,1,1
2566194,4472,2,0
2566194,33568,3,1
2566194,42509,4,0
2566194,48485,5,0
2566194,1587,6,0
2566194,27086,7,0
2567485,14715,1,1
2567485,12315,2,1
2567485,22395,3,1
2567485,21903,4,1
2567485,16759,5,1
2567485,27104,6,1
2567485,4605,7,1
2567485,48123,8,1
2567485,33120,9,1
2567485,20736,10,0
2567485,38419,11,0
2567485,17759,12,0
2567485,41890,13,0
2567485,9521,14,0
2567485,20995,15,0
2569265,45578,1,0
2569265,35951,2,1
2569265,27695,3,0
2569265,8021,4,0
2569265,27548,5,0
2569265,7035,6,1
2569265,42693,7,0
2569265,47766,8,1
2576200,20345,1,1
2576200,15399,2,0
2576200,39190,3,0
2576200,4210,4,0
2576200,40417,5,1
2576200,12872,6,0
2576200,32734,7,0
2576200,38273,8,1
2576200,49131,9,0
2576200,49236,10,0
2576200,21709,11,1
2576200,24852,12,1
2576200,46802,13,0
2576200,30210,14,0
2578297,26242,1,1
2578297,35042,2,0
2578297,16759,3,1
2578297,44359,4,1
2578297,23165,5,1
2578297,30639,6,1
2578297,22935,7,1
2578297,5818,8,0
2578297,17221,9,1
2578297,12975,10,0
2578297,43735,11,0
2581889,44848,1,0
2581889,28156,2,0
2581889,49585,3,0
2581889,44712,4,0
2581889,24852,5,0
2581889,21903,6,0
2581889,1559,7,1
2581889,19468,8,0
2582866,38775,1,1
2583445,19005,1,0
2583445,38739,2,1
2583445,45998,3,1
2583445,7004,4,0
2583723,36127,1,1
2583723,48628,2,1
2583723,9825,3,1
2583723,19820,4,1
2583723,39475,5,1
2583723,21137,6,0
2583723,32579,7,0
2586632,35499,1,0
2590328,37067,1,1
2590328,21938,2,1
2590328,21051,3,1
2590328,37646,4,1
2590328,24184,5,1
2590328,27521,6,1
2590328,41787,7,1
2590328,28597,8,1
2590328,49683,9,1
2590328,3952,10,1
2590328,20734,11,1
2590328,6646,12,0
2590328,9766,13,0
2590328,8728,14,0
2590328,18700,15,0
2590328,14428,16,0
2590328,5547,17,0
2590328,40516,18,1
2590328,4367,19,0
2590328,6980,20,0
2590328,26283,21,0
2590328,13772,22,0
2590328,16710,23,0
2590741,49683,1,1
2590741,45066,2,1
2590741,15290,3,1
2590741,17902,4,1
2590741,4920,5,1
2590741,24184,6,0
2590741,2966,7,1
2590741,4656,8,0
2590741,1979,9,0
2590741,260,10,0
2590741,41787,11,1
2590741,21137,12,1
2590741,10246,13,1
2590741,46346,14,0
2590741,31766,15,0
2590741,30420,16,0
2590741,17652,17,1
2590741,17795,18,0
2591641,28842,1,1
2591641,28985,2,1
2591641,14870,3,0
2591641,36735,4,1
2591641,30720,5,1
2591641,21903,6,1
2591641,47626,7,1
2591641,43352,8,0
2591641,21183,9,0
2591641,21174,10,0
2591641,48885,11,0
2591641,14898,12,0
2591641,44359,13,0
2591641,46979,14,0
2591641,33438,15,0
2591641,13535,16,0
2591641,23645,17,1
2592297,38777,1,0
2592297,16797,2,1
2592297,38739,3,1
2592297,28148,4,1
2592297,24852,5,1
2592297,22149,6,1
2592297,41057,7,1
2592297,4605,8,1
2592297,14285,9,1
2592297,24807,10,1
2592297,44170,11,1
2592297,16874,12,1
2592297,45364,13,0
2592297,4663,14,1
2596663,39275,1,0
2596663,46061,2,0
2596663,29223,3,1
2596663,39922,4,0
2596663,26569,5,0
2598052,20794,1,1
2598052,24010,2,1
2598052,40396,3,1
2598052,31847,4,1
2598052,29974,5,1
2598052,48486,6,1
2598052,31100,7,1
2598052,4001,8,0
2598052,4538,9,1
2598052,5902,10,1
2598052,25931,11,1
2598052,1710,12,1
2598052,33388,13,1
2598052,24221,14,1
2598052,4799,15,1
2598052,45603,16,1
2598052,38662,17,1
2598052,37417,18,0
2598052,47610,19,1
2598052,39475,20,1
2598052,38087,21,0
2598052,48283,22,0
2598052,22220,23,0
2598052,35784,24,0
2598052,1194,25,0
2598052,3957,26,0
2599056,7562,1,1
2599056,45864,2,1
2599056,32828,3,1
2599056,49638,4,1
2599056,2121,5,1
2599056,3579,6,1
2599056,16379,7,1
2599056,29418,8,1
2599056,29919,9,1
2599056,47144,10,1
2599056,15981,11,1
2599056,1646,12,1
2599056,22998,13,1
2599056,31272,14,1
2599056,10306,15,0
2599056,34864,16,0
2599056,45664,17,0
2599056,30021,18,0
2600069,19678,1,1
2600069,4605,2,1
2600069,2380,3,1
2600069,37107,4,1
2600069,29487,5,1
2600069,8670,6,1
2600069,37046,7,0
2600069,46667,8,1
2600069,35209,9,0
2600069,18531,10,1
2600069,38650,11,0
2600069,49284,12,0
2600069,25659,13,1
2600069,28985,14,1
2601474,196,1,1
2601474,37919,2,1
2601474,38768,3,1
2601474,48532,4,1
2601474,21195,5,1
2601474,11365,6,1
2601474,43867,7,1
2601474,8571,8,1
2601474,42629,9,0
2601474,44904,10,0
2605447,28928,1,0
2605447,45965,2,1
2605447,27695,3,1
2605447,37158,4,1
2607097,9047,1,1
2607097,21841,2,1
2607097,18070,3,1
2607097,47209,4,1
2607097,5708,5,1
2607097,2154,6,0
2609825,35221,1,1
2609825,31683,2,0
2609825,14277,3,1
2609825,21730,4,0
2609825,32935,5,1
2609825,5782,6,1
2609825,28985,7,0
2609825,15359,8,0
2609825,9327,9,0
2609825,28083,10,0
2609825,47516,11,0
2609825,34004,12,0
2609825,14163,13,1
2609825,14992,14,0
2609825,36086,15,0
2609825,28990,16,1
2609825,7969,17,1
2609825,33219,18,0
2609825,40316,19,0
2609825,29078,20,1
2609825,36707,21,0
2609825,26889,22,0
2610120,31612,1,0
2610120,45613,2,0
2610120,46321,3,1
2610120,6210,4,0
2610120,44632,5,0
2610120,22832,6,0
2610120,7808,7,0
2610120,5487,8,0
2610120,47209,9,1
2611698,41787,1,1
2611698,8138,2,1
2611698,22035,3,1
2611698,42265,4,1
2611698,37646,5,1
2611698,45066,6,1
2611698,38557,7,0
2611698,6187,8,0
2611698,27663,9,0
2611698,13988,10,0
2612183,29447,1,1
2612183,10468,2,1
2612183,3873,3,0
2612183,30043,4,1
2612183,27475,5,0
2612183,32047,6,1
2612183,6166,7,1
2612183,35909,8,1
2612183,26404,9,1
2612183,8789,10,0
2612183,40376,11,1
2612183,25985,12,1
2612183,38563,13,0
2612183,7883,14,1
2612183,4347,15,1
2612183,8204,16,0
2612306,21137,1,1
2612306,13176,2,1
2612306,38768,3,1
2612306,9585,4,1
2612306,43352,5,1
2612306,22218,6,0
2612306,8571,7,1
2612306,8048,8,1
2612306,6184,9,1
2612517,18362,1,1
2612517,37524,2,1
2612517,47144,3,1
2612517,9210,4,1
2612517,24852,5,1
2612517,39844,6,1
2612517,42625,7,1
2612517,27286,8,1
2612517,22825,9,1
2612517,47766,10,1
2612517,13198,11,1
2612517,26209,12,0
2612517,31717,13,0
2612517,17794,14,0
2612517,43904,15,0
2612517,32103,16,0
2612517,35563,17,0
2612517,26574,18,0
2613166,39190,1,1
2613166,30353,2,1
2613166,10867,3,1
2613166,13608,4,1
2613166,32740,5,1
2613166,46361,6,0
2613166,1086,7,1
2613166,29161,8,0
2613166,19125,9,0
2615253,28148,1,0
2615253,24024,2,1
2615253,48487,3,0
2615253,41874,4,0
2615253,26497,5,0
2615253,795,6,0
2615253,13870,7,0
2615253,9038,8,0
2615253,4137,9,0
2615253,1090,10,0
2615253,10911,11,0
2615253,2103,12,0
2615253,9762,13,0
2615253,37067,14,0
2615253,16943,15,0
2615253,30169,16,0
2615253,23760,17,0
2615253,1559,18,0
2615253,19906,19,0
2615627,28986,1,1
2615627,7014,2,0
2615627,24852,3,1
2615627,42615,4,1
2615627,46755,5,1
2615627,12036,6,1
2615627,9839,7,1
2615627,34243,8,1
2615627,28985,9,1
2615627,25890,10,1
2615627,5690,11,0
2615627,20580,12,0
2615627,11776,13,0
2615627,4031,14,1
2615838,40545,1,0
2615838,9076,2,1
2615838,37311,3,0
2615838,37019,4,0
2615838,46145,5,0
2615838,3040,6,0
2615969,42265,1,1
2615969,21137,2,0
2615969,32478,3,1
2615969,37752,4,1
2615969,10441,5,1
2615969,12078,6,0
2615969,26348,7,1
2615969,19348,8,1
2618479,24852,1,1
2618479,43504,2,1
2618479,47144,3,1
2618479,34061,4,1
2618479,17622,5,1
2618479,17630,6,1
2618479,38544,7,1
2618479,22298,8,1
2618479,19354,9,1
2618479,21376,10,1
2618479,37646,11,1
2618479,27845,12,1
2618479,22825,13,1
2618479,21137,14,1
2618479,33401,15,1
2618479,32734,16,1
2618479,890,17,1
2618479,10749,18,1
2618479,43768,19,0
2618479,47626,20,1
2618479,37718,21,0
2618479,4793,22,1
2618479,40706,23,1
2618479,16083,24,1
2618479,7021,25,0
2618479,20995,26,0
2618479,27596,27,0
2619077,40723,1,1
2619077,15134,2,1
2619077,20960,3,1
2619077,24852,4,1
2619077,34234,5,1
2620588,16320,1,1
2620588,45840,2,1
2620588,21903,3,1
2620588,36036,4,1
2620588,19019,5,1
2620588,15820,6,1
2620588,32357,7,1
2620588,9510,8,1
2620588,27730,9,0
2620588,47366,10,0
2620588,24852,11,1
2620588,47766,12,0
2620588,29893,13,0
2620588,3596,14,1
2620588,13966,15,1
2620588,45613,16,0
2620588,2538,17,0
2620588,46282,18,0
2620588,19051,19,1
2621487,14218,1,1
2621487,16797,2,1
2621487,4920,3,1
2621487,24852,4,1
2621487,39332,5,0
2621487,13807,6,1
2621487,39411,7,1
2621487,14898,8,0
2621487,4605,9,1
2621487,32734,10,0
2621487,22417,11,0
2621487,18531,12,0
2621487,33000,13,0
2622384,24852,1,1
2623256,23288,1,0
2624049,47670,1,0
2624049,40898,2,0
2624049,13456,3,0
2625420,43768,1,0
2625420,45200,2,0
2625420,47626,3,1
2625420,8518,4,1
2625420,47209,5,1
2625420,13176,6,1
2625420,5258,7,1
2625420,27521,8,1
2625420,36695,9,1
2625420,1529,10,1
2625420,48801,11,0
2625420,2086,12,1
2625420,4462,13,1
2625420,1890,14,1
2625420,34243,15,1
2625420,29662,16,0
2625420,13984,17,0
2628908,27104,1,1
2628908,34126,2,1
2628908,44359,3,1
2628908,20734,4,1
2628908,35140,5,1
2628908,23695,6,1
2628908,35887,7,1
2628908,32433,8,1
2628908,27881,9,1
2628908,27156,10,1
2628908,42768,11,1
2628908,45007,12,1
2628908,19048,13,1
2628908,3382,14,0
2628908,19678,15,1
2628908,2433,16,0
2628908,11182,17,0
2628908,26369,18,1
2628908,19057,19,1
2628908,43768,20,1
2628908,18362,21,1
2628908,16490,22,0
2630053,18465,1,1
2630053,44819,2,0
2630053,22504,3,1
2630053,28985,4,0
2630053,33731,5,1
2630053,40706,6,0
2630053,28934,7,0
2630053,47766,8,0
2630053,10749,9,1
2630053,9825,10,1
2634458,23734,1,0
2634458,28993,2,0
2634458,34969,3,1
2634458,29987,4,0
2634458,20114,5,1
2634458,15290,6,0
2634458,40836,7,0
2634458,669,8,0
2634458,21294,9,0
2634458,27055,10,0
2634458,2573,11,0
2634458,7562,12,0
2634458,31915,13,0
2634458,21903,14,0
2634458,39911,15,0
2634458,19816,16,0
2635572,17721,1,0
2635572,1409,2,0
2635572,8710,3,0
2635572,13176,4,1
2635572,42479,5,1
2635572,34969,6,1
2635572,35547,7,1
2635572,22825,8,1
2635572,25087,9,1
2635572,44661,10,0
2635572,31433,11,1
2635661,43295,1,1
2635661,45570,2,1
2635661,21137,3,1
2635661,22308,4,1
2635661,19208,5,0
2635661,15591,6,0
2635661,39275,7,1
2636895,47626,1,1
2636895,25466,2,1
2636895,13292,3,1
2636895,30391,4,1
2636895,39877,5,1
2636895,21903,6,1
2636895,47209,7,0
2636895,8138,8,0
2636895,21137,9,0
2636895,48679,10,0
2636895,10749,11,0
2636895,21938,12,0
2636895,41606,13,0
2636895,8174,14,0
2638382,14295,1,1
2638382,34492,2,1
2638382,10333,3,1
2638382,15424,4,1
2639270,432,1,1
2641882,10258,1,1
2641882,10848,2,1
2641882,42768,3,1
2641882,27156,4,1
2641882,44517,5,1
2641882,43352,6,1
2641882,21137,7,1
2641882,39275,8,1
2641882,21288,9,1
2641882,5068,10,1
2641882,12341,11,1
2641882,32689,12,1
2641882,8571,13,1
2641882,7914,14,1
2641882,8048,15,1
2641882,46041,16,1
2641882,42282,17,1
2641882,6184,18,1
2641882,21292,19,1
2641882,38300,20,0
2641882,46129,21,0
2641882,13948,22,0
2642115,16797,1,1
2642115,20955,2,1
2642115,38300,3,1
2643998,28745,1,0
2646420,34565,1,1
2646420,18744,2,1
2646420,15153,3,1
2646420,33956,4,1
2646429,7632,1,0
2646429,44234,2,0
2646429,5912,3,0
2646429,14536,4,0
2646429,14197,5,0
2646429,47842,6,1
2646429,19953,7,0
2646429,4966,8,0
2647231,27845,1,1
2647231,8277,2,1
2647231,40706,3,1
2647231,13176,4,1
2647231,1215,5,1
2647231,48795,6,1
2647231,22025,7,1
2647231,10761,8,0
2652472,40174,1,1
2652472,45612,2,1
2652472,23029,3,1
2652472,22035,4,1
2652472,18609,5,1
2652472,33845,6,1
2652472,22935,7,1
2652472,24964,8,0
2652472,27966,9,1
2652472,8277,10,1
2652472,39275,11,1
2652472,5911,12,0
2652472,46470,13,0
2652472,22765,14,0
2652472,27085,15,0
2652472,41716,16,1
2652472,13870,17,1
2652472,44632,18,0
2652472,21616,19,1
2652472,33125,20,1
2652472,9339,21,1
2652472,1215,22,1
2652472,27104,23,1
2653210,25146,1,0
2653210,31801,2,0
2653210,21653,3,0
2653210,26701,4,1
2653210,25758,5,1
2653210,25134,6,0
2653210,17007,7,0
2653210,16797,8,0
2653234,4920,1,1
2653234,21174,2,1
2653234,47766,3,1
2653234,26790,4,1
2653234,13629,5,1
2653234,13176,6,1
2653234,8277,7,1
2653234,33316,8,1
2653234,35750,9,1
2653234,29487,10,1
2653234,33352,11,1
2653234,30406,12,0
2653234,5603,13,0
2653234,24830,14,0
2656551,46061,1,0
2656699,47626,1,1
2656699,46979,2,1
2656699,26209,3,0
2656699,32177,4,0
2656699,28836,5,0
2656699,33575,6,1
2656699,28289,7,1
2656699,23339,8,0
2656699,39475,9,0
2656699,28476,10,1
2656699,28204,11,0
2656699,47229,12,0
2656699,48679,13,1
2656699,21137,14,1
2656699,22825,15,0
2656699,8424,16,0
2656699,30391,17,1
2656699,27104,18,0
2656699,18234,19,1
2656699,45578,20,1
2656699,1471,21,0
2656776,7936,1,1
2656776,26738,2,1
2656776,49318,3,1
2656776,1112,4,1
2656776,32846,5,1
2656776,37103,6,1
2656776,35384,7,1
2656776,28214,8,1
2656776,20569,9,0
2656776,39194,10,1
2659365,24964,1,1
2659365,48665,2,1
2659365,20127,3,0
2659365,13740,4,0
2659365,47626,5,1
2659365,26282,6,1
2659365,26209,7,1
2659365,20327,8,1
2659365,38293,9,0
2659365,41259,10,0
2659365,28914,11,1
2659365,19660,12,1
2659365,11090,13,1
2659365,34126,14,1
2659365,32369,15,1
2659365,6260,16,1
2659365,47029,17,0
2661692,32079,1,1
2661692,30450,2,1
2661692,40742,3,1
2666354,25146,1,0
2666354,28842,2,1
2666354,30902,3,0
2666354,21938,4,0
2666354,40348,5,0
2666354,34234,6,0
2666354,8743,7,1
2668698,3060,1,0
2668698,8382,2,0
2668698,5818,3,1
2668698,20520,4,0
2668698,42721,5,1
2668698,45819,6,0
2668698,36256,7,0
2668698,24852,8,1
2668698,41057,9,1
2671699,26914,1,0
2671699,29879,2,1
2671699,12223,3,0
2671699,47803,4,0
2671699,13351,5,0
2671699,18926,6,0
2671699,37538,7,0
2671699,40604,8,1
2671699,22935,9,0
2674052,21288,1,1
2674052,28156,2,1
2674052,24561,3,1
2674052,12572,4,1
2674052,36522,5,1
2674052,32433,6,1
2674052,27104,7,1
2674052,9871,8,1
2674052,21616,9,1
2674052,10504,10,1
2674052,42340,11,1
2674052,46906,12,1
2674052,45582,13,1
2674052,40878,14,1
2674052,30489,15,1
2674052,33468,16,1
2674052,47626,17,1
2674052,20424,18,0
2674160,13176,1,1
2674160,5479,2,1
2674160,31717,3,1
2674160,35973,4,0
2674160,24964,5,1
2674160,40396,6,1
2674160,26209,7,1
2674160,3464,8,1
2674160,40377,9,0
2674160,20114,10,1
2674160,31553,11,0
2674160,8539,12,0
2674160,25659,13,1
2674160,14129,14,0
2674160,36695,15,1
2674160,10749,16,1
2674160,31506,17,1
2674160,46676,18,1
2674160,26940,19,1
2674160,42265,20,1
2674160,38693,21,1
2674160,45152,22,0
2674160,4920,23,0
2676611,48527,1,1
2676611,39649,2,1
2676611,38456,3,1
2676611,18394,4,1
2676611,26604,5,1
2676611,42731,6,1
2676611,41565,7,1
2676611,13966,8,1
2676611,10650,9,1
2676611,45656,10,1
2676611,47046,11,0
2676611,14951,12,0
2676611,25495,13,1
2676611,9076,14,1
2676611,39922,15,1
2676611,3499,16,0
2676611,13643,17,0
2676611,9075,18,0
2676611,43631,19,0
2676611,12720,20,0
2676611,16464,21,1
2676611,32331,22,1
2676611,45443,23,1
2676611,36130,24,1
2676611,48762,25,0
2676611,19604,26,1
2676611,32303,27,0
2676611,33376,28,0
2676611,36978,29,0
2676611,47728,30,0
2676611,28571,31,1
2681037,6184,1,1
2681037,20940,2,1
2681037,38928,3,1
2681037,13575,4,1
2686737,5258,1,1
2686737,35951,2,0
2687350,32691,1,1
2687350,13830,2,1
2687350,44660,3,0
2687350,48131,4,0
2687350,42441,5,0
2688326,5047,1,1
2688326,33392,2,1
2688326,2136,3,0
2688326,47988,4,0
2688326,10523,5,0
2688326,5128,6,0
2691381,46654,1,1
2691381,39009,2,1
2691381,21903,3,1
2691381,17795,4,0
2691381,19068,5,1
2691381,46590,6,0
2691381,20995,7,0
2691649,33754,1,1
2691649,4957,2,1
2691649,10753,3,1
2691649,33731,4,1
2691649,3843,5,0
2691649,9122,6,1
2691649,25043,7,0
2691649,30450,8,1
2692819,18670,1,1
2692819,44008,2,0
2692819,8986,3,0
2692819,43378,4,0
2692819,19660,5,1
2692819,13176,6,1
2692819,35921,7,1
2692819,27521,8,1
2692819,31717,9,1
2692819,27336,10,1
2692819,1999,11,1
2692819,26925,12,0
2692819,9839,13,0
2699330,18205,1,0
2699330,26683,2,0
2699330,38562,3,1
2699330,33198,4,1
2699330,30489,5,1
2699330,10082,6,1
2699330,15351,7,0
2699330,38313,8,0
2699330,47766,9,0
2699330,10724,10,0
2699330,33813,11,1
2699330,12290,12,0
2699330,9505,13,0
2699330,30066,14,0
2699330,40063,15,0
2699330,46654,16,0
2699330,13829,17,0
2699330,13249,18,1
2700350,42632,1,0
2700350,49363,2,0
2700350,2447,3,0
2700350,18460,4,1
2700350,33643,5,1
2701869,49,1,0
2702422,36070,1,0
2702422,16759,2,1
2702422,8518,3,0
2702422,31717,4,0
2702422,7969,5,0
2702422,37642,6,0
2702422,8203,7,0
2702422,37107,8,0
2702422,48104,9,1
2702422,31338,10,0
2702422,41149,11,0
2702882,49592,1,1
2702882,5782,2,1
2702882,10498,3,1
2702882,9076,4,1
2702882,27092,5,1
2702882,41787,6,1
2702882,28993,7,1
2702882,39993,8,1
2702882,45687,9,1
2702882,5716,10,1
2702882,44911,11,1
2702882,16427,12,1
2702882,8452,13,1
2702882,6550,14,1
2702882,41776,15,0
2702882,4562,16,0
2702882,21011,17,1
2702882,26760,18,0
2702882,2408,19,0
2702882,47145,20,1
2703776,20600,1,1
2703776,38547,2,1
2703776,34448,3,1
2703776,5134,4,1
2703776,1700,5,1
2706059,6422,1,1
2706059,18987,2,1
2706059,16091,3,0
2706059,43707,4,0
2706059,3389,5,1
2706059,47877,6,1
2706059,196,7,0
2706059,10957,8,0
2706059,6907,9,0
2706059,39276,10,1
2707597,33120,1,1
2707597,35629,2,0
2707597,45570,3,1
2707597,39275,4,0
2707597,16965,5,0
2707597,47209,6,1
2707597,47626,7,0
2707597,44570,8,1
2708575,21137,1,1
2708575,18531,2,1
2708575,3266,3,1
2708575,47626,4,1
2708575,8575,5,1
2708575,45081,6,1
2708575,4920,7,1
2708575,31869,8,1
2708575,36011,9,1
2708575,24852,10,1
2708575,47766,11,1
2708575,22825,12,1
2708575,42193,13,1
2708575,2078,14,1
2708577,24852,1,1
2708577,19677,2,1
2708577,4920,3,0
2708577,40706,4,0
2708577,44359,5,1
2708577,49520,6,1
2708577,36397,7,1
2708577,31678,8,0
2708577,7963,9,1
2708577,42508,10,1
2708577,21999,11,1
2708577,47119,12,1
2708577,44201,13,0
2708577,39121,14,1
2708577,8518,15,1
2708577,26209,16,1
2708577,47766,17,1
2708577,21137,18,1
2708577,15902,19,1
2708577,6287,20,1
2708577,43889,21,1
2708577,23377,22,1
2708577,14651,23,1
2708577,45356,24,1
2708577,34126,25,1
2708577,22395,26,1
2708577,27156,27,0
2708577,40464,28,1
2708577,37462,29,1
2708577,11068,30,1
2708577,16185,31,1
2708577,1244,32,0
2708577,25005,33,1
2708577,13852,34,0
2710332,13945,1,1
2710332,38371,2,1
2710332,49279,3,1
2710332,17008,4,0
2710332,28836,5,0
2710332,8544,6,0
2710332,27323,7,1
2710332,8536,8,0
2711928,27629,1,1
2711928,5748,2,1
2711928,44166,3,0
2711928,18339,4,1
2712336,24852,1,1
2712336,45066,2,1
2712336,35221,3,1
2712336,47766,4,1
2712336,17316,5,0
2712336,33290,6,0
2712336,16797,7,1
2712336,20119,8,1
2712336,42450,9,1
2712336,20590,10,1
2712336,33508,11,1
2712336,30183,12,0
2712336,36545,13,1
2712336,43867,14,0
2712336,43986,15,0
2712336,24934,16,0
2713595,9076,1,1
2713595,21137,2,1
2713679,32331,1,1
2713679,10374,2,1
2713679,8668,3,0
2713679,8224,4,1
2713679,25495,5,0
2713679,43865,6,0
2714355,24852,1,1
2714355,47766,2,1
2714355,42504,3,1
2714355,28204,4,1
2714355,42244,5,1
2714355,24267,6,1
2714355,47626,7,1
2714355,8424,8,1
2714355,21903,9,1
2714355,8174,10,1
2714355,28842,11,1
2714355,14084,12,1
2714355,35547,13,1
2714355,25890,14,1
2714355,25681,15,1
2714355,17200,16,0
2714355,26209,17,1
2714355,27104,18,0
2714355,28849,19,1
2714529,27845,1,1
2714529,1940,2,0
2714529,5077,3,0
2714529,41665,4,0
2714529,26604,5,0
2714529,21137,6,1
2714529,37646,7,0
2714529,13176,8,0
2714529,38838,9,0
2714573,19508,1,1
2714573,37067,2,1
2714573,29993,3,0
2714573,20995,4,1
2714573,25753,5,0
2714573,21903,6,0
2714573,40229,7,0
2714573,8200,8,0
2714573,32369,9,0
2714573,12238,10,0
2714573,436,11,1
2715149,44882,1,0
2715149,47229,2,0
2716149,19660,1,1
2716149,49026,2,1
2716149,6326,3,1
2716149,21137,4,1
2716149,23644,5,1
2716149,47630,6,1
2716149,3807,7,1
2716149,45747,8,1
2716149,36735,9,1
2716149,23622,10,1
2716149,37524,11,1
2716149,43789,12,1
2716149,20383,13,0
2716543,40261,1,0
2716543,47843,2,1
2718610,19037,1,1
2718610,39921,2,1
2718610,1287,3,1
2718610,29628,4,1
2718610,14337,5,1
2718610,20952,6,1
2718610,37606,7,0
2718610,6852,8,1
2718610,44375,9,1
2718610,30696,10,0
2718610,5077,11,0
2718610,19653,12,0
2718610,11323,13,1
2718610,24658,14,1
2719162,30764,1,0
2719854,2545,1,1
2719854,7188,2,1
2719854,47766,3,1
2722063,24852,1,1
2722063,16797,2,1
2722063,2298,3,1
2722063,33043,4,1
2722063,29091,5,1
2722063,16290,6,1
2722063,28199,7,1
2722063,48952,8,1
2722063,10798,9,1
2722063,11078,10,0
2722063,24561,11,1
2722063,25890,12,1
2722063,21614,13,1
2722063,21009,14,0
2722063,4600,15,1
2722070,23549,1,1
2722070,28647,2,1
2722070,44492,3,0
2722070,39545,4,1
2722070,29748,5,1
2722070,32732,6,0
2722901,11182,1,1
2722901,39275,2,1
2722901,24489,3,0
2722901,35633,4,0
2722901,26096,5,0
2722901,21506,6,1
2722901,30784,7,0
2722901,42828,8,0
2722901,21927,9,1
2722901,27323,10,0
2724755,8385,1,1
2724755,19660,2,1
2724755,42342,3,1
2724755,9138,4,1
2724755,4952,5,1
2724823,44359,1,1
2724823,19677,2,1
2724823,14947,3,1
2725329,13176,1,0
2725329,47766,2,1
2725329,2078,3,1
2725329,25146,4,0
2725329,21709,5,0
2725329,49520,6,0
2725329,44753,7,0
2725329,38679,8,0
2725329,47993,9,0
2725505,41950,1,1
2725505,27323,2,1
2725505,24984,3,0
2728106,24764,1,1
2728106,12614,2,0
2728106,12894,3,1
2728106,13779,4,1
2728106,28628,5,1
2728106,34886,6,1
2728482,25824,1,0
2728482,35547,2,0
2728482,10621,3,1
2728482,42736,4,1
2728482,4983,5,1
2728482,44334,6,1
2728707,6244,1,1
2728707,7969,2,1
2728707,31553,3,0
2728707,3651,4,1
2728707,14685,5,0
2729906,6184,1,1
2729906,43352,2,1
2729906,16797,3,1
2729906,11759,4,1
2729906,10441,5,1
2734327,28590,1,0
2734327,24993,2,1
2734327,22935,3,0
2734327,19894,4,0
2734327,5073,5,0
2734327,48559,6,1
2734327,30776,7,1
2734327,27521,8,1
2734327,25513,9,0
2734327,26194,10,1
2736754,24373,1,1
2736754,9739,2,1
2736754,27829,3,1
2736754,6046,4,1
2736754,41615,5,0
2736754,25301,6,0
2736754,25387,7,0
2736754,7452,8,0
2736754,25225,9,0
2736754,37691,10,0
2736754,35585,11,0
2738557,32923,1,1
2738557,21292,2,1
2738557,13176,3,1
2738557,46129,4,0
2739772,13176,1,1
2739772,9047,2,1
2739772,44008,3,0
2739772,436,4,1
2739772,42585,5,1
2739772,23094,6,1
2739772,35948,7,1
2739772,47209,8,1
2739772,21903,9,1
2739772,6721,10,0
2739772,8174,11,0
2739772,1483,12,1
2739772,29118,13,1
2739772,22504,14,1
2739772,4921,15,0
2739772,9092,16,1
2740403,24079,1,1
2740403,42735,2,1
2740403,11629,3,1
2740403,1640,4,1
2740403,39475,5,1
2740403,36178,6,1
2740403,9020,7,1
2740403,4920,8,1
2740403,46979,9,1
2740403,47626,10,1
2740403,42265,11,1
2740403,28842,12,1
2740403,35939,13,1
2740403,8518,14,1
2740403,21903,15,1
2740403,43789,16,1
2740403,13629,17,1
2740403,17429,18,1
2740403,25659,19,1
2740403,44303,20,0
2742056,35276,1,1
2742056,33129,2,1
2742056,79,3,1
2742056,16609,4,1
2742056,41665,5,1
2742056,40516,6,1
2742056,47766,7,1
2742056,1540,8,1
2742056,41844,9,1
2742100,13176,1,1
2742100,21137,2,1
2742100,33037,3,1
2742100,20119,4,1
2742100,5020,5,1
2742100,32655,6,1
2742100,40706,7,1
2742100,45437,8,1
2742100,26177,9,1
2742100,48595,10,1
2742100,17419,11,1
2742100,3599,12,1
2742100,24841,13,1
2742100,44426,14,1
2742100,48255,15,0
2742100,22825,16,0
2742100,4920,17,0
2742100,34969,18,1
2742100,24830,19,0
2742100,26315,20,0
2742100,35865,21,0
2743133,42964,1,0
2743133,39097,2,0
2743133,42508,3,1
2743133,16363,4,1
2743133,4429,5,1
2743133,33722,6,0
2743133,12144,7,0
2743133,26939,8,0
2743133,27829,9,0
2743133,12157,10,0
2743133,30140,11,0
2743133,49141,12,0
2743133,2732,13,0
2743133,43459,14,0
2743133,38433,15,1
2743133,13237,16,1
2743133,6177,17,0
2743133,24816,18,0
2743545,47766,1,1
2743545,45007,2,1
2743545,35535,3,1
2743545,35939,4,1
2743545,46979,5,1
2743545,31073,6,1
2743545,26369,7,1
2743545,8518,8,0
2743545,41259,9,1
2743545,4796,10,0
2743545,260,11,1
2743545,24852,12,1
2743545,4920,13,1
2743545,5322,14,1
2743545,17224,15,1
2743545,17461,16,1
2743545,7676,17,1
2743545,32734,18,1
2743545,13848,19,1
2743643,49544,1,1
2743643,33065,2,1
2743643,20637,3,0
2743643,27325,4,0
2743643,40531,5,0
2750893,27662,1,1
2750893,39982,2,1
2750893,28299,3,1
2750893,24571,4,1
2750893,44843,5,1
2750893,11827,6,0
2750893,40136,7,1
2750893,26283,8,0
2750893,5450,9,0
2750893,11777,10,0
2750893,9076,11,0
2750893,8506,12,0
2750893,40542,13,0
2750893,5385,14,0
2750893,4317,15,0
2750893,12481,16,0
2750893,49560,17,0
2755277,44632,1,1
2755277,41177,2,1
2755277,32655,3,1
2755277,42445,4,1
2755277,24838,5,1
2755277,14129,6,1
2755277,24489,7,1
2755277,42507,8,1
2755277,21413,9,0
2755277,26282,10,1
2755277,13870,11,1
2755277,20113,12,1
2755831,46881,1,1
2755831,41665,2,0
2755831,18659,3,1
2755831,35042,4,1
2755831,35622,5,0
2755831,19763,6,0
2755831,38192,7,0
2755831,38223,8,0
2756271,15707,1,1
2756271,42450,2,1
2756271,22228,3,1
2756271,43764,4,1
2756271,1443,5,1
2756271,19057,6,1
2756542,33043,1,1
2756542,49683,2,1
2756542,30489,3,1
2756542,18564,4,1
2756542,33198,5,1
2762015,26620,1,1
2762015,44422,2,0
2762015,19677,3,1
2762015,42557,4,1
2762015,30450,5,1
2762015,49401,6,1
2762015,30664,7,0
2762015,34824,8,0
2762015,10621,9,1
2762015,35547,10,1
2762015,49683,11,1
2762015,48679,12,1
2762015,30489,13,1
2762015,31506,14,1
2762015,37904,15,1
2762015,42768,16,0
2762015,46667,17,1
2762015,10960,18,0
2762015,8424,19,0
2762015,31717,20,1
2762015,22935,21,1
2762015,49236,22,0
2762015,42244,23,1
2762015,5646,24,1
2762745,468,1,1
2762745,35266,2,0
2762745,1365,3,0
2762745,5985,4,0
2762745,26083,5,0
2762745,47890,6,1
2762745,23532,7,0
2762745,27771,8,0
2762745,39844,9,0
2762745,28204,10,1
2762745,26604,11,0
2762745,38635,12,0
2762745,40708,13,0
2762745,43352,14,1
2762745,8193,15,0
2762745,3808,16,1
2764110,13245,1,1
2764110,1217,2,1
2764110,2830,3,1
2764110,14233,4,1
2764110,2350,5,1
2764110,15613,6,0
2764110,29487,7,1
2764110,14727,8,0
2764110,30512,9,0
2764110,38739,10,0
2764628,24852,1,1
2764628,13166,2,1
2764674,35752,1,0
2764674,34358,2,1
2764674,45123,3,1
2764674,16339,4,1
2764674,44359,5,1
2764674,9098,6,1
2764674,19584,7,1
2764674,24852,8,1
2764715,24852,1,1
2764715,42633,2,0
2764715,14161,3,0
2764715,5976,4,1
2764715,12316,5,1
2764715,13481,6,1
2764715,21386,7,0
2764715,15650,8,0
2764715,7116,9,0
2764715,27570,10,0
2764715,32465,11,0
2764715,22275,12,0
2764715,29077,13,1
2764715,20919,14,0
2766095,27845,1,1
2766095,37919,2,1
2766095,22218,3,1
2766095,8571,4,1
2766095,27984,5,1
2766095,13176,6,1
2766095,30720,7,1
2766095,1000,8,0
2766095,26088,9,0
2766095,41400,10,0
2766095,25588,11,0
2766095,12341,12,1
2771785,24852,1,1
2771785,10761,2,1
2771785,31683,3,1
2771785,47766,4,1
2771785,23273,5,1
2771785,49683,6,1
2771785,4920,7,1
2771785,8424,8,1
2771785,46584,9,1
2771785,29987,10,1
2771785,30489,11,1
2771785,28458,12,1
2771785,20119,13,0
2771785,35221,14,0
2771785,44948,15,0
2771785,45681,16,0
2771785,38374,17,1
2771785,39911,18,0
2771785,49131,19,0
2771785,23029,20,0
2771785,25340,21,0
2771785,10305,22,0
2771785,28204,23,0
2771785,43352,24,0
2775180,34386,1,1
2775180,37317,2,1
2775180,37646,3,1
2775180,35921,4,1
2775180,4932,5,1
2775180,432,6,1
2775180,19173,7,1
2775180,36822,8,1
2775180,24928,9,1
2775180,44479,10,1
2775180,12672,11,0
2775180,23623,12,0
2775180,45619,13,0
2775180,42659,14,1
2775180,14447,15,1
2775180,41427,16,0
2775180,4103,17,0
2775180,1117,18,0
2775180,42907,19,0
2777153,24386,1,0
2777153,37247,2,0
2777153,39527,3,1
2780512,38928,1,1
2780512,22507,2,1
2780512,16797,3,0
2780512,3265,4,1
2780512,21292,5,0
2780575,38293,1,1
2780575,21380,2,1
2780575,5876,3,1
2780575,41588,4,1
2780575,17484,5,1
2780575,38465,6,1
2780575,26032,7,1
2780575,27156,8,1
2780575,22888,9,1
2780575,39430,10,1
2780575,14084,11,1
2780575,34335,12,1
2780575,37971,13,0
2780575,47766,14,1
2781507,24838,1,0
2781507,35127,2,0
2781507,36696,3,0
2781507,44632,4,1
2781507,21709,5,1
2781507,35871,6,0
2781507,27093,7,0
2781507,30607,8,1
2781507,1819,9,0
2781507,18362,10,1
2782703,24333,1,0
2782703,27966,2,1
2782703,13176,3,1
2782703,40723,4,1
2782703,40174,5,1
2782703,35690,6,1
2782703,47209,7,1
2782703,21137,8,1
2782703,13083,9,1
2782703,47788,10,1
2782703,41950,11,1
2782703,42828,12,1
2782703,6187,13,1
2782703,47630,14,1
2782703,28199,15,1
2782703,18594,16,1
2782703,3946,17,1
2782703,48845,18,1
2782703,28698,19,0
2782816,11540,1,0
2782816,22925,2,0
2782816,47097,3,0
2782816,26014,4,0
2782816,12427,5,0
2782816,31651,6,1
2782816,15680,7,0
2782816,6184,8,0
2782816,39408,9,0
2782816,41400,10,0
2782816,196,11,0
2783572,23909,1,1
2783927,22935,1,0
2783927,24184,2,1
2783927,2966,3,1
2783927,31343,4,1
2783927,39812,5,1
2783927,33787,6,1
2783927,19677,7,1
2783927,47209,8,1
2783927,43789,9,1
2783927,41213,10,1
2783927,34126,11,1
2783927,23543,12,1
2783927,46979,13,1
2783927,8193,14,1
2791950,31506,1,1
2791950,46802,2,1
2791950,35951,3,1
2791950,19446,4,1
2791950,44422,5,1
2791950,17956,6,0
2791950,23516,7,0
2791950,28842,8,0
2791950,8670,9,1
2791950,17794,10,0
2791950,21137,11,1
2791950,19478,12,0
2791950,29987,13,1
2791950,29898,14,0
2791950,39928,15,1
2791950,34335,16,1
2791950,43908,17,0
2791950,47626,18,1
2792845,47492,1,0
2792845,24489,2,0
2792845,8667,3,0
2792845,31506,4,0
2792845,18761,5,0
2795247,15613,1,1
2795247,32465,2,1
2795247,34358,3,1
2795247,46979,4,1
2795247,25659,5,1
2795247,19048,6,1
2795247,4605,7,0
2795247,40216,8,0
2795247,24622,9,1
2795247,29334,10,1
2795247,5025,11,1
2795247,8518,12,1
2795247,37687,13,1
2795434,33198,1,1
2795434,49006,2,0
2795434,24850,3,0
2795434,22533,4,0
2795434,36696,5,0
2795434,7625,6,0
2795434,46720,7,0
2795443,43295,1,1
2795443,13176,2,1
2795443,18499,3,1
2795756,18911,1,1
2795756,5077,2,1
2795756,23296,3,1
2795756,33548,4,1
2795756,15657,5,1
2795756,47145,6,1
2795756,43352,7,1
2795756,26604,8,1
2795756,21288,9,1
2795756,9076,10,1
2795756,24613,11,1
2795756,7600,12,1
2795756,31578,13,1
2795756,22890,14,1
2795756,42110,15,1
2795756,33357,16,1
2795756,44843,17,1
2795756,11422,18,1
2795756,45762,19,1
2795756,3990,20,1
2795756,17008,21,1
2796068,38108,1,1
2796068,13176,2,1
2796068,44310,3,1
2796068,21533,4,1
2796068,21527,5,1
2796068,27966,6,1
2796068,12341,7,1
2796068,43406,8,1
2796068,26384,9,1
2796068,21137,10,1
2796068,43961,11,0
2796068,37646,12,0
2796068,28199,13,0
2796068,44359,14,1
2796068,8639,15,0
2796068,34197,16,1
2796068,13541,17,1
2796068,16262,18,0
2796068,47672,19,1
2796157,24680,1,0
2796157,16198,2,1
2796157,47209,3,1
2796157,46676,4,1
2796157,31371,5,1
2796157,7676,6,1
2796157,24561,7,1
2796157,33198,8,1
2796157,42828,9,1
2796157,30489,10,1
2796157,21137,11,1
2796157,15902,12,1
2796157,11130,13,1
2796157,9438,14,1
2796157,40366,15,1
2796157,42265,16,1
2796157,5134,17,1
2796457,47209,1,1
2796457,21903,2,1
2796457,35547,3,1
2796457,19057,4,1
2796457,47626,5,1
2796457,5646,6,1
2796457,26736,7,1
2796457,39928,8,1
2796457,4945,9,1
2796457,22935,10,0
2796457,26209,11,0
2796457,29142,12,0
2796457,45007,13,1
2796457,1468,14,0
2796966,45066,1,1
2796966,32201,2,1
2796966,31683,3,1
2796966,44781,4,1
2796966,19348,5,1
2796966,30962,6,1
2796966,5606,7,1
2796966,33731,8,1
2796966,20788,9,1
2796966,31506,10,1
2796966,24852,11,0
2796966,4920,12,0
2796966,16797,13,0
2796966,46906,14,0
2796966,8174,15,0
2796966,46206,16,0
2796966,35547,17,1
2797725,23909,1,1
2797725,23082,2,1
2797725,33193,3,0
2797725,43314,4,0
2797725,27307,5,1
2797725,32338,6,0
2797725,24852,7,1
2797725,27522,8,1
2797725,32099,9,0
2797725,21150,10,0
2798733,28432,1,0
2798733,13167,2,0
2798733,17679,3,1
2798733,43789,4,1
2798733,26301,5,0
2798733,6615,6,0
2798733,617,7,1
2798733,7041,8,0
2798733,25087,9,0
2798733,39947,10,1
2798733,34358,11,1
2800166,24852,1,1
2800166,35951,2,1
2800166,34603,3,1
2800166,41950,4,1
2800166,21903,5,1
2800166,6837,6,1
2800166,47209,7,1
2801924,29328,1,1
2801924,13176,2,1
2801924,25705,3,1
2801924,30994,4,0
2802546,39275,1,1
2802546,21137,2,1
2802546,260,3,1
2802546,24221,4,0
2802546,13858,5,0
2802546,35004,6,0
2802546,21205,7,0
2802546,31865,8,0
2802546,17878,9,0
2802546,44949,10,0
2802546,23848,11,0
2802546,42028,12,0
2802546,162,13,0
2802546,36082,14,0
2802546,20580,15,0
2802546,31041,16,0
2802546,35306,17,0
2802546,38689,18,1
2802546,27156,19,1
2802802,5077,1,1
2802802,40396,2,1
2802802,24852,3,1
2806501,42731,1,0
2806501,48174,2,0
2806501,39479,3,0
2806501,648,4,0
2806501,33044,5,0
2806501,25146,6,0
2806501,38922,7,0
2806501,16762,8,0
2806501,352,9,0
2806501,4535,10,0
2806501,15386,11,1
2806501,34739,12,1
2807148,11871,1,0
2807148,37752,2,0
2807148,43154,3,1
2807148,30407,4,0
2807148,35269,5,0
2807259,17902,1,1
2809601,38051,1,1
2809601,47766,2,1
2809601,24964,3,1
2809601,17628,4,1
2809601,8518,5,0
2809601,46979,6,1
2809601,12714,7,1
2809601,45,8,0
2809601,14958,9,0
2810437,47912,1,1
2810437,6933,2,1
2810437,13176,3,1
2810437,47766,4,1
2810437,27966,5,1
2810437,21162,6,1
2810437,27241,7,0
2810437,6962,8,0
2810437,21527,9,0
2810437,48423,10,0
2810437,39275,11,1
2810437,43875,12,1
2810437,43713,13,1
2810437,45013,14,1
2810437,5114,15,1
2810437,2228,16,0
2810437,6342,17,0
2810437,14095,18,0
2810437,7228,19,0
2810437,23029,20,0
2810437,31618,21,0
2810437,39108,22,0
2811281,43789,1,1
2811281,40604,2,1
2811281,18523,3,1
2811281,41950,4,1
2811281,24964,5,1
2811281,49235,6,1
2811281,38419,7,1
2811281,8518,8,1
2811281,45066,9,1
2811281,48364,10,1
2811281,26882,11,1
2811281,34466,12,0
2811281,8808,13,0
2811281,8174,14,0
2811281,6631,15,1
2811281,46169,16,0
2811281,21996,17,1
2811281,30385,18,0
2811281,22849,19,0
2811281,44359,20,0
2811281,34126,21,0
2811281,7948,22,0
2811281,12845,23,1
2811281,20734,24,0
2811281,37646,25,0
2811281,42736,26,1
2811281,35108,27,1
2811281,23537,28,1
2811281,29894,29,1
2811281,35163,30,0
2811281,31915,31,0
2811281,40706,32,0
2812469,40545,1,1
2812469,9839,2,0
2812469,38383,3,0
2812469,10246,4,0
2812469,21938,5,0
2812469,22000,6,0
2812469,27877,7,0
2812469,33342,8,0
2812469,21872,9,0
2813473,4938,1,1
2813473,20995,2,1
2813473,43352,3,0
2818152,24852,1,1
2818152,11826,2,0
2818152,6400,3,1
2818152,33543,4,0
2818152,11143,5,0
2818152,42612,6,0
2818152,45210,7,0
2818152,5496,8,0
2818152,19660,9,0
2818152,35696,10,0
2818152,7401,11,1
2818152,37646,12,0
2818785,6184,1,1
2818785,40199,2,1
2818785,39408,3,1
2820126,5258,1,1
2820419,20940,1,1
2820419,43352,2,1
2820419,13176,3,1
2820419,16797,4,1
2820419,8571,5,1
2820419,33783,6,0
2820419,14161,7,0
2821831,25280,1,1
2821831,29145,2,0
2821831,13176,3,1
2821831,38739,4,1
2821831,43122,5,1
2821831,40706,6,1
2821831,24830,7,1
2821831,35321,8,1
2821831,48707,9,0
2821831,39928,10,1
2821831,12392,11,0
2821831,36695,12,1
2821831,17794,13,1
2821831,21616,14,1
2821831,30489,15,0
2821831,5652,16,0
2821831,27471,17,0
2821831,14715,18,0
2821831,16290,19,0
2821831,5445,20,0
2821831,43619,21,0
2822511,1062,1,1
2822511,45321,2,0
2822511,9225,3,0
2822511,46725,4,1
2822511,34050,5,0
2822511,49176,6,0
2822511,5021,7,0
2825008,47672,1,1
2825008,31433,2,0
2825008,31915,3,1
2825008,34050,4,1
2825008,35629,5,0
2825008,25931,6,1
2825008,13198,7,1
2825008,20255,8,1
2825008,20034,9,0
2825008,24184,10,0
2825008,43633,11,0
2825008,45104,12,0
2825008,29898,13,1
2827731,6383,1,1
2827731,32569,2,1
2827731,36431,3,1
2827731,26510,4,1
2827731,17341,5,1
2827731,25783,6,1
2827731,12403,7,0
2827731,32637,8,1
2827731,13803,9,1
2827731,37849,10,0
2827731,43974,11,0
2827731,4006,12,0
2827731,47144,13,0
2827731,44085,14,1
2827731,12779,15,0
2827731,49381,16,0
2827731,4086,17,0
2827731,36259,18,0
2827731,12206,19,0
2827731,42719,20,0
2827731,45832,21,0
2827731,5077,22,1
2827731,37646,23,0
2827731,47766,24,0
2827731,48205,25,0
2828670,47209,1,1
2828670,13176,2,1
2828670,19660,3,1
2828670,9598,4,1
2828670,31970,5,1
2828670,42450,6,1
2828670,10025,7,1
2828670,27966,8,1
2828670,48065,9,0
2828670,46992,10,0
2828670,18200,11,0
2828670,7559,12,1
2828670,33043,13,0
2828670,12882,14,0
2829265,13176,1,1
2829265,28465,2,0
2829265,26131,3,1
2829265,37188,4,1
2829265,34428,5,0
2829265,18205,6,1
2829265,7781,7,0
2829265,15221,8,1
2829265,11741,9,0
2829265,25249,10,0
2829385,24852,1,1
2829385,40545,2,0
2829385,1158,3,0
2829385,46802,4,0
2829385,432,5,1
2829385,40377,6,0
2829385,46654,7,0
2831047,33518,1,0
2831047,29311,2,0
2831047,27713,3,0
2831047,21195,4,0
2835964,13984,1,0
2835964,9387,2,1
2835964,21903,3,0
2835964,17260,4,0
2835964,40377,5,0
2835964,27104,6,0
2835964,45123,7,1
2835964,5876,8,1
2837308,25861,1,1
2837308,20114,2,0
2837308,43945,3,1
2837308,19213,4,0
2837308,46059,5,1
2837308,8501,6,0
2837308,28800,7,0
2837308,45622,8,0
2837308,37350,9,0
2837308,1640,10,0
2837308,15325,11,0
2837308,41198,12,0
2837308,49176,13,0
2837308,46022,14,1
2837308,12232,15,1
2837308,27156,16,0
2837308,19625,17,1
2837308,26298,18,0
2837308,325,19,0
2837308,37460,20,0
2837308,7781,21,0
2837308,22882,22,0
2837308,927,23,1
2837308,9866,24,0
2840566,23613,1,1
2840566,22007,2,1
2840566,21938,3,0
2840566,8518,4,1
2840566,9390,5,0
2840901,13093,1,1
2841629,22035,1,1
2841629,21137,2,0
2841629,28204,3,0
2841629,10385,4,1
2841629,42193,5,1
2841629,21267,6,1
2841629,32585,7,1
2841629,3172,8,0
2841629,22451,9,1
2841629,38689,10,1
2841629,13085,11,1
2841629,46049,12,1
2841629,14633,13,1
2841629,48099,14,1
2841629,27522,15,1
2841629,34050,16,1
2842702,30204,1,0
2842702,33810,2,1
2842702,310,3,1
2842702,39275,4,1
2842702,33120,5,1
2842702,48859,6,1
2842702,20995,7,1
2842702,21903,8,1
2842702,35547,9,1
2842702,21137,10,1
2842702,21150,11,1
2842702,42585,12,1
2842702,5134,13,1
2842702,45007,14,1
2842702,43961,15,1
2842702,4302,16,1
2842702,21938,17,0
2842702,47766,18,1
2844679,20711,1,1
2844679,30073,2,0
2844679,32913,3,0
2847577,9752,1,0
2847577,40141,2,0
2847577,49481,3,0
2847577,2439,4,1
2847577,39046,5,0
2847577,5727,6,0
2847577,39921,7,0
2847577,43086,8,0
2847577,21511,9,0
2847577,42265,10,1
2847577,40706,11,0
2847577,49683,12,0
2847577,35355,13,0
2847577,42964,14,0
2847929,12683,1,1
2847929,27102,2,1
2847929,42697,3,1
2847929,6699,4,1
2847929,42834,5,1
2847929,42972,6,1
2847929,31964,7,1
2847929,1831,8,1
2847929,45747,9,1
2847929,3389,10,1
2847929,45531,11,1
2847929,25706,12,1
2847929,34789,13,0
2847929,29392,14,1
2847929,48348,15,1
2847929,43183,16,1
2847929,11679,17,1
2847929,21410,18,1
2847929,3990,19,1
2847929,6448,20,1
2847929,42677,21,0
2847929,34565,22,0
2847929,30506,23,1
2847929,1313,24,1
2847929,19051,25,1
2847929,33894,26,1
2848637,25513,1,1
2848637,722,2,1
2848637,14947,3,1
2848637,24385,4,1
2848637,38108,5,0
2848637,7751,6,0
2848637,20580,7,1
2850504,30489,1,1
2850504,23543,2,1
2850504,2295,3,1
2850504,15290,4,1
2850504,30391,5,1
2850504,43961,6,0
2850504,49131,7,0
2850504,38772,8,0
2850504,19348,9,1
2850504,27086,10,0
2850504,25890,11,0
2850504,20995,12,1
2850504,32760,13,0
2851081,21903,1,1
2851081,32971,2,1
2851081,30450,3,1
2851081,21288,4,1
2851081,21573,5,0
2851081,32689,6,0
2851081,43352,7,1
2851905,46752,1,0
2851905,4337,2,0
2851905,42300,3,0
2851905,12909,4,0
2851905,16797,5,0
2851905,11182,6,0
2851905,4006,7,0
2852085,31471,1,1
2852085,19650,2,0
2852085,32253,3,0
2852085,3952,4,1
2852085,49638,5,1
2852085,30489,6,1
2852085,17794,7,1
2852085,44422,8,0
2852085,9203,9,0
2852085,11619,10,0
2852085,8710,11,0
2852085,6655,12,0
2852085,46823,13,1
2855915,47194,1,1
2855915,4367,2,0
2855915,32020,3,0
2855915,36139,4,1
2855915,37993,5,0
2856202,37646,1,1
2856202,49235,2,1
2856202,14437,3,1
2856202,11777,4,1
2856505,24852,1,0
2856505,39275,2,1
2856505,13944,3,1
2856505,31596,4,1
2856505,365,5,0
2856505,24799,6,0
2856505,46487,7,0
2856505,1213,8,0
2856505,21213,9,0
2856505,5077,10,0
2856858,8230,1,1
2856858,27156,2,1
2856858,44479,3,1
2856858,18465,4,0
2856858,17794,5,1
2856858,27521,6,1
2856858,46667,7,1
2856858,47541,8,0
2856858,46206,9,0
2856858,10234,10,0
2856858,28939,11,1
2856858,8424,12,0
2857788,43371,1,0
2857788,33000,2,1
2857788,47766,3,1
2857788,47626,4,0
2857788,20549,5,0
2857788,40604,6,0
2857788,4562,7,0
2857788,31506,8,1
2857788,31130,9,0
2857788,26307,10,1
2857788,35221,11,0
2858735,41950,1,0
2858735,29311,2,1
2860362,28593,1,1
2860362,44560,2,1
2860362,20082,3,1
2860362,9741,4,1
2860362,43504,5,1
2860362,17600,6,1
2860362,13176,7,0
2860362,21137,8,1
2860362,10246,9,1
2860362,5115,10,0
2860362,31263,11,1
2860362,39993,12,1
2860362,39600,13,1
2860362,13740,14,0
2860362,39561,15,1
2860362,27966,16,1
2860362,12341,17,0
2860362,48364,18,0
2860362,5025,19,0
2860362,45535,20,0
2860362,46979,21,0
2860362,39984,22,1
2860362,45646,23,0
2860362,21938,24,1
2862159,46510,1,1
2862159,44375,2,1
2862159,17080,3,0
2862159,27845,4,1
2862159,18531,5,1
2862159,27966,6,1
2862159,42265,7,0
2862159,4193,8,1
2862159,12206,9,0
2862159,29287,10,0
2862159,5212,11,1
2862159,46906,12,0
2862159,32515,13,1
2862159,27664,14,1
2862159,210,15,1
2862159,2180,16,0
2862159,5240,17,1
2862159,9366,18,0
2862159,32864,19,1
2862159,30489,20,0
2862159,30391,21,0
2862159,4367,22,1
2862159,27344,23,0
2862159,13431,24,1
2862159,33245,25,1
2862159,40992,26,1
2862159,4605,27,0
2862159,15683,28,0
2862159,47626,29,0
2862159,24654,30,1
2862159,8025,31,0
2862159,8929,32,1
2862159,37257,33,0
2862159,11408,34,0
2862159,23115,35,1
2862159,16300,36,0
2862159,21405,37,1
2862159,7559,38,1
2862159,39984,39,0
2862159,31701,40,1
2862159,35108,41,0
2862159,33731,42,0
2862159,16824,43,1
2862159,48894,44,0
2862159,16462,45,0
2862159,44099,46,0
2862159,37677,47,0
2862159,8518,48,1
2862159,3869,49,1
2862159,28535,50,0
2862159,45763,51,1
2862159,11223,52,1
2862159,28437,53,1
2862159,36304,54,0
2862159,19049,55,0
2862159,28289,56,0
2862159,35019,57,0
2862159,26107,58,0
2862159,31441,59,0
2862159,24401,60,0
2862159,11440,61,0
2862159,35287,62,0
2862159,30620,63,0
2862182,18599,1,0
2862182,41238,2,1
2862182,12099,3,1
2862182,31927,4,1
2862182,5383,5,1
2862182,34243,6,1
2862182,14947,7,1
2862182,43352,8,1
2862182,47792,9,1
2862182,24852,10,1
2862182,13802,11,1
2862182,28204,12,1
2862182,37158,13,1
2862182,37220,14,0
2862182,432,15,0
2863243,877,1,1
2863243,47766,2,1
2863243,8744,3,0
2863243,34974,4,0
2865224,2361,1,1
2865224,7035,2,1
2865224,49475,3,1
2865224,22619,4,1
2865224,45066,5,0
2865224,13147,6,1
2865224,22400,7,0
2865224,30353,8,1
2865224,12919,9,1
2865224,7693,10,0
2865224,45747,11,1
2865224,42972,12,0
2865224,18566,13,1
2865224,4957,14,1
2865224,22828,15,1
2866341,22866,1,0
2866341,47226,2,0
2866341,23734,3,0
2866341,36854,4,0
2866341,196,5,0
2866341,27979,6,0
2866341,47357,7,0
2866341,22093,8,0
2867674,1695,1,1
2867674,27086,2,1
2867674,13176,3,1
2867674,33351,4,1
2867674,13755,5,1
2867674,44487,6,0
2867674,33129,7,1
2867674,3836,8,0
2868498,28628,1,1
2868498,30391,2,1
2868498,28122,3,1
2868498,13702,4,1
2868498,11130,5,1
2868498,21137,6,1
2868498,35364,7,1
2868498,17600,8,1
2868498,22963,9,1
2868498,33636,10,0
2868498,1090,11,0
2868498,25133,12,1
2868883,3858,1,0
2868883,49401,2,0
2868883,14381,3,1
2868883,33950,4,0
2868883,9510,5,0
2868883,34458,6,1
2868883,44753,7,0
2868883,15692,8,0
2869237,46347,1,0
2869237,12614,2,0
2869237,2408,3,0
2869237,23341,4,0
2869237,47569,5,1
2869237,21472,6,1
2869237,21925,7,1
2869237,7121,8,0
2869237,44929,9,1
2869237,22598,10,0
2869237,10226,11,0
2869295,32655,1,1
2869295,4920,2,1
2869295,24852,3,1
2869295,26209,4,1
2869295,5479,5,1
2869295,17835,6,1
2869295,26128,7,1
2869295,41039,8,0
2869295,22142,9,1
2869295,2954,10,0
2869295,43933,11,0
2869295,46812,12,1
2869379,28985,1,1
2869379,24852,2,1
2869379,4799,3,1
2869379,45694,4,0
2869379,21010,5,0
2869379,13198,6,1
2869379,10017,7,1
2869379,28204,8,1
2869379,40723,9,0
2869379,33055,10,0
2869379,47630,11,0
2869379,31869,12,0
2869379,25890,13,1
2870588,196,1,1
2870588,43352,2,1
2870910,10749,1,0
2870910,35535,2,1
2870910,19048,3,0
2870910,42625,4,1
2870910,4605,5,1
2870910,18025,6,0
2870910,20015,7,1
2870910,16154,8,1
2870910,49174,9,0
2870910,7185,10,0
2870910,3270,11,1
2870910,37067,12,0
2870910,45066,13,1
2870910,39275,14,1
2870910,17949,15,1
2870910,4799,16,1
2870910,2450,17,1
2870910,38293,18,1
2870910,25796,19,1
2870910,1025,20,1
2870910,25647,21,0
2871756,37646,1,1
2871756,24236,2,1
2871756,28985,3,1
2871756,14692,4,0
2871756,46906,5,1
2871756,20734,6,1
2871756,5876,7,1
2872114,46680,1,1
2872114,4461,2,0
2872114,43852,3,1
2872114,15905,4,0
2872114,44371,5,0
2872114,19202,6,0
2872574,35417,1,1
2872574,24852,2,1
2872574,47209,3,1
2872574,36550,4,1
2872574,28156,5,1
2872574,46584,6,0
2872574,16797,7,1
2872574,35383,8,0
2872574,17706,9,0
2872574,39024,10,0
2872574,23801,11,0
2872574,14852,12,0
2872574,25890,13,1
2872574,28204,14,0
2872574,42342,15,0
2872910,28199,1,0
2872910,44359,2,0
2872910,4485,3,1
2872910,35628,4,1
2872910,40174,5,1
2872910,31964,6,1
2875267,41273,1,1
2875267,21927,2,1
2875267,40516,3,1
2875267,327,4,1
2875267,43772,5,1
2875267,28993,6,1
2875267,46979,7,1
2875267,33560,8,1
2875267,45200,9,1
2875267,30909,10,1
2875267,43961,11,1
2875267,20463,12,1
2875267,194,13,0
2875267,12313,14,0
2875267,35210,15,0
2875267,21067,16,0
2875267,45,17,1
2876800,42585,1,1
2876812,45753,1,0
2876812,35844,2,0
2876812,23910,3,0
2876812,31848,4,0
2876812,15785,5,0
2876812,12481,6,0
2876812,3619,7,0
2876812,18208,8,0
2877194,1158,1,1
2877194,20842,2,1
2877194,46979,3,0
2877194,21616,4,0
2877194,12033,5,0
2877194,15395,6,0
2877490,6740,1,1
2877802,39790,1,0
2877802,22633,2,0
2877802,36231,3,0
2877802,33837,4,0
2877802,15760,5,0
2877802,37940,6,1
2878404,13176,1,1
2878404,6184,2,1
2878404,25146,3,0
2878404,21137,4,1
2878404,8048,5,0
2878404,39275,6,0
2879511,14409,1,1
2879511,11182,2,1
2879511,18583,3,1
2879511,24552,4,1
2879511,20127,5,1
2879511,34036,6,1
2879511,27001,7,1
2879511,18441,8,1
2879511,1870,9,0
2879511,37935,10,0
2879511,13807,11,0
2879511,40545,12,0
2883326,24852,1,1
2883326,19057,2,1
2883326,27966,3,1
2883326,6348,4,1
2883326,38185,5,1
2883326,25824,6,0
2883326,21793,7,1
2883326,41787,8,1
2883326,47759,9,1
2883326,141,10,1
2883326,15424,11,1
2884887,16213,1,0
2884887,18296,2,1
2884887,22819,3,1
2884887,5612,4,0
2884887,6184,5,0
2884887,41787,6,0
2884887,46595,7,0
2884887,10909,8,0
2885019,24489,1,1
2885019,21137,2,1
2885019,19706,3,1
2885019,25256,4,1
2885853,22935,1,1
2885853,17794,2,1
2885853,47766,3,1
2885853,27104,4,1
2885853,12576,5,0
2885853,45747,6,0
2885853,5547,7,0
2885853,17038,8,0
2885853,5303,9,0
2885853,21903,10,1
2885853,18465,11,0
2885853,30489,12,1
2885853,21405,13,1
2885853,5876,14,1
2885853,49683,15,1
2885853,12980,16,1
2886510,24082,1,0
2886510,14355,2,1
2886510,17526,3,1
2886510,41149,4,0
2886510,46138,5,0
2886510,7325,6,1
2886510,42479,7,0
2886510,5646,8,0
2886510,9839,9,1
2886510,46932,10,1
2886510,5115,11,0
2886510,11819,12,0
2886510,8915,13,0
2886510,14233,14,0
2886659,20955,1,1
2887135,46916,1,1
2887135,41556,2,1
2887135,5133,3,0
2887864,40310,1,1
2887864,23216,2,1
2887864,26604,3,1
2887864,2716,4,1
2887864,21137,5,1
2887864,13176,6,1
2887864,21903,7,1
2887864,33513,8,1
2887864,27104,9,1
2887864,19057,10,1
2887864,28199,11,1
2887864,29246,12,1
2887864,24489,13,1
2887864,13829,14,1
2887864,9648,15,1
2887864,40174,16,0
2888426,38159,1,0
2888426,15290,2,1
2888426,40646,3,0
2888426,39928,4,0
2888426,283,5,0
2888426,47526,6,0
2888731,21300,1,0
2888731,33852,2,1
2888731,1154,3,1
2888731,31725,4,1
2888731,8769,5,0
2888731,26073,6,1
2889196,22610,1,1
2889196,6184,2,0
2889196,30827,3,0
2889196,196,4,1
2889196,21195,5,0
2889196,23662,6,0
2889196,46129,7,0
2889196,17679,8,1
2889196,44449,9,0
2891766,44753,1,1
2891766,38374,2,0
2891766,24852,3,1
2891766,28427,4,0
2891766,21552,5,0
2891766,11452,6,1
2891766,38508,7,1
2891766,24964,8,1
2891766,4920,9,1
2891766,37065,10,1
2891766,16797,11,1
2891766,44910,12,1
2891766,49113,13,1
2891766,32553,14,0
2891766,25093,15,0
2892024,18599,1,0
2892024,9133,2,0
2892024,48395,3,0
2892024,27729,4,0
2892024,45599,5,0
2892024,26283,6,0
2892024,17794,7,0
2894626,11461,1,1
2894626,37011,2,1
2894626,37646,3,1
2894626,5031,4,1
2894626,4163,5,1
2894626,43772,6,0
2894626,45224,7,0
2894626,19650,8,1
2894944,19938,1,1
2894944,22021,2,1
2894944,33548,3,0
2894944,287,4,0
2894944,1001,5,0
2894944,9340,6,0
2894944,9875,7,0
2894944,15125,8,0
2894944,42920,9,0
2894944,24852,10,0
2894944,7628,11,0
2894944,36431,12,0
2894944,30993,13,0
2894944,31808,14,0
2894944,21131,15,0
2894944,28977,16,0
2894944,21272,17,0
2894944,23758,18,0
2894944,25691,19,0
2894944,28993,20,0
2894944,16797,21,0
2894944,29487,22,0
2894944,29095,23,1
2894944,32211,24,1
2894944,34690,25,0
2894944,28060,26,0
2894944,18659,27,0
2894944,32784,28,0
2894944,28842,29,0
2894944,26209,30,1
2894944,48437,31,0
2894944,11422,32,0
2894944,42197,33,0
2894944,20235,34,0
2894944,7718,35,0
2894944,29891,36,0
2895637,33787,1,1
2895637,13176,2,1
2895637,27845,3,1
2895637,17027,4,1
2895637,24184,5,1
2895637,3957,6,1
2895637,10369,7,1
2895637,40571,8,1
2895637,45066,9,1
2895637,27966,10,1
2895637,5144,11,1
2895637,21137,12,1
2895637,21709,13,1
2895637,49235,14,1
2897344,33493,1,0
2898223,44953,1,0
2898223,18594,2,1
2898223,18304,3,0
2898223,14898,4,0
2898223,45007,5,0
2898223,33640,6,1
2898223,45957,7,1
2898223,47526,8,0
2899212,27156,1,0
2899212,4487,2,1
2899212,7364,3,0
2899212,35176,4,1
2899212,41665,5,1
2899212,13176,6,0
2899212,18025,7,1
2899212,23079,8,0
2899212,21443,9,1
2899212,4137,10,0
2899212,41844,11,0
2899212,16415,12,0
2899212,39249,13,0
2903225,38689,1,1
2903225,12341,2,1
2903225,44661,3,1
2903225,5575,4,1
2903225,49683,5,1
2903225,26620,6,1
2903225,34755,7,1
2903225,13249,8,1
2903225,4541,9,0
2903225,27966,10,1
2903225,22825,11,1
2903225,16797,12,1
2903225,20764,13,1
2903225,24654,14,1
2903225,25890,15,0
2903225,44910,16,0
2905210,5785,1,1
2905210,13176,2,1
2905210,5077,3,1
2905210,22935,4,1
2905210,32655,5,0
2905210,46667,6,1
2905210,8277,7,1
2905210,21938,8,0
2905210,15290,9,0
2905210,13212,10,0
2905210,28842,11,0
2905210,18234,12,1
2906156,21195,1,0
2906156,21385,2,0
2906779,28854,1,0
2906779,45783,2,0
2906779,38371,3,1
2906779,32085,4,0
2907546,31772,1,1
2907546,24852,2,1
2907546,30035,3,1
2907546,23622,4,1
2907546,41220,5,1
2908624,19678,1,1
2908624,41960,2,1
2908624,10132,3,1
2908624,5785,4,1
2908624,27392,5,0
2908624,39928,6,0
2908624,33135,7,0
2908624,4605,8,0
2908624,21955,9,0
2908624,30635,10,0
2908624,27966,11,0
2908624,22849,12,0
2908624,32642,13,1
2908624,8053,14,0
2908624,40883,15,0
2909542,32575,1,0
2909542,46676,2,1
2909542,25513,3,1
2909542,13980,4,1
2909542,40709,5,1
2909542,46135,6,1
2910762,47209,1,1
2910762,26209,2,1
2910762,46676,3,0
2910762,8518,4,1
2910762,26369,5,1
2910762,34126,6,0
2910762,31717,7,1
2910762,16759,8,1
2910762,41220,9,1
2910762,28432,10,1
2910762,27521,11,1
2910762,36874,12,1
2911530,27344,1,1
2911530,49075,2,1
2911530,5450,3,1
2911530,40706,4,1
2911530,23579,5,1
2911530,33716,6,1
2911530,5250,7,1
2911530,22035,8,1
2911861,36070,1,0
2911861,9124,2,1
2911861,42450,3,1
2911861,27729,4,0
2911861,4986,5,1
2911861,10374,6,1
2911861,13176,7,0
2911861,32019,8,0
2911861,21137,9,1
2911866,12050,1,1
2911866,38817,2,1
2911866,31964,3,0
2911866,26709,4,1
2911866,31218,5,0
2911866,1313,6,0
2911866,3298,7,1
2911866,47242,8,1
2911866,21333,9,1
2911866,46842,10,1
2912778,13176,1,1
2914995,5479,1,1
2914995,16349,2,1
2914995,12980,3,1
2914995,1890,4,1
2914995,5769,5,1
2914995,13966,6,1
2914995,25931,7,1
2914995,10749,8,0
2914995,42736,9,1
2914995,13431,10,1
2914995,42701,11,1
2914995,8193,12,1
2914995,11005,13,1
2914995,8518,14,1
2914995,33290,15,1
2914995,43076,16,1
2914995,2086,17,1
2914995,44910,18,1
2914995,14386,19,1
2914995,9515,20,1
2914995,17747,21,0
2914995,23649,22,0
2914995,11078,23,0
2914995,49533,24,0
2914995,35094,25,1
2914995,20319,26,1
2914995,2651,27,0
2914995,13198,28,0
2919845,5785,1,1
2919845,16083,2,1
2919845,7669,3,0
2919845,27959,4,0
2919845,329,5,0
2919845,10246,6,1
2921199,5785,1,1
2921199,21137,2,1
2921199,39275,3,0
2921199,17454,4,1
2921199,4605,5,0
2921199,24852,6,1
2921199,16185,7,0
2921199,27156,8,1
2921199,3376,9,0
2921199,26668,10,0
2921199,49175,11,0
2921199,890,12,0
2921199,10314,13,0
2921199,44632,14,1
2921199,47209,15,1
2921199,48287,16,1
2921199,27695,17,1
2921199,46979,18,0
2921199,9785,19,1
2921199,22559,20,0
2921199,31883,21,0
2921199,32857,22,0
2921199,26322,23,0
2921199,28535,24,0
2921199,29506,25,0
2921199,21019,26,0
2922449,13424,1,1
2922449,21195,2,0
2922449,31759,3,1
2922449,41400,4,0
2922449,13176,5,0
2922621,14852,1,1
2922621,13176,2,1
2922621,47766,3,1
2922621,45603,4,1
2923299,12748,1,0
2923299,16185,2,1
2923299,21405,3,0
2923299,35951,4,0
2923299,4879,5,0
2923299,28849,6,1
2923299,20520,7,0
2923299,21903,8,1
2923299,28156,9,1
2923299,47766,10,1
2923299,24852,11,1
2923299,26209,12,1
2923299,21938,13,0
2923299,24184,14,1
2923299,19816,15,1
2923299,21616,16,1
2923299,6873,17,0
2923299,49683,18,0
2927333,27086,1,1
2927333,30489,2,1
2927333,4472,3,1
2927333,27104,4,1
2927333,35221,5,0
2927333,17878,6,0
2927333,10998,7,0
2927333,18523,8,0
2927333,24852,9,0
2927333,5450,10,0
2927333,48086,11,0
2927333,27845,12,1
2927333,21137,13,1
2927333,18656,14,0
2927333,47626,15,0
2927333,44359,16,0
2927333,27521,17,1
2927333,15016,18,0
2927333,22935,19,0
2927333,11712,20,1
2929161,22935,1,1
2929161,1244,2,0
2929161,45007,3,0
2929161,47209,4,0
2929161,47042,5,0
2929161,13176,6,0
2929832,23296,1,1
2929832,42191,2,1
2929832,25990,3,0
2929832,39921,4,1
2929832,1080,5,1
2929832,13287,6,0
2929832,33548,7,1
2929832,32573,8,1
2930594,42736,1,0
2930594,7704,2,0
2930594,12069,3,0
2930594,19282,4,0
2934293,23543,1,1
2934293,13166,2,1
2934293,41844,3,1
2934293,3952,4,1
2934293,5646,5,1
2934293,18434,6,1
2934293,15392,7,0
2934293,24852,8,1
2934293,19057,9,1
2934293,39374,10,0
2934293,44910,11,1
2934293,28199,12,1
2934293,35383,13,1
2934293,47209,14,1
2934293,39275,15,1
2935444,12341,1,1
2936241,35221,1,1
2936241,47766,2,1
2936241,27845,3,1
2936241,14084,4,1
2936241,16797,5,1
2936241,26209,6,1
2936241,3896,7,1
2936241,4920,8,1
2936241,43961,9,1
2936241,21376,10,1
2936241,17652,11,1
2936241,18200,12,1
2936241,33000,13,1
2936292,37919,1,1
2936292,38768,2,1
2936292,16797,3,0
2936292,26604,4,0
2936292,39275,5,0
2936292,41276,6,0
2936470,25753,1,1
2936470,20512,2,0
2936470,24024,3,1
2936470,23734,4,0
2936470,22802,5,0
2936763,11365,1,1
2941534,29487,1,1
2941534,44449,2,0
2941534,41787,3,0
2941534,46802,4,1
2941534,21903,5,0
2941534,21709,6,0
2941534,17878,7,0
2941534,14364,8,1
2941534,21938,9,0
2941534,28842,10,1
2941534,5818,11,0
2943130,47209,1,1
2943130,24852,2,1
2943130,13598,3,1
2943130,43733,4,1
2943130,25305,5,1
2943130,45603,6,0
2943130,13774,7,0
2943130,39577,8,0
2943130,19895,9,0
2943130,23565,10,0
2943130,16349,11,0
2943130,21903,12,1
2943130,11941,13,0
2943130,24841,14,0
2943420,13176,1,0
2943420,34358,2,1
2943420,27104,3,0
2943420,34126,4,1
2943420,31717,5,1
2943420,30482,6,0
2943420,2966,7,0
2943420,46584,8,1
2943929,22620,1,0
2943929,27845,2,1
2943929,49235,3,1
2943929,33572,4,0
2943929,2450,5,1
2943929,46782,6,1
2943929,24852,7,1
2943929,10895,8,1
2943929,27323,9,1
2943929,39928,10,1
2943929,16797,11,1
2943929,11777,12,1
2943929,32864,13,1
2943929,5994,14,1
2943929,34969,15,1
2943929,36687,16,0
2943929,33881,17,0
2943929,18565,18,0
2943929,47370,19,1
2943929,47804,20,1
2943929,31948,21,1
2943929,43659,22,0
2943929,21903,23,0
2943929,43789,24,1
2943929,24830,25,0
2943929,27925,26,0
2943929,24221,27,0
2943929,45066,28,1
2943929,8174,29,1
2943929,25890,30,1
2943929,16349,31,0
2943929,9839,32,0
2944422,14867,1,1
2944422,11512,2,0
2944422,13870,3,1
2944422,3599,4,0
2944422,45014,5,0
2944422,34217,6,0
2944422,17758,7,0
2944584,26131,1,1
2944584,1511,2,0
2944584,24852,3,0
2944584,9387,4,1
2944584,32553,5,1
2944584,47626,6,0
2944584,15937,7,0
2944584,12845,8,0
2944584,21560,9,0
2944584,14766,10,0
2944584,31433,11,0
2944584,19204,12,0
2944584,36418,13,0
2944584,5022,14,0
2944584,1000,15,0
2946877,33000,1,1
2946877,13176,2,1
2946877,14971,3,1
2946877,10904,4,1
2946877,15592,5,1
2946877,47766,6,1
2946877,39275,7,1
2946877,36695,8,1
2946877,12732,9,1
2946877,46667,10,0
2946877,17905,11,0
2946877,21616,12,0
2946877,15261,13,0
2946877,2966,14,1
2946877,8859,15,0
2946877,6182,16,0
2946877,7500,17,0
2946877,4461,18,0
2946877,18918,19,0
2946877,22935,20,0
2951179,5564,1,0
2951179,22369,2,0
2951179,24852,3,1
2951179,32864,4,0
2951904,24852,1,1
2951904,39158,2,0
2951904,3321,3,0
2951904,32854,4,0
2951904,20943,5,0
2951904,47520,6,0
2951904,24139,7,0
2951904,29686,8,0
2951904,11619,9,0
2951904,8986,10,0
2951904,35935,11,0
2951904,4792,12,1
2954245,34608,1,1
2954245,17794,2,1
2954245,24852,3,1
2954245,28204,4,1
2954245,14867,5,0
2954245,42736,6,1
2954245,47626,7,0
2954245,45007,8,0
2955736,27470,1,1
2955736,15937,2,0
2955736,28842,3,1
2955736,36216,4,1
2955774,1103,1,1
2955774,45741,2,0
2955774,47451,3,1
2955774,22849,4,0
2955774,8424,5,0
2955774,21938,6,1
2955774,24407,7,0
2955774,47752,8,0
2955774,46979,9,1
2955774,23165,10,0
2955774,38293,11,0
2955774,10749,12,0
2955774,40233,13,0
2955774,7021,14,0
2955774,10978,15,0
2955774,16033,16,0
2955774,31275,17,0
2955774,29987,18,0
2955809,47209,1,0
2955809,11520,2,1
2955809,5876,3,1
2955809,31717,4,1
2955809,34126,5,1
2955809,3628,6,1
2955809,5005,7,1
2955809,1227,8,1
2955809,41458,9,1
2955809,33575,10,1
2955809,20186,11,1
2955809,21425,12,1
2955809,23622,13,0
2955809,16759,14,0
2955809,17594,15,0
2955809,1621,16,0
2955809,29987,17,0
2955809,46490,18,0
2955809,29191,19,0
2955809,2314,20,0
2955809,42479,21,0
2955809,18689,22,0
2955809,22935,23,0
2955889,5258,1,1
2955889,17902,2,1
2955889,32079,3,1
2955889,30827,4,1
2955889,21903,5,0
2955889,33147,6,1
2956867,27548,1,1
2956867,21709,2,1
2956867,19348,3,1
2956867,5077,4,1
2956867,43295,5,1
2956867,32109,6,1
2956867,19145,7,1
2956867,21288,8,1
2956867,13997,9,0
2956867,3880,10,0
2956867,40772,11,0
2956867,24516,12,0
2956867,38483,13,0
2956867,5025,14,0
2956867,27196,15,0
2956867,28199,16,0
2956895,9779,1,1
2956895,2463,2,1
2956895,22559,3,1
2956895,11497,4,1
2956895,9755,5,1
2956895,49354,6,1
2957147,47766,1,1
2957147,48953,2,1
2957147,28985,3,1
2957147,41488,4,1
2957147,19678,5,1
2957147,45,6,1
2957147,43768,7,0
2957147,10749,8,1
2957147,8424,9,0
2957147,5015,10,1
2957147,44359,11,1
2957147,7228,12,1
2960854,137,1,0
2960854,39152,2,0
2960854,26031,3,0
2960854,42240,4,1
2960854,3919,5,0
2960854,11361,6,0
2960854,47759,7,0
2960854,12572,8,0
2960854,11865,9,0
2960854,17223,10,0
2961638,46969,1,1
2961638,16254,2,0
2961638,6719,3,1
2961638,31766,4,1
2961682,13654,1,1
2961682,6046,2,0
2961682,11777,3,0
2961682,32689,4,1
2961682,4557,5,0
2961682,19624,6,0
2961682,21948,7,0
2961682,26604,8,0
2961682,9076,9,0
2961866,27241,1,0
2961866,8955,2,1
2961866,35951,3,1
2961866,17948,4,0
2961866,27966,5,0
2961866,40229,6,0
2961866,9094,7,0
2962301,42569,1,0
2962301,47197,2,0
2962301,1940,3,1
2962301,18165,4,0
2962301,31871,5,0
2962301,25783,6,0
2962301,48833,7,0
2962301,26138,8,0
2962301,28439,9,0
2962420,37919,1,1
2962420,34148,2,0
2963071,26604,1,1
2963071,28204,2,1
2963071,13870,3,1
2963071,49217,4,1
2963071,47145,5,0
2963071,43961,6,0
2963291,48183,1,0
2963291,38996,2,0
2963291,11487,3,0
2963291,29363,4,0
2963291,30340,5,0
2963291,44548,6,0
2963291,24852,7,1
2963291,27510,8,0
2964255,1940,1,0
2964255,48672,2,0
2964255,21137,3,0
2964255,5068,4,0
2964255,6121,5,0
2964255,48205,6,1
2964255,32465,7,1
2964255,19006,8,0
2964782,45007,1,1
2964782,42585,2,1
2964782,26209,3,1
2964782,31717,4,1
2964782,43961,5,1
2964782,12576,6,1
2964782,45645,7,1
2964782,27845,8,1
2965060,29938,1,0
2965060,1393,2,0
2965060,24852,3,1
2965060,9076,4,0
2965060,18296,5,0
2965060,20220,6,1
2965060,28464,7,1
2965060,45066,8,0
2966169,10314,1,0
2966169,44334,2,1
2966169,40821,3,0
2966311,12340,1,1
2966311,13176,2,1
2966311,21137,3,1
2966311,7299,4,1
2966311,12341,5,1
2966311,21903,6,1
2966311,38490,7,1
2966311,39495,8,0
2966311,8518,9,0
2966311,10749,10,0
2966311,890,11,0
2966311,15872,12,1
2967250,26364,1,1
2967250,27966,2,1
2967250,21137,3,1
2967250,16589,4,1
2967250,29574,5,1
2967250,11520,6,1
2967250,13176,7,1
2967250,21775,8,1
2967250,21973,9,1
2967250,43643,10,0
2967250,44201,11,1
2967250,31100,12,1
2967250,48222,13,1
2967250,41950,14,1
2967250,48210,15,1
2967250,39928,16,1
2967250,38557,17,1
2967250,34243,18,1
2967250,13650,19,1
2967250,15290,20,1
2967250,27104,21,1
2967250,48529,22,0
2967250,44359,23,1
2967250,49383,24,1
2967250,15937,25,0
2967250,38400,26,0
2967250,34126,27,1
2967250,24964,28,1
2967250,31553,29,1
2967250,5991,30,1
2967250,24933,31,1
2967250,8174,32,1
2967250,37201,33,1
2967250,26940,34,0
2967250,27065,35,0
2967250,33352,36,0
2967250,44632,37,1
2967250,48859,38,0
2967957,35221,1,1
2967957,21709,2,1
2967957,43504,3,1
2967957,24561,4,1
2967957,13380,5,1
2967957,7175,6,1
2967957,204,7,0
2967957,42265,8,1
2967957,9839,9,1
2967957,8277,10,1
2967957,21614,11,1
2967957,22819,12,0
2967957,47209,13,1
2968533,5334,1,1
2968533,3098,2,1
2968533,40637,3,1
2968533,21372,4,1
2968533,36735,5,1
2968533,26596,6,0
2968533,10500,7,0
2968533,24489,8,1
2968533,128,9,0
2968533,2716,10,0
2968533,45210,11,0
2968533,2639,12,0
2968533,22021,13,0
2968533,11984,14,1
2968533,12212,15,0
2968533,2050,16,1
2968533,31338,17,0
2968533,8059,18,0
2968533,38291,19,0
2968533,16521,20,0
2968533,35051,21,0
2968533,35072,22,0
2968533,16759,23,0
2968728,33731,1,1
2968728,24082,2,1
2968728,4461,3,0
2968728,35898,4,0
2968838,19660,1,1
2968838,16953,2,0
2969944,35914,1,1
2969944,27966,2,1
2969944,24852,3,1
2969944,26604,4,0
2969944,33026,5,1
2969944,9076,6,1
2969944,21137,7,0
2969944,28454,8,1
2969944,33957,9,1
2969944,47119,10,0
2969944,5385,11,1
2969944,42578,12,1
2971828,9124,1,0
2971828,26201,2,0
2971828,20788,3,1
2973313,25466,1,1
2973313,33129,2,0
2973313,33363,3,0
2973313,37019,4,0
2973313,19421,5,0
2973433,20247,1,1
2973433,31678,2,1
2973433,39097,3,1
2973433,16796,4,0
2973433,22501,5,0
2973632,36441,1,1
2973632,37468,2,0
2973632,33000,3,0
2974492,27086,1,1
2974492,7035,2,1
2976842,19828,1,1
2976842,28413,2,1
2976842,23288,3,1
2976842,34466,4,1
2978909,11185,1,1
2979488,39408,1,1
2979488,45123,2,1
2979488,11538,3,1
2979488,32900,4,1
2979488,30489,5,1
2979488,25623,6,1
2979488,3599,7,1
2979488,6532,8,1
2979488,30169,9,1
2979488,29447,10,1
2979488,5479,11,1
2979488,22035,12,1
2979488,6348,13,1
2979488,5212,14,1
2979488,27966,15,1
2979488,44910,16,1
2979488,13176,17,1
2979488,31717,18,1
2979488,34969,19,1
2979488,26209,20,1
2979488,47626,21,1
2979488,5450,22,1
2979488,5031,23,0
2979488,23952,24,0
2979488,27573,25,0
2979576,24852,1,1
2979576,44815,2,1
2979576,30489,3,1
2979576,21543,4,1
2979576,12315,5,1
2979576,49267,6,1
2979576,20588,7,1
2979576,12545,8,1
2979576,32463,9,1
2979576,42976,10,1
2979576,27156,11,0
2979576,6129,12,0
2979576,22950,13,0
2979576,43295,14,0
2979576,13304,15,0
2979576,38650,16,0
2979576,41077,17,0
2979576,24671,18,0
2979576,29926,19,1
2979576,32277,20,0
2980797,32655,1,1
2980797,25171,2,1
2980797,24850,3,1
2980797,29370,4,1
2980797,45968,5,1
2980797,46667,6,1
2980797,33640,7,1
2980797,24457,8,1
2980797,43875,9,1
2985402,27845,1,1
2985402,31404,2,1
2985402,13176,3,1
2985402,44560,4,1
2985402,27690,5,1
2985402,25824,6,1
2985402,18811,7,0
2985402,7877,8,0
2985402,19678,9,0
2985402,19019,10,0
2985402,30391,11,1
2985402,15872,12,1
2985402,17794,13,1
2985402,22935,14,0
2985402,47209,15,0
2985402,35898,16,0
2985402,35907,17,1
2985402,20409,18,0
2985589,13176,1,1
2985589,21137,2,1
2985589,30442,3,1
2985589,42828,4,1
2985589,46516,5,1
2985589,7521,6,0
2985589,22935,7,1
2985589,6046,8,0
2985666,33198,1,1
2985666,10798,2,1
2985666,6473,3,0
2985666,46266,4,0
2985953,34243,1,0
2985953,27104,2,1
2985953,18818,3,0
2985953,48745,4,1
2985953,43129,5,0
2985953,41006,6,0
2985953,22935,7,1
2986864,36011,1,1
2986864,2344,2,1
2986864,24125,3,1
2986864,1757,4,0
2986864,38618,5,0
2986864,9092,6,0
2986864,24964,7,0
2986864,8988,8,0
2986864,20995,9,0
2986864,9124,10,0
2986864,34217,11,0
2987172,3389,1,1
2987172,196,2,1
2987172,1952,3,1
2987172,22293,4,0
2989665,29075,1,0
2990100,41757,1,0
2990100,32850,2,1
2990100,14010,3,1
2991688,7628,1,0
2991688,47626,2,1
2991688,4855,3,0
2991688,39408,4,0
2991688,20842,5,0
2991688,24852,6,1
2991688,32553,7,1
2991688,33731,8,0
2991688,34126,9,0
2991688,21077,10,0
2995217,13176,1,1
2995217,33897,2,1
2995217,19057,3,1
2995217,5597,4,1
2995217,38579,5,1
2995217,48825,6,1
2995217,34243,7,1
2995217,49131,8,1
2995217,3849,9,1
2995217,31553,10,1
2995217,15700,11,0
2995217,5535,12,1
2995217,15613,13,0
2995217,16260,14,0
2995217,21461,15,0
2995217,8479,16,0
2995217,38357,17,0
2997435,16797,1,1
2997435,30450,2,0
2997435,33768,3,0
2997435,7731,4,0
2997435,31860,5,0
2997435,9358,6,0
2997435,13176,7,1
2997435,9076,8,0
2997435,33493,9,0
2997804,13176,1,1
2997804,24489,2,1
2997804,46969,3,1
2997804,5479,4,1
2997847,39409,1,1
2997847,21462,2,1
2997847,27676,3,1
2997847,48226,4,1
2997847,41711,5,1
2997847,15452,6,0
2997847,9337,7,1
2997847,13870,8,0
2997847,31338,9,1
2997847,38384,10,1
2997847,24838,11,0
2998542,32478,1,1
2998542,25653,2,1
2998542,16283,3,0
2999197,43693,1,1
2999197,43209,2,1
2999197,16797,3,1
2999197,6142,4,0
2999197,27428,5,1
2999197,30361,6,0
2999197,38739,7,1
2999197,32303,8,1
2999197,44542,9,1
2999197,19421,10,0
2999197,9582,11,0
2999197,44319,12,0
2999197,48568,13,0
2999197,17008,14,1
2999197,3243,15,0
2999197,30827,16,1
2999197,23734,17,1
2999197,13654,18,0
2999197,30162,19,1
2999197,33357,20,1
2999197,28199,21,1
2999197,27526,22,1
3000158,24964,1,0
3000158,15261,2,1
3000158,47626,3,0
3001214,5479,1,1
3002349,6410,1,1
3002349,43371,2,0
3002349,42625,3,0
3002349,45007,4,0
3002349,38996,5,0
3002349,43789,6,0
3002349,24852,7,1
3002349,20119,8,1
3002349,37509,9,1
3002349,16152,10,1
3003692,8955,1,1
3003692,47626,2,1
3003692,14233,3,1
3003692,40709,4,1
3003692,19057,5,1
3003692,47890,6,1
3003692,45007,7,1
3003692,11408,8,1
3003692,21616,9,1
3007039,49030,1,1
3007039,33768,2,1
3007291,21153,1,1
3007291,46032,2,0
3007291,45588,3,0
3007291,42998,4,0
3007291,19653,5,0
3007291,31981,6,1
3007291,5750,7,0
3007291,24852,8,1
3007291,3885,9,0
3007291,43304,10,0
3007291,18814,11,0
3007291,34635,12,0
3007291,32099,13,0
3007291,38553,14,0
3007291,4497,15,0
3008078,6635,1,1
3008078,27323,2,1
3008078,36086,3,1
3008078,469,4,0
3008078,46572,5,0
3008078,15866,6,0
3008078,22395,7,1
3008078,16043,8,0
3008078,33589,9,1
3008078,6119,10,1
3008078,42460,11,1
3008078,22866,12,1
3008525,27845,1,1
3008525,28122,2,1
3008525,35364,3,1
3008525,13779,4,1
3008525,38985,5,1
3008525,25055,6,1
3008525,32781,7,1
3008525,22969,8,1
3010492,2086,1,1
3010492,4562,2,1
3010492,15613,3,1
3010492,4363,4,0
3010492,14129,5,0
3010492,22247,6,1
3010492,11440,7,0
3010492,14874,8,0
3010492,20995,9,0
3010492,48110,10,1
3010492,1882,11,1
3010492,18337,12,0
3010492,31371,13,0
3010492,21413,14,0
3010516,43772,1,1
3010516,44142,2,1
3010516,169,3,1
3010516,23341,4,1
3010516,27316,5,1
3010516,2536,6,1
3010516,21938,7,1
3010516,7600,8,1
3010516,24838,9,0
3011969,27845,1,1
3011969,4848,2,1
3011969,42700,3,1
3011969,34658,4,1
3011969,40392,5,0
3011969,46979,6,1
3011969,33352,7,0
3011969,28204,8,1
3011969,47766,9,1
3011969,2822,10,0
3013407,24852,1,1
3013407,13263,2,0
3013407,36865,3,0
3013407,43662,4,0
3013407,40254,5,0
3014325,6410,1,0
3014325,42191,2,0
3016864,39275,1,1
3017726,42736,1,1
3017726,20082,2,1
3017726,1511,3,1
3017726,45066,4,1
3017726,21903,5,1
3017726,7669,6,1
3017726,33572,7,1
3017726,22825,8,1
3017726,4920,9,1
3019998,26298,1,0
3019998,13447,2,0
3019998,21500,3,0
3019998,6300,4,0
3019998,18465,5,0
3019998,5821,6,0
3019998,11005,7,0
3019998,23537,8,0
3019998,12113,9,0
3019998,23516,10,0
3022679,7649,1,0
3022679,21903,2,0
3022679,41149,3,1
3022679,13646,4,1
3022679,20842,5,1
3022679,2361,6,0
3023609,45066,1,0
3023609,4605,2,1
3023609,34466,3,1
3023963,36865,1,1
3023963,8309,2,1
3023963,38275,3,1
3023963,15613,4,0
3023963,8467,5,0
3023963,47209,6,1
3023963,6046,7,0
3023963,8424,8,1
3023963,30391,9,0
3023963,48679,10,0
3023963,20512,11,0
3023963,38689,12,0
3023963,45504,13,0
3023963,14486,14,0
3023963,26369,15,1
3023963,10246,16,0
3027209,47766,1,1
3027209,18027,2,1
3027209,11140,3,1
3027209,28849,4,1
3027209,11097,5,1
3027209,3952,6,0
3027209,24852,7,1
3027209,33232,8,0
3027209,23726,9,0
3027209,42183,10,1
3027640,24852,1,1
3027640,4920,2,1
3027640,43295,3,1
3027640,38456,4,1
3027640,46906,5,1
3027640,9604,6,1
3027640,21903,7,1
3027640,21137,8,1
3027850,13176,1,1
3027850,33572,2,1
3027850,24535,3,1
3027850,46654,4,1
3027850,22935,5,1
3027850,21903,6,1
3027850,4920,7,1
3027850,7021,8,1
3027850,49683,9,1
3027850,14364,10,1
3027850,21938,11,1
3027850,26369,12,1
3027850,47209,13,1
3027850,8174,14,0
3027850,37646,15,0
3027850,18963,16,0
3027850,25256,17,1
3027850,27845,18,1
3027850,24964,19,1
3027850,40706,20,0
3027850,691,21,0
3027850,16196,22,0
3027850,22343,23,0
3027850,39569,24,0
3028743,38239,1,1
3028743,20125,2,1
3028743,13176,3,1
3028743,19821,4,1
3028743,17600,5,1
3028743,39877,6,1
3028743,21137,7,1
3028743,32935,8,1
3028743,34262,9,1
3028743,8021,10,1
3028743,25753,11,1
3028743,38293,12,1
3028743,23805,13,1
3028743,46313,14,1
3028743,1374,15,1
3031739,38427,1,0
3031739,26209,2,0
3031739,43735,3,1
3031739,46979,4,1
3031739,47626,5,1
3031739,14347,6,1
3032164,24964,1,1
3032164,46667,2,1
3032164,28985,3,1
3032164,17794,4,1
3032164,47890,5,1
3032164,8424,6,0
3032164,34243,7,0
3032164,43768,8,1
3032164,45007,9,1
3032164,22935,10,1
3032164,16349,11,0
3032164,43086,12,1
3032164,30391,13,1
3032164,21903,14,1
3032164,8174,15,0
3032164,26096,16,0
3032164,13176,17,1
3032164,21137,18,0
3032164,45570,19,1
3032164,25919,20,1
3032164,33401,21,1
3032164,16521,22,1
3032164,39619,23,1
3032164,18479,24,1
3032164,18362,25,1
3032164,22035,26,1
3032164,16185,27,1
3032164,32230,28,0
3032164,20957,29,0
3032164,24499,30,0
3032164,48109,31,0
3032164,7705,32,0
3032164,41624,33,0
3032164,24561,34,1
3032164,5479,35,0
3032765,49683,1,1
3034450,27845,1,1
3034450,24852,2,1
3034450,35045,3,1
3034450,2326,4,1
3034450,46304,5,0
3034450,8277,6,0
3034450,38988,7,1
3034450,28745,8,1
3034450,30442,9,0
3034450,40054,10,0
3034450,32433,11,0
3034450,39024,12,0
3034450,40689,13,1
3034450,22343,14,0
3034450,21137,15,1
3034450,9076,16,0
3034450,42460,17,1
3034450,30406,18,0
3034450,46720,19,0
3034450,14778,20,0
3034450,25513,21,1
3034450,26620,22,1
3034450,39947,23,0
3034689,47000,1,0
3034689,21195,2,0
3034689,30021,3,0
3034689,10898,4,1
3034689,25804,5,1
3034689,2717,6,1
3034689,44632,7,1
3034689,21709,8,1
3034689,49191,9,0
3034689,20392,10,1
3034689,27464,11,1
3034689,48086,12,1
3034689,18362,13,1
3034689,21372,14,1
3034689,38456,15,1
3034689,3308,16,1
3034689,4086,17,1
3034689,4619,18,1
3034689,36885,19,1
3034689,36545,20,1
3034689,47457,21,1
3034689,48825,22,1
3034689,4136,23,0
3034689,23115,24,0
3035980,40174,1,1
3035980,4945,2,1
3035980,40706,3,1
3035980,7676,4,1
3035980,39928,5,1
3035980,24852,6,1
3035980,45066,7,1
3035980,7669,8,1
3035980,4920,9,1
3035980,21298,10,1
3035980,29244,11,1
3035980,13447,12,1
3037470,19887,1,1
3037470,11266,2,1
3038639,117,1,1
3038639,48857,2,1
3038639,38689,3,1
3038639,22849,4,1
3038639,9598,5,1
3038639,14874,6,1
3038639,33754,7,1
3038639,21555,8,1
3038639,33529,9,1
3038639,48953,10,1
3038639,24964,11,1
3038639,7128,12,1
3038639,33290,13,1
3038639,20309,14,1
3038639,42075,15,1
3038639,3376,16,1
3038639,37973,17,1
3038639,15085,18,1
3038639,41860,19,0
3038639,47547,20,0
3038639,42356,21,1
3038639,12962,22,0
3038639,9385,23,1
3038639,26634,24,0
3038639,18367,25,0
3038795,49522,1,1
3038795,3374,2,1
3039209,24964,1,0
3039209,37270,2,0
3039209,13014,3,1
3039209,48204,4,0
3039209,14678,5,0
3039209,24852,6,1
3039209,47766,7,0
3039209,23622,8,1
3039209,21903,9,1
3039209,42585,10,1
3039209,12916,11,1
3039209,8424,12,1
3039209,47144,13,1
3039209,48881,14,1
3039209,4792,15,0
3039209,45063,16,1
3039209,16759,17,0
3039209,3697,18,0
3039731,31506,1,0
3039731,22882,2,1
3039731,11171,3,0
3039731,34394,4,1
3039731,47144,5,1
3039731,47516,6,0
3042612,34969,1,1
3042612,46979,2,1
3042612,11422,3,1
3042612,32033,4,1
3042612,33568,5,1
3042612,48278,6,1
3042612,7969,7,1
3042612,4317,8,0
3042612,16797,9,1
3042612,8519,10,0
3043334,24489,1,0
3043334,19019,2,0
3043334,21616,3,0
3043334,18702,4,0
3043334,4942,5,0
3043334,46654,6,0
3043334,47114,7,0
3044251,10685,1,1
3044251,3835,2,1
3044251,29410,3,1
3044251,39475,4,1
3044251,30233,5,0
3044251,46227,6,1
3044260,43352,1,1
3044260,21288,2,1
3044484,24852,1,1
3044484,46654,2,1
3044484,21607,3,1
3044484,48395,4,1
3044484,19660,5,1
3044484,42450,6,1
3044484,34217,7,1
3044484,17568,8,1
3044484,37766,9,0
3044484,13802,10,0
3046762,7781,1,1
3046762,22124,2,1
3046762,20082,3,1
3046762,21616,4,1
3046762,47766,5,1
3046762,46969,6,1
3046762,24852,7,1
3046762,27966,8,1
3046762,21137,9,1
3046762,29752,10,1
3046762,26177,11,0
3046762,38838,12,1
3046762,22474,13,1
3046762,45537,14,1
3046762,39850,15,1
3046812,39589,1,1
3046812,15946,2,0
3046812,13176,3,1
3046812,37199,4,1
3046812,37664,5,1
3046812,46636,6,0
3046812,3880,7,1
3046812,16521,8,1
3046812,23726,9,0
3046812,21405,10,1
3046812,41834,11,1
3046812,31717,12,1
3046812,18849,13,0
3046812,45007,14,1
3046812,41010,15,0
3046812,3142,16,0
3052336,28934,1,1
3052336,11140,2,1
3052336,5370,3,1
3052336,22031,4,1
3052336,21628,5,1
3052336,21019,6,1
3052718,3952,1,1
3052718,32655,2,1
3052718,48697,3,1
3052718,35072,4,1
3052718,21724,5,0
3052718,26209,6,1
3052718,31717,7,1
3052718,35939,8,0
3052718,19398,9,1
3052718,40593,10,1
3052718,43735,11,0
3052718,9499,12,0
3052718,1751,13,1
3052718,46667,14,1
3052718,1757,15,0
3052718,21417,16,0
3052718,8025,17,0
3052718,33043,18,0
3052718,26568,19,0
3052718,40472,20,0
3052718,4461,21,0
3052718,47526,22,1
3052718,26283,23,0
3052718,42443,24,1
3052718,24263,25,1
3052718,40723,26,1
3052718,21429,27,1
3052718,21903,28,1
3052718,8518,29,1
3053817,23383,1,1
3053817,21137,2,1
3053817,40706,3,1
3053817,39275,4,1
3053817,11782,5,0
3053817,25588,6,0
3053817,24390,7,0
3053817,10305,8,0
3053817,38557,9,1
3053817,32429,10,1
3053817,21616,11,1
3053817,43789,12,1
3053817,46627,13,1
3053817,18618,14,0
3053817,37938,15,0
3053817,44182,16,0
3053817,35769,17,1
3053817,32665,18,0
3053817,3849,19,0
3055700,46820,1,1
3055700,47209,2,1
3055700,1503,3,1
3055700,46802,4,1
3055700,12914,5,1
3055700,32864,6,1
3055700,7673,7,1
3055700,13829,8,1
3055700,32689,9,1
3055700,46979,10,1
3057869,42244,1,0
3057869,3339,2,0
3057869,15613,3,0
3057869,33120,4,0
3057869,27845,5,0
3057869,24154,6,0
3059741,24852,1,1
3059741,40354,2,1
3059741,39408,3,1
3059741,38121,4,1
3059741,28994,5,1
3059741,21288,6,1
3059741,9387,7,1
3065294,35946,1,1
3065294,40332,2,1
3065294,37141,3,1
3065294,25108,4,1
3065294,30441,5,1
3065294,39993,6,0
3065294,39215,7,1
3065294,43568,8,1
3065294,6974,9,1
3065294,30352,10,1
3065294,351,11,0
3065294,5548,12,0
3065294,39408,13,0
3065294,36130,14,0
3065294,40261,15,0
3065294,49677,16,0
3065294,23011,17,0
3066963,21137,1,0
3069507,196,1,1
3069507,9434,2,0
3069661,24721,1,1
3069661,21938,2,0
3069661,23400,3,0
3069661,16137,4,0
3069661,2024,5,0
3069661,45664,6,0
3069661,33279,7,0
3070593,47766,1,1
3070593,22677,2,1
3070593,28985,3,1
3070593,30391,4,1
3070593,43961,5,1
3070593,45104,6,1
3070593,21614,7,1
3070593,45603,8,1
3070593,13380,9,0
3070593,21903,10,1
3070593,42699,11,1
3070593,37687,12,0
3070593,44882,13,1
3070593,39560,14,1
3070771,6182,1,1
3070771,35986,2,1
3070771,30718,3,1
3070771,13176,4,1
3071756,19348,1,1
3071756,24838,2,0
3071756,16825,3,0
3071756,1712,4,1
3071756,28769,5,0
3071756,7480,6,0
3071756,36554,7,0
3071756,28656,8,0
3072984,28906,1,0
3072984,23334,2,0
3072984,43619,3,0
3072984,37067,4,1
3072984,27086,5,1
3072984,41806,6,1
3072984,4809,7,1
3072984,21903,8,1
3072984,24489,9,1
3072984,21462,10,1
3072984,10685,11,1
3072984,38739,12,1
3072984,8012,13,1
3072984,29268,14,1
3072984,31004,15,1
3072984,42450,16,1
3072984,10529,17,1
3072984,10337,18,0
3072984,45957,19,1
3072984,42701,20,1
3072984,31343,21,1
3072984,258,22,1
3072984,31533,23,1
3072984,17027,24,1
3072984,9598,25,1
3072984,31041,26,0
3072984,36315,27,0
3072984,3682,28,0
3072984,17721,29,0
3072984,37464,30,0
3072984,1463,31,1
3072984,4145,32,0
3072984,39837,33,0
3072984,23263,34,0
3072984,42613,35,0
3072984,37103,36,0
3074962,22035,1,1
3074962,42450,2,1
3074962,6046,3,1
3078459,6177,1,0
3078459,2433,2,0
3078459,40706,3,0
3078459,44142,4,0
3078459,41540,5,0
3078459,21903,6,0
3078459,42534,7,0
3078459,25776,8,0
3080036,26317,1,0
3081118,21137,1,1
3081118,22802,2,1
3081118,31805,3,1
3084107,47766,1,0
3084107,32433,2,1
3084107,46676,3,0
3084107,22849,4,1
3084107,2210,5,1
3085684,21997,1,1
3085684,6813,2,0
3085684,19145,3,0
3085684,32000,4,1
3085684,44614,5,0
3088280,49383,1,0
3088280,30391,2,1
3088280,31073,3,1
3088280,43647,4,0
3088280,21137,5,0
3088280,29668,6,0
3088280,34126,7,1
3088280,41220,8,1
3088280,35951,9,1
3088280,47209,10,1
3088280,38293,11,1
3088280,37067,12,0
3088970,18656,1,1
3088970,42256,2,0
3088970,5450,3,1
3088970,31717,4,1
3088970,45674,5,1
3088970,11461,6,0
3088970,8506,7,0
3088970,33614,8,0
3088970,41178,9,1
3088970,13176,10,1
3088970,46979,11,0
3088970,8424,12,0
3088970,10673,13,0
3088970,44799,14,0
3089385,42828,1,1
3089385,13877,2,1
3089385,19660,3,1
3089385,13128,4,1
3089385,13176,5,1
3089385,44910,6,1
3090054,14947,1,1
3090054,19173,2,0
3090054,26209,3,1
3090054,31717,4,0
3090054,33672,5,0
3090054,18696,6,0
3090054,18011,7,0
3090054,18880,8,0
3090054,21137,9,1
3090054,12797,10,1
3090054,20114,11,0
3090054,14647,12,0
3090054,35561,13,0
3090054,21872,14,0
3090054,40706,15,0
3090054,47626,16,0
3091732,24852,1,1
3091732,5785,2,1
3091732,36011,3,1
3091732,11925,4,1
3091732,22367,5,1
3091732,44624,6,1
3091732,20734,7,1
3091732,9666,8,1
3091732,41315,9,1
3091732,47766,10,0
3091732,42110,11,1
3091732,22922,12,1
3091732,39216,13,1
3091732,23374,14,1
3091732,31506,15,1
3091732,10339,16,0
3091732,17530,17,0
3092588,33768,1,1
3092588,9535,2,1
3092588,30764,3,0
3092775,6760,1,0
3093390,42736,1,0
3093390,47626,2,1
3093390,27171,3,0
3093390,47866,4,0
3093390,23645,5,0
3093963,39657,1,1
3093963,6184,2,1
3093963,43352,3,1
3093963,13176,4,0
3093963,16797,5,0
3093963,12341,6,0
3093963,25878,7,0
3093963,35561,8,0
3094550,43392,1,0
3094550,2002,2,0
3094550,27521,3,1
3094550,30776,4,1
3094550,11182,5,1
3094550,40545,6,1
3094550,47209,7,1
3094550,17794,8,1
3094550,9387,9,0
3097848,5640,1,1
3097848,5575,2,1
3097848,38944,3,1
3097848,21903,4,1
3097848,43210,5,1
3097848,35939,6,1
3097848,18146,7,1
3097848,26209,8,1
3097848,21616,9,1
3097848,37067,10,1
3097848,21137,11,1
3097848,37355,12,1
3097848,39569,13,0
3097848,11520,14,1
3097848,18829,15,1
3097848,48109,16,0
3097848,45620,17,0
3097938,21938,1,0
3100098,644,1,1
3100098,24985,2,1
3100098,36315,3,1
3100098,19612,4,1
3100098,39928,5,1
3100098,8174,6,1
3100098,21253,7,1
3100098,14960,8,1
3100098,18465,9,1
3100098,36164,10,1
3100098,44193,11,1
3100098,44359,12,1
3100456,11306,1,0
3100456,46650,2,1
3100456,3594,3,1
3100456,44325,4,0
3100456,41486,5,0
3100456,8020,6,0
3100456,11827,7,1
3100456,11307,8,0
3100456,22275,9,0
3100653,1,1,0
3100653,40199,2,0
3104193,34816,1,0
3104193,31562,2,0
3104193,12845,3,0
3104193,1025,4,0
3104193,28985,5,0
3104193,19048,6,0
3104193,5438,7,1
3104193,31553,8,0
3104193,24082,9,0
3104193,18609,10,0
3104733,22035,1,1
3104733,48679,2,1
3104733,13176,3,1
3104733,31717,4,1
3104733,12935,5,1
3109619,31717,1,1
3109619,26209,2,1
3109619,4605,3,1
3109619,47626,4,1
3109619,11068,5,1
3109619,18078,6,1
3109619,5450,7,1
3109619,41463,8,1
3109619,19584,9,1
3109619,25890,10,1
3109619,19003,11,0
3109619,10603,12,1
3109619,37646,13,1
3109619,24852,14,0
3109619,22825,15,1
3109619,20520,16,1
3109619,20114,17,1
3109619,46901,18,1
3109619,36940,19,0
3109619,17794,20,1
3109619,32369,21,0
3109619,7021,22,0
3109619,22963,23,0
3110812,29640,1,1
3110812,25830,2,0
3110812,32403,3,1
3110812,8390,4,0
3110812,4920,5,1
3110812,43638,6,0
3110812,5976,7,0
3110812,49279,8,1
3110812,15178,9,0
3110812,5067,10,0
3110812,31683,11,0
3110812,12986,12,0
3111483,20842,1,0
3111483,4889,2,0
3111483,1365,3,1
3113074,37774,1,1
3113196,44533,1,1
3113196,47221,2,1
3113196,47626,3,1
3113196,32072,4,1
3113196,30393,5,1
3113196,11973,6,1
3113196,27056,7,1
3113196,40113,8,1
3113196,44585,9,1
3113196,29345,10,1
3113196,18201,11,1
3113196,13286,12,1
3113196,46131,13,1
3113196,9941,14,1
3113196,44142,15,1
3113196,2646,16,1
3113196,15024,17,1
3113196,24097,18,1
3113196,8377,19,1
3113196,27323,20,1
3113196,31486,21,1
3113196,11676,22,1
3113196,14996,23,0
3113196,15805,24,1
3113196,39803,25,0
3113196,18357,26,0
3113196,38273,27,0
3113196,36086,28,0
3113196,37507,29,0
3113196,34003,30,0
3113196,26759,31,0
3113196,42851,32,0
3115798,21137,1,1
3115798,26604,2,1
3115798,19171,3,1
3115798,27156,4,1
3115798,43352,5,1
3115798,17794,6,1
3115798,38453,7,1
3115798,5212,8,1
3116788,16994,1,1
3116788,3265,2,1
3116788,13176,3,1
3116788,48015,4,1
3116788,27966,5,1
3116788,25300,6,1
3116788,8460,7,1
3116788,27325,8,1
3116788,39299,9,1
3116788,33614,10,1
3116788,41354,11,1
3116788,24830,12,1
3116788,37158,13,1
3116788,5547,14,1
3116788,46041,15,1
3116788,34080,16,1
3116788,8352,17,1
3116788,24184,18,0
3116788,31660,19,0
3116788,37119,20,0
3116788,26790,21,0
3116788,21334,22,1
3116788,39877,23,0
3116788,34969,24,1
3116788,23574,25,1
3116788,35951,26,0
3119459,13166,1,1
3119459,24552,2,0
3119459,20583,3,1
3121234,6184,1,1
3121234,13176,2,1
3121234,49235,3,1
3121234,10326,4,1
3125114,21288,1,1
3125114,19343,2,0
3125320,45793,1,1
3125320,43018,2,1
3125320,35210,3,1
3125320,15633,4,1
3125320,24184,5,1
3125320,32677,6,1
3125320,29487,7,1
3125320,21938,8,1
3125320,41276,9,1
3125320,40278,10,0
3127299,17721,1,1
3127299,29447,2,1
3127299,21137,3,0
3127299,33303,4,1
3127299,10644,5,1
3127299,33000,6,0
3127299,46984,7,1
3127299,28715,8,1
3127299,40078,9,1
3127299,39275,10,0
3127299,27344,11,0
3127299,30859,12,1
3127299,28928,13,0
3127299,37067,14,0
3127299,18362,15,1
3128272,907,1,1
3128272,25379,2,0
3129366,41359,1,1
3129366,5077,2,1
3129366,18205,3,0
3129366,7260,4,1
3129366,8594,5,1
3129366,41994,6,1
3129366,18272,7,1
3129366,19019,8,1
3129366,8518,9,1
3129366,8381,10,1
3129366,37646,11,0
3129366,33705,12,1
3129366,4461,13,0
3129366,2822,14,0
3129366,9224,15,0
3129366,31506,16,0
3129366,24964,17,1
3129366,24507,18,0
3129366,21616,19,0
3129366,14429,20,0
3129366,34126,21,1
3129366,5876,22,0
3131405,27845,1,1
3131405,2982,2,1
3131405,47766,3,1
3131405,21903,4,1
3131405,20995,5,1
3131405,1215,6,0
3131405,4428,7,0
3131405,5959,8,0
3131405,35921,9,0
3131405,45646,10,0
3131405,24891,11,1
3131405,35926,12,0
3132037,29405,1,1
3132037,22825,2,1
3132037,15290,3,1
3132037,26790,4,1
3132037,24954,5,1
3132037,6001,6,1
3132037,28849,7,1
3132037,27307,8,1
3132037,45,9,1
3132037,16185,10,1
3132037,28204,11,1
3132037,37825,12,1
3132037,4799,13,1
3132037,26604,14,1
3132037,22298,15,1
3132037,18727,16,1
3132037,10025,17,1
3132037,39427,18,1
3132037,21137,19,1
3132037,35946,20,1
3132037,32412,21,1
3132037,1749,22,1
3132037,28934,23,1
3132037,32734,24,0
3132037,9648,25,1
3134468,41352,1,1
3134874,13176,1,1
3134874,1194,2,1
3134874,24838,3,1
3134874,27392,4,1
3134874,4792,5,1
3134874,4920,6,0
3134874,21137,7,0
3134874,39275,8,0
3134874,39470,9,0
3134874,5677,10,0
3134874,28334,11,0
3134874,2353,12,0
3134874,20460,13,0
3137580,21410,1,1
3137580,36170,2,1
3137580,28079,3,1
3137580,32942,4,1
3137580,38747,5,0
3137580,16797,6,1
3137580,39190,7,1
3137580,37449,8,1
3137580,34915,9,1
3137580,46041,10,1
3137580,23313,11,1
3137580,32813,12,0
3137580,29980,13,0
3137580,41844,14,1
3137580,43195,15,0
3137624,13176,1,1
3137624,32843,2,1
3137624,29091,3,1
3137624,21070,4,1
3137624,43504,5,1
3137624,10586,6,1
3137624,15693,7,1
3137624,33198,8,1
3137624,38293,9,1
3137624,33000,10,1
3137624,32864,11,1
3137624,18382,12,1
3137624,23233,13,1
3137624,45211,14,1
3137624,27288,15,1
3137624,29077,16,1
3137624,4367,17,1
3137624,25407,18,0
3137624,38223,19,0
3137624,1335,20,0
3137624,49044,21,0
3137624,4812,22,0
3137624,30192,23,0
3137624,31504,24,0
3137624,44787,25,0
3137624,37003,26,0
3137624,43968,27,0
3137624,22935,28,1
3137624,24964,29,0
3137624,48094,30,0
3137624,21903,31,1
3137624,4799,32,0
3137624,34126,33,0
3137624,26047,34,1
3137624,20788,35,1
3137624,47626,36,1
3137624,27845,37,1
3137624,41950,38,1
3137624,23879,39,1
3137624,6046,40,1
3137624,30233,41,0
3137624,8608,42,0
3141521,32303,1,1
3141521,13176,2,1
3141521,21780,3,1
3141521,35269,4,0
3141876,27307,1,0
3141876,46109,2,0
3141876,39032,3,0
3141876,23142,4,0
3141876,48205,5,1
3142592,13733,1,0
3142592,39162,2,1
3142592,14678,3,1
3142592,47042,4,1
3142592,13176,5,1
3146062,48366,1,1
3146344,18339,1,1
3146344,8193,2,1
3146344,14727,3,1
3146344,38510,4,1
3146344,41480,5,1
3146344,48299,6,1
3146344,21795,7,1
3146344,9261,8,1
3146344,2094,9,1
3146344,30057,10,1
3146344,24097,11,1
3146344,17634,12,1
3146344,32441,13,1
3146344,35234,14,1
3146344,1689,15,1
3146344,45007,16,1
3146344,36164,17,1
3146344,34969,18,1
3146344,20589,19,1
3146344,45364,20,1
3146344,15355,21,1
3146344,10549,22,1
3146344,34456,23,1
3146344,14903,24,1
3146344,2668,25,1
3146344,2027,26,1
3146535,32655,1,1
3146535,45007,2,1
3146535,20738,3,1
3146535,21903,4,1
3146535,40706,5,1
3146535,11005,6,1
3146875,22882,1,0
3146875,48071,2,0
3147795,2086,1,0
3147795,30480,2,1
3147795,45066,3,1
3147795,47626,4,1
3147795,28934,5,1
3147795,36070,6,1
3147795,47144,7,1
3147795,24184,8,1
3147795,42903,9,1
3147795,32465,10,1
3147795,17794,11,1
3147795,7021,12,0
3147795,31562,13,0
3147795,1025,14,1
3149098,26620,1,1
3149098,37766,2,1
3149098,16797,3,1
3149098,22866,4,1
3149098,36086,5,1
3149098,18337,6,1
3149098,16152,7,1
3149098,44539,8,1
3149098,47087,9,0
3149098,42114,10,0
3149098,26135,11,0
3149098,9076,12,1
3149098,5711,13,1
3149098,37374,14,0
3149098,6471,15,0
3149098,17819,16,0
3149098,9895,17,1
3149098,38726,18,1
3149098,11874,19,1
3149098,45104,20,0
3150875,21133,1,1
3150875,2855,2,1
3150875,44843,3,0
3150875,35762,4,0
3150875,45005,5,0
3150875,12476,6,1
3150875,4137,7,0
3151742,28698,1,0
3151742,28853,2,0
3151742,18418,3,1
3153047,4792,1,0
3153047,4366,2,1
3153047,47144,3,1
3153047,42756,4,1
3153047,20842,5,1
3153047,28553,6,0
3153047,248,7,0
3153047,47209,8,1
3153047,19180,9,1
3153047,40396,10,1
3153058,33548,1,1
3153058,46817,2,1
3153058,12481,3,1
3153058,24852,4,1
3153058,47877,5,1
3153058,22021,6,1
3153058,49227,7,1
3153058,15896,8,1
3153058,36866,9,0
3153883,33909,1,1
3153883,19348,2,1
3153883,34234,3,0
3153883,1940,4,1
3153883,43772,5,0
3153883,34969,6,1
3153883,40203,7,1
3153883,4932,8,0
3154931,25093,1,1
3154931,21560,2,1
3154931,27845,3,1
3154931,24852,4,1
3154931,35221,5,1
3154931,43076,6,1
3154931,27344,7,1
3154931,25890,8,1
3154931,21903,9,1
3154931,7379,10,1
3154931,16185,11,1
3154931,42244,12,0
3154931,424,13,1
3154931,24184,14,1
3154931,21709,15,1
3154931,9364,16,1
3154931,19511,17,1
3154931,21614,18,1
3154931,31640,19,1
3154931,16797,20,0
3154931,11782,21,1
3154931,29195,22,1
3154931,41950,23,1
3154931,27104,24,1
3154931,42342,25,0
3154931,47900,26,0
3154931,7330,27,0
3154931,40604,28,0
3154931,2450,29,0
3154931,42585,30,0
3156015,37065,1,1
3156015,33198,2,1
3156015,38679,3,1
3156215,3230,1,1
3156215,24852,2,1
3156215,13475,3,1
3156215,40583,4,1
3156215,37065,5,1
3156215,21903,6,1
3156215,26294,7,1
3156215,28204,8,1
3156215,45066,9,1
3156215,30789,10,1
3156215,27521,11,1
3156215,27336,12,1
3156215,26131,13,0
3156215,8490,14,0
3156215,20114,15,0
3156215,47866,16,0
3156215,30720,17,0
3156215,41787,18,0
3156215,22825,19,0
3156215,42579,20,0
3156215,25256,21,0
3156215,8021,22,0
3156215,48383,23,0
3156215,21809,24,0
3156215,23405,25,0
3156215,46616,26,0
3156215,43192,27,0
3156215,36929,28,0
3156222,14233,1,1
3156222,39947,2,1
3156222,12576,3,1
3156222,45747,4,1
3156222,27336,5,1
3156222,19057,6,1
3156222,8174,7,0
3156222,38456,8,1
3156222,39275,9,0
3156222,13176,10,1
3156222,23835,11,0
3156222,2311,12,0
3156222,40778,13,1
3156222,9047,14,1
3156222,11107,15,0
3156222,9755,16,0
3156314,27356,1,0
3156314,3603,2,0
3156314,28597,3,0
3156314,39781,4,0
3156314,23959,5,0
3156314,23192,6,0
3156314,42255,7,0
3156314,14867,8,0
3156314,30020,9,1
3156314,2949,10,1
3156314,3919,11,1
3156314,45123,12,0
3156314,45005,13,0
3156314,33747,14,0
3156314,36315,15,0
3158387,20113,1,1
3158387,17949,2,1
3158387,12916,3,1
3158387,33198,4,1
3158387,10753,5,1
3158387,27086,6,1
3158387,1360,7,1
3158387,21009,8,1
3158387,40063,9,1
3158387,17847,10,1
3158387,32327,11,0
3158387,9430,12,1
3158387,24838,13,1
3159804,25001,1,0
3159804,47366,2,1
3159804,24852,3,1
3159804,18805,4,1
3159804,47815,5,1
3159804,34234,6,1
3159804,15541,7,1
3159804,6704,8,1
3159804,4736,9,0
3161366,21380,1,1
3161366,24852,2,1
3161366,49235,3,1
3161366,20119,4,1
3161366,35221,5,1
3161366,26620,6,1
3161366,31964,7,1
3161366,27275,8,0
3161366,17191,9,0
3161366,21137,10,1
3161366,4920,11,1
3161366,26790,12,1
3161366,42356,13,1
3161366,4656,14,1
3161366,11737,15,1
3161366,31288,16,1
3161366,10768,17,1
3161366,8670,18,0
3161366,22935,19,0
3161366,47626,20,0
3161366,24964,21,0
3161366,35050,22,0
3161366,1577,23,0
3161366,13517,24,1
3161366,38772,25,1
3161366,2450,26,0
3161449,4932,1,1
3161449,18811,2,1
3161449,31717,3,1
3161449,12935,4,1
3162697,46802,1,1
3162697,11182,2,1
3163556,29345,1,0
3163556,2536,2,0
3163556,39680,3,0
3163556,39108,4,1
3163556,46676,5,1
3164230,21288,1,1
3164230,20518,2,1
3165910,4198,1,0
3165910,19495,2,1
3165910,15164,3,1
3165910,42535,4,0
3165910,37436,5,0
3165910,39139,6,0
3165910,46274,7,0
3165924,20298,1,1
3165924,3967,2,1
3165924,47993,3,1
3165924,1104,4,1
3165924,343,5,1
3165924,39275,6,0
3165924,32691,7,1
3165924,16192,8,0
3165924,4535,9,1
3165924,27770,10,1
3165924,25783,11,1
3166554,23909,1,1
3166554,23082,2,1
3166554,31049,3,1
3166554,28515,4,1
3166554,26472,5,1
3166554,42518,6,1
3166554,46572,7,1
3166554,13654,8,1
3166554,24852,9,1
3166554,1464,10,1
3166554,46107,11,1
3167458,27845,1,1
3167458,30489,2,1
3167458,47626,3,1
3167458,44359,4,1
3171927,42719,1,0
3171927,28224,2,0
3171927,29658,3,0
3171927,5876,4,0
3171927,11060,5,0
3171927,29077,6,0
3171927,27086,7,0
3177656,8843,1,1
3177656,12899,2,0
3177656,16425,3,0
3180613,43394,1,1
3180613,24852,2,1
3180613,1234,3,1
3180613,33768,4,1
3180613,9210,5,1
3180613,2732,6,1
3180613,43066,7,1
3180613,28553,8,1
3180613,34497,9,1
3180613,21775,10,1
3180613,35108,11,1
3180613,47630,12,1
3184646,26620,1,1
3184646,17191,2,1
3184646,10061,3,1
3184646,8477,4,0
3184737,4920,1,1
3184737,10326,2,1
3184737,21903,3,1
3184737,38768,4,1
3184982,49383,1,0
3184982,11182,2,0
3184982,10621,3,1
3184982,36389,4,1
3184982,16083,5,1
3192660,13176,1,1
3192660,22142,2,1
3192660,34466,3,1
3192660,5715,4,1
3192660,25890,5,0
3192660,34658,6,0
3193576,914,1,0
3193576,46783,2,0
3193576,21086,3,0
3193576,27985,4,0
3193576,40739,5,0
3193576,48769,6,0
3197777,30696,1,1
3197777,33894,2,1
3197777,44475,3,1
3197777,20995,4,0
3197777,13166,5,0
3197777,16797,6,1
3197777,13802,7,1
3197777,33614,8,1
3197777,44199,9,0
3197777,29993,10,0
3197777,44098,11,1
3197777,37474,12,1
3197777,21410,13,0
3197777,32784,14,1
3197777,13702,15,1
3197777,23734,16,0
3197777,27196,17,0
3197777,311,18,0
3197777,34321,19,0
3197777,24012,20,0
3197777,7781,21,0
3197777,10569,22,1
3197777,39844,23,0
3197777,34424,24,0
3197777,10460,25,0
3197777,36263,26,0
3197777,9541,27,1
3197777,5097,28,0
3197777,46748,29,1
3197777,17122,30,1
3197777,5532,31,0
3197777,1263,32,0
3197777,18180,33,0
3198841,43961,1,1
3201947,21709,1,1
3201947,24852,2,1
3201947,20119,3,1
3201947,16696,4,1
3201947,10473,5,1
3201947,42633,6,1
3201947,23322,7,1
3201947,17825,8,1
3201947,23909,9,1
3201947,29443,10,1
3202056,8639,1,1
3202056,34394,2,1
3202617,35921,1,1
3202617,24852,2,1
3202617,39032,3,1
3202617,19678,4,1
3202617,38058,5,1
3202617,42003,6,1
3202617,48205,7,1
3202617,4605,8,1
3202885,9683,1,0
3202885,34287,2,1
3202885,32650,3,1
3202885,32385,4,1
3205805,48364,1,0
3205805,5373,2,1
3205805,22395,3,0
3205805,16145,4,0
3205805,26668,5,0
3205805,16396,6,0
3205805,38647,7,0
3205805,45948,8,1
3205805,19862,9,1
3205805,13176,10,1
3205805,8277,11,1
3205805,31717,12,1
3205805,16589,13,1
3205805,9047,14,1
3205805,42508,15,1
3205805,11945,16,1
3205805,20113,17,1
3205805,21057,18,1
3205805,44632,19,1
3205805,48180,20,1
3205805,8483,21,0
3205805,27949,22,1
3207658,24852,1,1
3207658,4957,2,1
3207658,33754,3,1
3207658,43352,4,1
3207658,9387,5,1
3207658,16797,6,0
3207658,14493,7,1
3207658,5875,8,1
3207658,42265,9,0
3207658,34217,10,1
3207658,49215,11,1
3207658,2611,12,1
3207658,12324,13,1
3207658,2713,14,0
3207658,17898,15,1
3207658,17579,16,1
3207658,37388,17,1
3207658,13807,18,0
3207658,24631,19,0
3207658,6975,20,0
3207658,5699,21,0
3207658,42450,22,0
3207658,34635,23,1
3207658,31883,24,0
3208046,24852,1,1
3208046,21295,2,0
3208046,15459,3,0
3208046,48364,4,1
3208046,14218,5,1
3208046,17580,6,0
3208046,16797,7,0
3208046,34262,8,0
3208046,44359,9,0
3208046,47766,10,1
3208046,32465,11,0
3208046,28432,12,1
3208561,20940,1,1
3210578,48186,1,1
3210578,47766,2,1
3210578,14127,3,0
3210578,19678,4,1
3210578,18838,5,1
3211282,45698,1,1
3211282,21849,2,0
3211282,16568,3,0
3211282,13249,4,1
3211282,14875,5,0
3211282,26384,6,1
3211282,35534,7,0
3211282,40113,8,0
3211282,9139,9,0
3211282,48965,10,0
3211282,44229,11,0
3211282,43014,12,1
3211282,43568,13,0
3211282,3861,14,0
3211282,24908,15,0
3211282,2180,16,0
3211282,45042,17,0
3211282,34690,18,0
3211282,36280,19,0
3211282,32939,20,0
3211282,16221,21,0
3211381,43504,1,1
3211381,23801,2,0
3211381,18109,3,0
3211381,30162,4,1
3211381,43252,5,0
3212048,7131,1,1
3212048,15004,2,1
3212048,130,3,0
3212048,38768,4,1
3212048,5161,5,0
3212048,5258,6,0
3213744,10823,1,0
3213744,7360,2,0
3213744,47098,3,0
3213744,45296,4,0
3214465,37710,1,1
3214465,3265,2,0
3214465,30827,3,1
3214465,6184,4,0
3214465,27839,5,1
3216774,22108,1,1
3216774,23957,2,1
3216774,37886,3,1
3216774,28227,4,1
3216774,15999,5,1
3216774,37999,6,0
3216774,42341,7,1
3216774,33452,8,1
3216774,44085,9,1
3216774,41805,10,1
3216774,37183,11,0
3216774,40115,12,0
3216774,1464,13,1
3216774,21225,14,0
3216774,48552,15,1
3216774,37132,16,1
3216774,30340,17,1
3216774,43881,18,1
3216774,39300,19,0
3216774,7751,20,0
3216774,18796,21,0
3216774,27240,22,0
3216774,49269,23,0
3216774,31066,24,0
3216774,40746,25,0
3216774,28016,26,0
3216774,22786,27,0
3216774,5566,28,0
3216774,35124,29,0
3216774,23483,30,0
3217052,24852,1,1
3217052,29675,2,1
3217052,42342,3,0
3217052,16277,4,1
3217052,21872,5,1
3217052,30391,6,0
3217052,3988,7,1
3219578,47766,1,1
3219578,30962,2,1
3219578,34557,3,0
3219578,11520,4,0
3219578,8859,5,1
3219578,6326,6,0
3219578,27966,7,1
3219578,329,8,1
3219578,26209,9,1
3219578,4920,10,1
3219578,46667,11,1
3219578,2770,12,0
3219578,48559,13,1
3219578,2295,14,0
3219578,30463,15,0
3219578,4605,16,1
3220179,27741,1,1
3220179,21903,2,1
3220179,15290,3,1
3220179,24184,4,0
3220179,2295,5,0
3220179,3376,6,0
3220179,5450,7,1
3220179,47626,8,1
3220179,34358,9,1
3220179,22759,10,0
3220179,34126,11,0
3220179,33768,12,0
3220179,14992,13,0
3220179,4562,14,0
3220179,30953,15,0
3220179,21560,16,0
3220179,25542,17,0
3220179,45007,18,1
3220179,48745,19,1
3220179,29923,20,0
3220179,42083,21,0
3220179,34956,22,0
3221926,14261,1,0
3221926,31511,2,0
3221926,14444,3,0
3221926,9694,4,0
3221926,36133,5,0
3221926,38706,6,0
3221926,30696,7,0
3221926,4635,8,0
3225651,45504,1,1
3225651,13176,2,1
3225651,47766,3,1
3225651,24024,4,1
3225651,38544,5,1
3225651,18531,6,1
3225651,37718,7,1
3225651,21137,8,1
3225651,29292,9,0
3225651,38159,10,1
3225651,37646,11,1
3225651,26604,12,1
3225651,48857,13,1
3225651,39928,14,1
3225651,10108,15,1
3225651,33198,16,1
3225651,39877,17,1
3225651,22825,18,1
3225651,46206,19,1
3225651,28380,20,1
3225651,17938,21,1
3225651,24561,22,1
3225651,17170,23,0
3225651,33653,24,0
3225651,41665,25,1
3225651,8414,26,1
3225913,24852,1,1
3225913,21288,2,1
3225913,17864,3,1
3225913,43295,4,1
3225913,19604,5,1
3225913,47357,6,1
3225913,21137,7,1
3225913,9076,8,1
3225913,17089,9,1
3225913,46513,10,1
3225913,428,11,1
3225913,33316,12,0
3225913,49520,13,1
3225913,20082,14,0
3227985,27790,1,0
3227985,13176,2,1
3227985,20345,3,1
3227985,12271,4,0
3227985,11266,5,1
3227985,116,6,1
3227985,10246,7,0
3227985,8803,8,0
3230457,42579,1,1
3230457,6291,2,1
3230457,35951,3,1
3230457,13176,4,1
3230457,33089,5,1
3230457,37687,6,1
3230457,32139,7,1
3230457,31478,8,1
3230457,20995,9,1
3230457,22260,10,0
3230457,32689,11,1
3230457,44359,12,1
3230457,26604,13,1
3230457,26084,14,1
3230457,47766,15,1
3230457,13733,16,1
3230457,24964,17,1
3230457,14678,18,1
3230457,42266,19,1
3230457,16145,20,1
3230457,3826,21,1
3230457,1392,22,1
3230457,3219,23,1
3230457,38322,24,1
3230457,42585,25,0
3230457,31717,26,0
3230457,32537,27,0
3230457,26369,28,1
3230457,42617,29,1
3230457,18072,30,1
3230457,30753,31,0
3230457,3682,32,0
3230457,10173,33,0
3230457,21903,34,1
3233980,47766,1,1
3233980,21137,2,1
3233980,27845,3,1
3233980,3397,4,1
3233980,30776,5,1
3233980,9839,6,1
3233980,1086,7,1
3233980,27521,8,1
3233980,40604,9,1
3233980,19678,10,1
3233980,8667,11,1
3233980,23959,12,1
3233980,44661,13,1
3233980,13497,14,1
3233980,41658,15,1
3233980,4808,16,0
3233980,18531,17,1
3233980,29926,18,1
3233980,22993,19,1
3233980,22825,20,1
3233980,45066,21,1
3233980,15294,22,1
3233983,12384,1,1
3233983,7948,2,1
3233983,37067,3,1
3233983,34049,4,1
3233983,29941,5,1
3233983,37220,6,0
3234080,46676,1,1
3234080,41177,2,1
3234080,20119,3,1
3234080,3765,4,1
3234080,27845,5,1
3234080,14127,6,1
3234080,19449,7,1
3234080,18436,8,1
3234080,36574,9,1
3234080,7503,10,1
3234080,21709,11,1
3234118,13176,1,1
3234118,21137,2,1
3234118,27966,3,1
3234118,35163,4,0
3234118,30391,5,0
3234118,43295,6,0
3234301,20995,1,1
3234301,29474,2,1
3234301,27401,3,1
3234301,36792,4,0
3234301,31801,5,1
3234301,10514,6,1
3234326,26604,1,1
3234326,22035,2,1
3234326,39425,3,1
3234326,31041,4,1
3234326,28199,5,1
3234326,42001,6,1
3234326,18594,7,1
3234326,4600,8,1
3234326,17948,9,1
3234326,5876,10,0
3234326,26209,11,1
3234326,37103,12,0
3234326,37552,13,0
3234326,16290,14,0
3234326,8615,15,0
3236288,48179,1,1
3236288,7485,2,0
3236288,11629,3,0
3236288,49273,4,0
3236288,35174,5,0
3236288,21709,6,0
3236360,43338,1,0
3236360,41787,2,0
3236360,46906,3,0
3236360,21903,4,0
3236360,41690,5,0
3236360,47626,6,1
3236360,26604,7,0
3236360,47766,8,1
3236360,26369,9,0
3236360,31717,10,0
3236360,4605,11,0
3236360,7632,12,0
3236360,3142,13,0
3236360,28278,14,0
3236360,12797,15,0
3236360,24852,16,0
3236360,1158,17,0
3236360,34584,18,0
3236360,31553,19,0
3238636,15905,1,1
3238636,19348,2,0
3238636,24852,3,0
3238636,6184,4,1
3238636,42959,5,1
3238636,47865,6,0
3238636,42556,7,0
3238636,46979,8,1
3238636,39787,9,0
3238636,14999,10,1
3238636,26209,11,1
3238636,14679,12,0
3238636,35898,13,0
3238636,5405,14,0
3238636,34327,15,0
3238636,13909,16,1
3238636,34243,17,0
3239633,43352,1,1
3239633,39993,2,1
3239633,35015,3,1
3239633,49621,4,1
3239633,7806,5,1
3239633,31717,6,0
3239633,16797,7,1
3239633,17704,8,1
3239633,48057,9,1
3239633,24852,10,1
3239633,10296,11,1
3239633,29334,12,1
3239633,32624,13,1
3239633,21508,14,1
3240027,13984,1,1
3240027,34126,2,0
3240027,30391,3,1
3240027,48679,4,0
3240027,26940,5,1
3240027,47209,6,1
3240027,17948,7,0
3240027,27966,8,0
3240027,46802,9,0
3240027,46667,10,1
3240027,24933,11,0
3240027,13780,12,0
3240027,27104,13,1
3240027,15872,14,0
3240027,16869,15,1
3240027,3566,16,0
3240027,29127,17,0
3240027,4472,18,0
3240027,37067,19,0
3240466,8277,1,0
3240466,45603,2,1
3240466,19660,3,1
3240466,15123,4,1
3240466,26149,5,1
3240466,14579,6,0
3240466,34217,7,0
3240466,23288,8,1
3240466,33198,9,1
3240466,20324,10,1
3240517,21137,1,1
3240517,18583,2,1
3240517,28476,3,1
3240517,30795,4,1
3240517,10369,5,1
3240517,49609,6,1
3240517,47119,7,1
3240517,49235,8,1
3240517,30391,9,1
3240517,45946,10,1
3240517,5876,11,1
3240517,39928,12,1
3240517,27966,13,1
3240517,33198,14,1
3240517,17948,15,1
3240517,27744,16,0
3240517,17284,17,1
3240517,40706,18,0
3240517,8424,19,0
3240517,44683,20,0
3240517,24487,21,0
3240517,29370,22,0
3240517,19180,23,0
3240517,40709,24,0
3240517,26047,25,0
3240517,2132,26,0
3240517,18838,27,0
3241842,31248,1,0
3241842,22935,2,1
3241842,44142,3,0
3241842,7021,4,0
3241842,16823,5,0
3241842,42625,6,0
3241842,9510,7,0
3241842,30057,8,0
3241842,36086,9,0
3241842,19389,10,0
3241842,48205,11,1
3241842,15170,12,0
3241842,47626,13,1
3241842,9557,14,0
3241842,11307,15,1
3241842,11526,16,0
3241842,15622,17,1
3241842,11461,18,1
3241842,39751,19,0
3241842,47866,20,1
3241842,23645,21,0
3241842,11973,22,1
3241842,4374,23,0
3241842,36162,24,0
3241842,24852,25,1
3241842,37646,26,0
3241842,32784,27,0
3241842,30340,28,0
3241842,20577,29,0
3241842,23909,30,1
3242248,10089,1,1
3242248,48957,2,0
3242248,16797,3,1
3242248,40826,4,1
3242248,13646,5,1
3242248,21477,6,1
3242248,25718,7,0
3242248,43961,8,0
3242248,27966,9,1
3242248,39877,10,1
3242248,42479,11,1
3242248,2622,12,0
3243470,8174,1,1
3243470,13176,2,1
3243470,39877,3,1
3243470,26505,4,0
3243704,44359,1,0
3243704,8670,2,1
3243704,42617,3,0
3243704,44449,4,0
3243704,42063,5,0
3243704,12409,6,0
3243704,204,7,1
3243704,27845,8,1
3243704,47792,9,1
3243704,16185,10,1
3243704,22935,11,1
3243704,27156,12,1
3243704,8021,13,1
3243704,46720,14,1
3243704,3397,15,1
3243704,18696,16,1
3243704,49175,17,1
3243704,35108,18,1
3243704,38293,19,0
3243704,8424,20,1
3243704,47209,21,1
3244289,21137,1,1
3244289,22825,2,1
3244289,27104,3,0
3244289,9839,4,1
3244289,30391,5,0
3244289,4605,6,0
3244289,46979,7,1
3244289,5450,8,0
3244289,31553,9,0
3244289,18234,10,0
3244289,26800,11,0
3244289,22849,12,1
3244289,15414,13,1
3244289,20034,14,0
3244289,39425,15,1
3244289,3829,16,0
3244289,35749,17,0
3244289,7898,18,0
3244289,21709,19,0
3244289,40396,20,1
3244289,39984,21,0
3247580,13409,1,1
3247580,22828,2,0
3247580,38255,3,0
3247580,46138,4,0
3247580,29675,5,0
3247580,40878,6,0
3247580,39409,7,1
3247580,44580,8,1
3247580,42585,9,0
3247580,17461,10,0
3248198,1190,1,1
3248479,7185,1,1
3248479,32747,2,1
3248479,46802,3,1
3248479,4920,4,1
3248479,13176,5,1
3248479,36127,6,1
3248479,32655,7,1
3248479,42265,8,1
3248479,40706,9,1
3248479,24184,10,1
3248479,2452,11,1
3248479,21616,12,1
3248479,13984,13,1
3248479,28553,14,0
3248479,18918,15,1
3248603,47029,1,0
3248603,35851,2,1
3248603,22255,3,1
3248603,26604,4,1
3248603,5450,5,1
3248603,5251,6,1
3248603,47229,7,0
3248603,5539,8,1
3248603,5646,9,1
3248603,29142,10,1
3248603,13874,11,1
3249386,13176,1,0
3249386,42191,2,0
3249386,23540,3,0
3249386,33452,4,0
3249386,1124,5,0
3249386,47977,6,0
3249386,28836,7,0
3249668,28985,1,1
3249668,8193,2,1
3249668,10342,3,1
3249668,27639,4,1
3249668,23047,5,0
3249668,47766,6,0
3249668,25949,7,0
3249668,32831,8,0
3249668,47912,9,0
3249668,1234,10,0
3249668,37080,11,0
3249668,6182,12,0
3249668,22089,13,0
3249668,23909,14,1
3249668,1940,15,0
3249668,7361,16,0
3249668,13176,17,0
3249668,15198,18,1
3249668,35708,19,0
3249668,22915,20,0
3249668,6567,21,0
3249668,19182,22,1
3249668,46378,23,0
3249668,37418,24,0
3249668,15841,25,1
3249668,14447,26,0
3249668,38116,27,0
3249668,8478,28,0
3250221,46969,1,1
3250221,43122,2,1
3250221,22963,3,0
3250221,18434,4,1
3250221,21903,5,1
3250347,34310,1,0
3250347,9171,2,0
3250347,671,3,0
3250347,22241,4,0
3250347,17668,5,1
3250347,32134,6,1
3250347,42442,7,1
3250347,19180,8,1
3250347,9689,9,1
3250347,42342,10,1
3250347,24964,11,1
3250347,44359,12,1
3250347,29142,13,1
3250347,37067,14,0
3250347,39408,15,1
3250347,14333,16,0
3250347,38739,17,0
3250347,16797,18,1
3250347,10904,19,1
3250347,49285,20,0
3250347,25108,21,0
3250347,30219,22,1
3250347,41271,23,0
3250347,5640,24,0
3250347,22959,25,0
3250347,17568,26,0
3250347,49609,27,0
3250347,31539,28,0
3250347,23400,29,0
3250347,16169,30,0
3250347,34137,31,0
3250347,41110,32,0
3250347,18963,33,1
3250347,2311,34,0
3253025,20577,1,1
3253025,4951,2,1
3253025,29993,3,1
3253025,26882,4,0
3253025,19005,5,0
3253025,33869,6,0
3253025,19403,7,0
3253511,15683,1,0
3253511,30994,2,0
3253511,21903,3,1
3253511,24964,4,1
3253511,45007,5,0
3253511,41065,6,0
3253511,30391,7,0
3253511,44359,8,0
3253511,49383,9,0
3253511,3339,10,0
3253511,23339,11,0
3253511,31073,12,0
3253511,12341,13,0
3253511,42701,14,1
3253511,18829,15,0
3253511,5479,16,1
3253511,30806,17,1
3253511,35997,18,1
3253511,30450,19,0
3254596,44368,1,0
3254596,24852,2,1
3254596,13755,3,0
3254596,432,4,1
3254596,34386,5,1
3254596,1689,6,1
3254596,3060,7,0
3254596,26497,8,0
3254596,4909,9,0
3254596,247,10,0
3254596,17334,11,1
3255202,36691,1,1
3255202,15424,2,1
3255202,28956,3,0
3255202,26397,4,1
3255202,27744,5,1
3255202,41056,6,0
3257100,27966,1,1
3257100,24852,2,1
3257100,5450,3,1
3257100,10749,4,1
3257100,45763,5,1
3257100,39877,6,1
3257100,4462,7,1
3257100,21137,8,1
3257100,24082,9,1
3257100,8424,10,1
3257100,31553,11,1
3257100,43889,12,1
3257100,40571,13,1
3257791,49683,1,1
3257791,28601,2,1
3257791,17902,3,1
3257791,12845,4,1
3257791,4920,5,1
3257791,31932,6,1
3257791,32839,7,1
3257791,47862,8,1
3257791,27344,9,1
3257791,35108,10,1
3257791,44422,11,1
3257791,26604,12,0
3257791,28325,13,0
3257791,42615,14,1
3257791,20734,15,0
3257791,31893,16,0
3257791,38419,17,0
3257791,17794,18,1
3257791,29662,19,0
3260558,21903,1,1
3260558,49683,2,1
3260558,47626,3,0
3260558,26369,4,1
3260558,12206,5,0
3260558,31343,6,1
3260558,24184,7,0
3260558,16616,8,0
3260558,6860,9,0
3260558,24382,10,0
3260558,16797,11,1
3260558,40088,12,1
3260558,32642,13,0
3260643,31564,1,0
3260643,39107,2,0
3260643,39921,3,0
3260643,18610,4,0
3260643,5210,5,0
3260643,24852,6,1
3260643,49427,7,0
3260852,21614,1,1
3260852,47766,2,1
3260852,27344,3,1
3260852,27845,4,1
3260852,35921,5,1
3260852,39877,6,1
3260852,13176,7,1
3260852,39928,8,1
3260852,21077,9,1
3260852,11005,10,1
3260852,20345,11,1
3260852,8174,12,1
3260852,3844,13,1
3260852,35108,14,1
3260852,26128,15,1
3260852,8277,16,1
3260852,10292,17,1
3260852,41787,18,1
3260852,5077,19,1
3260852,39558,20,1
3260852,42585,21,1
3260852,1234,22,1
3260852,28985,23,1
3260852,49191,24,1
3260852,17807,25,1
3260852,15576,26,0
3260853,26717,1,0
3260853,12442,2,1
3260853,24933,3,1
3260853,26128,4,1
3260853,24753,5,1
3260853,40251,6,0
3260853,2288,7,1
3260853,48543,8,0
3261797,6508,1,1
3261797,13269,2,1
3261797,49131,3,0
3261797,39990,4,1
3261797,18027,5,1
3261797,46802,6,0
3261797,1158,7,0
3261797,47209,8,1
3261797,25753,9,0
3261797,33438,10,0
3261797,32732,11,0
3261797,13176,12,0
3261797,23801,13,0
3261797,9366,14,0
3261797,13198,15,1
3261797,10006,16,1
3262242,41860,1,1
3262242,25705,2,1
3262242,40310,3,1
3262242,27344,4,0
3262242,38533,5,1
3262242,2450,6,0
3262242,31343,7,0
3262242,34530,8,0
3262242,44873,9,0
3262242,3376,10,0
3262242,33314,11,1
3262242,9839,12,0
3262754,12686,1,1
3262754,35221,2,1
3262754,7649,3,1
3262754,20410,4,1
3262754,21903,5,1
3262754,28842,6,1
3262754,32267,7,1
3262754,32648,8,1
3262754,9554,9,1
3271417,23909,1,1
3271417,4920,2,1
3271417,38456,3,1
3271417,15903,4,0
3271417,14147,5,1
3271417,28862,6,0
3271417,14343,7,0
3271417,35507,8,0
3271417,47854,9,0
3271417,47121,10,1
3271417,46522,11,1
3271417,11265,12,0
3271417,33819,13,1
3271417,785,14,0
3271417,32241,15,0
3271417,32167,16,1
3271468,48246,1,0
3271966,43621,1,1
3271966,28842,2,1
3271966,2658,3,1
3271966,28199,4,0
3272410,28881,1,0
3272410,49683,2,1
3272410,47766,3,1
3272410,32429,4,1
3272410,41787,5,1
3272410,24184,6,1
3272410,15290,7,1
3272410,38749,8,0
3272410,8424,9,1
3272434,23909,1,1
3272434,24852,2,1
3272434,29503,3,0
3272434,32235,4,1
3274561,49588,1,0
3274561,4137,2,1
3274561,5913,3,0
3274561,24852,4,1
3274561,17931,5,0
3274561,41120,6,1
3274561,30727,7,0
3274561,5296,8,0
3274561,44713,9,0
3274561,40279,10,0
3274561,33548,11,0
3275606,18200,1,1
3275606,24221,2,1
3275606,8277,3,1
3275606,13176,4,1
3275606,8174,5,1
3275606,40311,6,1
3275606,21137,7,1
3275606,21903,8,1
3275606,33080,9,1
3275606,22247,10,1
3275606,23165,11,1
3275606,10749,12,1
3275606,17949,13,1
3275606,37754,14,1
3275606,41806,15,1
3275606,7835,16,1
3275606,5479,17,1
3275606,14010,18,1
3275606,31553,19,1
3275606,24964,20,1
3275606,33543,21,1
3275606,31292,22,1
3275606,41065,23,1
3275606,45007,24,1
3275606,48745,25,1
3275606,41588,26,1
3275606,36735,27,1
3275606,45210,28,1
3275606,2716,29,1
3275606,44580,30,1
3275606,24549,31,1
3276786,33259,1,0
3276786,44449,2,1
3276786,48679,3,1
3276786,20734,4,1
3276786,36028,5,0
3276786,26751,6,0
3276786,45007,7,1
3278356,34487,1,0
3279355,15906,1,0
3279355,42562,2,0
3279355,20315,3,0
3279355,33788,4,1
3279355,25630,5,1
3279355,47672,6,1
3279355,5876,7,1
3279355,49488,8,1
3279355,5450,9,1
3279355,29009,10,1
3279355,38164,11,1
3279355,4294,12,1
3279355,37029,13,1
3279355,11250,14,1
3279355,12847,15,0
3279355,35734,16,0
3279355,3661,17,1
3279355,29824,18,1
3279355,7260,19,1
3279355,41618,20,1
3279747,19006,1,1
3279747,35495,2,1
3279747,42445,3,1
3279747,8091,4,1
3279747,13409,5,1
3279747,1935,6,1
3279747,36165,7,1
3279747,36769,8,1
3279747,2809,9,1
3279747,27086,10,1
3279747,11422,11,1
3279747,36316,12,1
3279747,17191,13,1
3279747,7693,14,1
3279747,19051,15,1
3279747,1804,16,1
3279747,7090,17,1
3279747,46049,18,1
3279747,17273,19,1
3280333,20082,1,1
3280333,5077,2,0
3280333,11323,3,1
3280521,27104,1,1
3280521,27845,2,1
3282365,20754,1,1
3282365,28682,2,0
3282365,46886,3,0
3282365,14218,4,0
3282365,10369,5,0
3282365,22963,6,0
3282365,5450,7,1
3282365,24852,8,1
3282365,21137,9,1
3282365,45066,10,0
3282365,45007,11,0
3282365,37687,12,0
3282365,40350,13,0
3282365,32029,14,0
3282365,21497,15,1
3282365,31215,16,0
3282365,10173,17,0
3282546,36011,1,1
3282546,37067,2,1
3282546,23919,3,1
3282546,2383,4,1
3282546,28842,5,0
3282546,22312,6,1
3282546,4451,7,0
3286517,31371,1,1
3286517,27730,2,1
3286517,8467,3,1
3286517,39509,4,0
3286917,19619,1,1
3286917,5422,2,1
3286917,13866,3,1
3286917,40028,4,1
3288051,329,1,1
3288051,19731,2,1
3288051,35121,3,1
3288051,27966,4,1
3288051,30391,5,1
3288051,8174,6,1
3288051,21137,7,1
3288051,39468,8,1
3288051,45007,9,1
3288051,48894,10,1
3288051,34530,11,1
3288051,25138,12,1
3288051,46720,13,0
3288051,12385,14,0
3288051,44987,15,1
3288051,21903,16,1
3288051,2,17,0
3288051,12732,18,1
3288051,283,19,0
3288051,21938,20,1
3288051,10749,21,1
3288051,13852,22,1
3288051,32843,23,0
3288051,12666,24,0
3288051,13560,25,0
3288051,47209,26,1
3288051,17155,27,0
3288265,17207,1,1
3288265,18023,2,1
3288987,35352,1,1
3288987,21903,2,1
3288987,37687,3,1
3288987,46979,4,1
3288987,26209,5,1
3288987,47626,6,1
3288987,24184,7,1
3288987,26282,8,0
3288987,32732,9,0
3288987,43713,10,0
3290541,35507,1,1
3290541,30720,2,0
3290541,5111,3,1
3290541,7255,4,0
3290541,630,5,0
3291225,28522,1,0
3291225,38896,2,0
3291225,21938,3,0
3291225,2295,4,0
3291225,29127,5,0
3291225,28985,6,0
3291225,17948,7,0
3291225,44303,8,0
3291225,43065,9,0
3291225,41149,10,0
3291225,34356,11,0
3291225,14197,12,0
3291225,8670,13,0
3291225,24852,14,1
3291225,30450,15,0
3291225,34590,16,0
3291225,432,17,0
3291225,47144,18,0
3291225,17668,19,0
3291225,19887,20,0
3291225,34190,21,0
3291225,37120,22,0
3293360,22576,1,1
3293360,23445,2,1
3293360,47626,3,1
3293360,5315,4,1
3293360,12811,5,0
3293360,20512,6,0
3293360,397,7,0
3293360,33351,8,0
3295354,9405,1,1
3295354,5120,2,0
3295354,18594,3,1
3295354,5991,4,1
3295354,4562,5,0
3295354,40706,6,0
3295354,2295,7,0
3295354,3627,8,0
3295497,26915,1,1
3295497,37067,2,0
3295497,13249,3,1
3295497,38772,4,1
3295497,14218,5,1
3295497,21344,6,1
3295497,34282,7,0
3295497,48058,8,1
3295497,25588,9,0
3295497,22548,10,0
3295497,10199,11,0
3295497,47788,12,0
3295497,5214,13,0
3295497,43889,14,1
3296091,27325,1,1
3296091,30597,2,1
3296091,5038,3,1
3296091,39726,4,1
3296091,42736,5,1
3296091,15359,6,1
3296091,41352,7,1
3296091,12875,8,1
3296091,49070,9,1
3296091,8193,10,1
3296091,36086,11,1
3296091,25544,12,1
3296091,14901,13,1
3296091,25060,14,1
3296197,47683,1,1
3296197,18296,2,0
3296197,4605,3,0
3296197,20378,4,0
3296197,7644,5,1
3296197,6213,6,1
3296197,30057,7,0
3296197,23322,8,1
3296197,260,9,1
3296197,43948,10,0
3296197,13517,11,1
3296419,42506,1,1
3296755,13176,1,1
3296755,42404,2,1
3296755,46820,3,0
3296755,5785,4,0
3296755,5128,5,0
3296755,42240,6,0
3296755,19915,7,1
3296755,7156,8,0
3296755,31215,9,1
3296755,11512,10,1
3296755,39560,11,1
3296755,365,12,0
3296755,8481,13,0
3296755,22349,14,0
3296755,13870,15,0
3296755,41557,16,0
3296755,21464,17,0
3296755,44166,18,0
3296755,15416,19,0
3296755,13536,20,0
3296755,41290,21,1
3297205,35842,1,1
3297205,21616,2,0
3297205,9076,3,0
3297205,39475,4,0
3297205,29045,5,0
3297822,11777,1,1
3297822,39877,2,1
3297822,30391,3,1
3297822,41950,4,1
3297822,26604,5,1
3297822,31717,6,1
3297822,8424,7,1
3297822,32655,8,1
3297822,10246,9,1
3297822,47734,10,1
3297822,44422,11,1
3297822,5646,12,1
3298893,35777,1,1
3298893,16813,2,1
3298893,32478,3,1
3298893,28900,4,1
3298893,28885,5,1
3298893,23909,6,1
3298893,6473,7,1
3298893,40136,8,1
3298893,11837,9,1
3298893,14197,10,0
3298893,34358,11,0
3298893,28993,12,1
3298893,23341,13,0
3298893,15582,14,0
3298893,8506,15,0
3298893,38802,16,0
3298893,44142,17,1
3299564,26405,1,0
3299564,33081,2,0
3299611,24489,1,1
3299611,37067,2,0
3299611,7500,3,0
3299611,47144,4,1
3299611,4928,5,0
3299611,6046,6,1
3299611,26369,7,0
3299611,8518,8,1
3299611,27400,9,0
3299611,43789,10,0
3299611,4659,11,0
3299611,44449,12,1
3299611,33741,13,0
3299611,39947,14,0
3299611,23094,15,0
3299611,20670,16,0
3299611,31555,17,0
3300533,9507,1,1
3300533,24852,2,1
3300533,26593,3,1
3302132,445,1,1
3302132,2210,2,1
3302132,39877,3,0
3302132,46676,4,1
3302743,31651,1,0
3302743,40969,2,0
3302743,40199,3,0
3302743,49235,4,0
3302743,14084,5,0
3302743,13176,6,0
3302743,21137,7,0
3302800,1541,1,0
3302800,48440,2,1
3302800,32858,3,1
3302800,12630,4,1
3302800,7274,5,1
3302800,21243,6,1
3302800,39581,7,1
3302800,49227,8,1
3302800,44843,9,1
3303082,27966,1,1
3303082,11352,2,1
3303082,47209,3,1
3303082,13176,4,1
3303082,28199,5,1
3303082,45123,6,1
3303082,47616,7,0
3303082,2611,8,1
3303082,43504,9,1
3303082,8022,10,1
3303082,44471,11,1
3303082,34525,12,1
3303082,17948,13,0
3303082,24489,14,0
3303082,1158,15,0
3303082,34584,16,0
3303082,34217,17,0
3303082,31766,18,0
3303082,22963,19,0
3303082,329,20,1
3307423,15747,1,0
3307423,15923,2,1
3307423,28157,3,0
3307423,11182,4,0
3307423,42342,5,0
3307423,16328,6,0
3307423,2425,7,0
3307423,6410,8,0
3307423,9176,9,0
3307423,15290,10,1
3311149,8967,1,0
3311149,44622,2,1
3311149,3717,3,1
3311149,932,4,1
3311149,42637,5,1
3311149,26376,6,1
3311149,14947,7,0
3314057,15820,1,1
3314057,34026,2,1
3314057,11163,3,1
3314057,41273,4,1
3314057,28986,5,1
3314057,28515,6,0
3314057,27903,7,0
3314439,47626,1,1
3314439,24852,2,1
3318194,39495,1,1
3318194,2748,2,0
3318194,45763,3,1
3318194,21903,4,1
3318194,48182,5,0
3318194,24852,6,0
3318194,35336,7,0
3318194,42585,8,1
3318194,41273,9,0
3319771,37022,1,1
3319771,2966,2,1
3319771,9839,3,1
3319771,44375,4,1
3319771,31683,5,1
3319771,5883,6,1
3319771,19348,7,1
3319771,35221,8,1
3319771,45613,9,1
3319771,23417,10,0
3319771,46393,11,0
3319771,31288,12,1
3319771,37947,13,1
3319771,12745,14,0
3319771,28576,15,0
3319771,13027,16,0
3319771,45066,17,0
3320780,27156,1,0
3320780,35951,2,1
3320780,24852,3,1
3320780,19057,4,0
3320875,46802,1,0
3322001,11281,1,1
3322001,31564,2,0
3322001,40310,3,1
3322001,41539,4,0
3322001,18019,5,0
3322001,5422,6,1
3322001,4210,7,1
3322001,22218,8,1
3322001,1117,9,1
3322789,8143,1,0
3322789,40593,2,0
3322789,42736,3,0
3322789,5876,4,1
3322789,2314,5,0
3322789,37067,6,1
3322789,16797,7,1
3322789,29447,8,0
3322789,44787,9,0
3323350,16260,1,0
3323350,1519,2,0
3323350,29153,3,0
3323350,31660,4,0
3323350,2839,5,0
3323350,20114,6,1
3323350,19505,7,0
3323350,34050,8,1
3323350,48348,9,1
3323350,37002,10,1
3323350,34327,11,0
3326835,36545,1,0
3326835,39423,2,0
3326835,30759,3,1
3327193,21903,1,1
3327193,12341,2,0
3327193,20776,3,0
3328026,21137,1,1
3328026,22959,2,1
3328026,397,3,0
3328026,36884,4,0
3328026,10544,5,0
3328026,5047,6,0
3328026,17858,7,0
3328026,10527,8,0
3328026,47185,9,1
3329084,43152,1,1
3329084,37687,2,1
3329084,42460,3,1
3329084,27020,4,1
3329084,1181,5,1
3329084,24623,6,1
3329084,6359,7,1
3329084,42495,8,1
3329084,42736,9,1
3329084,5460,10,1
3329084,27958,11,1
3329084,33613,12,1
3329084,26882,13,1
3329084,15124,14,0
3329084,28601,15,0
3329084,5578,16,0
3329084,26283,17,1
3329084,46979,18,1
3329084,14161,19,1
3329084,22825,20,0
3329084,26604,21,1
3329084,11777,22,1
3329084,9076,23,1
3329084,21330,24,1
3329084,5025,25,1
3329084,39844,26,0
3329084,38154,27,1
3329084,11577,28,0
3329084,38266,29,0
3329084,4086,30,0
3329084,25542,31,0
3329084,43772,32,1
3329084,20462,33,0
3331590,2456,1,0
3331590,48205,2,1
3331590,26937,3,0
3331590,28204,4,1
3332515,38768,1,1
3332515,39275,2,0
3332515,10441,3,0
3332722,20574,1,1
3332722,8277,2,1
3332722,37646,3,0
3332722,46667,4,1
3332722,38689,5,1
3332722,48679,6,0
3332722,39275,7,0
3332722,27966,8,0
3332722,43662,9,1
3332722,39877,10,0
3332722,43768,11,0
3332722,41920,12,0
3332722,47626,13,0
3332722,5373,14,1
3332722,25659,15,1
3332722,18479,16,0
3333597,16714,1,0
3333597,39475,2,0
3333597,18926,3,0
3333597,19156,4,0
3333597,33787,5,0
3333688,1529,1,0
3333688,19272,2,1
3333688,3092,3,1
3333688,32839,4,1
3333688,8859,5,1
3333688,26940,6,0
3333688,15649,7,1
3333688,39375,8,0
3333688,405,9,0
3333688,4086,10,0
3333688,34126,11,0
3333688,38510,12,0
3333688,31886,13,0
3333688,21267,14,0
3333688,33705,15,1
3333688,23645,16,0
3333688,22124,17,1
3333688,9071,18,0
3333688,38777,19,0
3333804,9358,1,0
3333804,14419,2,0
3334364,8843,1,1
3334980,22832,1,1
3334980,29270,2,1
3334980,35221,3,1
3334980,23540,4,1
3334980,40005,5,1
3334980,11317,6,1
3334980,11707,7,1
3334980,47209,8,1
3334980,21137,9,1
3334980,13702,10,1
3334980,35321,11,1
3334980,43248,12,1
3334980,3957,13,1
3334980,7781,14,1
3334980,14086,15,1
3334980,23374,16,1
3334980,27966,17,1
3334980,43726,18,1
3334980,26925,19,0
3334980,16882,20,0
3334980,1940,21,1
3334980,35503,22,1
3334980,31635,23,0
3334980,6532,24,0
3335089,46194,1,0
3335089,31215,2,1
3335089,36189,3,0
3335089,34993,4,1
3335089,17758,5,0
3335089,49175,6,0
3335089,20114,7,0
3335261,36865,1,1
3335261,13263,2,1
3335261,28465,3,1
3335261,13646,4,1
3335261,29780,5,0
3335261,34262,6,1
3335261,5164,7,0
3335261,47182,8,0
3335311,25738,1,1
3335311,43279,2,0
3335311,35372,3,0
3337392,2038,1,1
3337392,46049,2,1
3337392,19156,3,1
3337392,24954,4,1
3337392,9124,5,1
3337392,3541,6,1
3337392,46522,7,1
3337392,11361,8,0
3337392,41273,9,1
3337392,18362,10,1
3337392,581,11,0
3337392,4778,12,0
3337392,37145,13,0
3337392,5450,14,1
3337392,10749,15,1
3337392,7762,16,0
3337392,6680,17,0
3337392,48205,18,0
3339284,6184,1,1
3339284,12341,2,1
3339284,19660,3,1
3339284,28918,4,1
3339284,21573,5,1
3339284,21292,6,1
3339284,21903,7,1
3339284,4149,8,1
3340848,9755,1,1
3340848,21137,2,1
3340848,13176,3,1
3340848,40120,4,1
3340848,43352,5,1
3343542,21573,1,1
3343542,21137,2,1
3343542,28252,3,1
3343542,13042,4,0
3343542,14979,5,1
3345244,37646,1,1
3345244,22124,2,1
3345244,38557,3,0
3345244,8424,4,0
3345244,10749,5,1
3345484,21709,1,0
3345484,26620,2,1
3345484,49144,3,0
3345484,18104,4,0
3345484,17828,5,0
3345484,32330,6,0
3345484,6974,7,0
3345484,24458,8,1
3345484,351,9,0
3345484,24852,10,1
3345484,25146,11,1
3345484,5782,12,1
3345484,14852,13,1
3345484,29487,14,1
3345484,47626,15,1
3345484,20378,16,1
3345484,3148,17,1
3345484,42240,18,1
3345484,33439,19,0
3345484,26172,20,0
3345484,27066,21,0
3345484,41220,22,0
3345484,5646,23,0
3345484,29142,24,0
3345484,34013,25,0
3345484,3836,26,0
3345484,25408,27,0
3345484,29611,28,0
3348092,4605,1,1
3348092,16249,2,1
3348092,46906,3,1
3348092,8239,4,1
3348092,35887,5,1
3348092,40545,6,1
3348092,8670,7,1
3348092,45788,8,1
3348092,17533,9,1
3348092,5618,10,1
3348092,45437,11,1
3348092,33232,12,1
3348092,9689,13,1
3348092,42265,14,1
3348092,19678,15,0
3348092,7503,16,0
3348092,26648,17,0
3348092,14462,18,1
3348092,16145,19,0
3348092,35951,20,0
3348092,35547,21,0
3348092,24107,22,1
3348092,7120,23,0
3348092,47766,24,0
3348092,46802,25,1
3348092,34243,26,0
3348092,19906,27,1
3348092,30893,28,0
3353807,41539,1,0
3353807,2903,2,0
3353807,30850,3,1
3353807,17867,4,1
3354577,20119,1,1
3354577,13431,2,0
3354577,43735,3,0
3354577,49683,4,0
3354577,8239,5,0
3354577,14386,6,0
3354577,35108,7,0
3354577,7156,8,1
3354577,43712,9,1
3354577,20345,10,0
3354577,33764,11,0
3354577,33443,12,0
3354577,34423,13,0
3354577,13085,14,0
3354577,13198,15,1
3354577,29650,16,1
3354577,17461,17,0
3354577,38419,18,0
3354577,17794,19,0
3354969,14467,1,1
3354969,34012,2,1
3354969,31663,3,1
3354969,24725,4,1
3354969,38021,5,1
3355465,9138,1,0
3355465,35738,2,0
3355465,33037,3,0
3358775,30442,1,1
3358775,27966,2,1
3358775,49267,3,1
3358775,30489,4,1
3358775,23630,5,0
3358775,23032,6,0
3358775,44359,7,0
3358775,17794,8,1
3358775,24382,9,0
3358775,22627,10,0
3358775,27826,11,0
3358775,31506,12,0
3358775,23634,13,0
3358775,3330,14,1
3358775,28278,15,0
3358912,24852,1,1
3358912,22959,2,1
3358912,38511,3,1
3358912,12916,4,1
3358912,32133,5,1
3358912,23341,6,1
3358912,5210,7,1
3358912,42736,8,1
3358912,8204,9,1
3358912,4656,10,1
3358912,20022,11,1
3358912,33636,12,1
3358912,12657,13,1
3358912,1185,14,1
3358912,46639,15,1
3358912,3892,16,1
3358912,10145,17,1
3358912,9641,18,1
3358912,24533,19,1
3358912,2536,20,0
3358912,44466,21,0
3358912,19389,22,0
3358912,13536,23,0
3358912,31762,24,1
3358912,13639,25,0
3358912,1783,26,0
3358912,47966,27,1
3359278,40332,1,1
3359278,37766,2,1
3359278,22431,3,1
3359278,44142,4,1
3359278,4671,5,0
3359278,24382,6,0
3361654,24852,1,1
3361654,25093,2,1
3361654,21543,3,0
3361654,48171,4,0
3361654,20119,5,0
3361654,31964,6,0
3361654,45364,7,0
3361654,29987,8,0
3361654,21903,9,0
3361654,39560,10,1
3361654,39190,11,1
3365478,33198,1,0
3365478,36107,2,1
3365478,24362,3,1
3365478,41618,4,0
3365478,49325,5,0
3365478,45190,6,1
3365478,8859,7,1
3365478,13733,8,0
3365478,33095,9,1
3365478,10145,10,0
3365478,42352,11,0
3365478,47119,12,1
3365478,26209,13,1
3365478,46903,14,0
3365478,41771,15,1
3365478,8193,16,1
3365478,39408,17,0
3365478,21077,18,0
3365498,25146,1,0
3365498,44116,2,0
3365498,24850,3,0
3365498,40141,4,0
3365498,2238,5,0
3365498,47766,6,1
3366558,31635,1,1
3366558,10546,2,0
3366558,8349,3,0
3366558,9554,4,0
3366558,23586,5,0
3366558,47652,6,0
3366558,6655,7,0
3367182,10673,1,0
3367182,43631,2,1
3367448,34862,1,0
3367448,41238,2,0
3367448,43189,3,0
3367448,16900,4,0
3367448,30307,5,0
3367448,11323,6,1
3367448,148,7,1
3367448,33090,8,1
3367448,39247,9,1
3367448,46979,10,1
3367448,15129,11,1
3367448,6647,12,1
3367448,46025,13,1
3367448,5077,14,1
3367448,39802,15,1
3367448,26211,16,1
3367448,27958,17,1
3367448,18196,18,1
3367448,27676,19,1
3367448,27827,20,1
3367448,7644,21,1
3367448,8744,22,1
3367448,29382,23,1
3367448,23287,24,1
3367448,41272,25,0
3367448,36658,26,0
3367448,28680,27,0
3367448,19059,28,0
3367448,44570,29,1
3367448,37250,30,1
3369780,34668,1,0
3369780,27156,2,1
3369780,49175,3,1
3369780,42617,4,0
3369780,49075,5,1
3369780,44372,6,0
3369780,20776,7,1
3371563,13424,1,1
3371563,28204,2,1
3371563,48364,3,0
3372070,24186,1,0
3372070,40538,2,1
3372070,1017,3,1
3372685,26604,1,1
3372685,20995,2,0
3372685,36011,3,1
3372685,16185,4,1
3372685,21903,5,0
3372685,36183,6,0
3372685,13176,7,1
3372794,20757,1,1
3372794,33782,2,1
3372794,11777,3,0
3372794,27325,4,1
3372794,36011,5,1
3372794,22491,6,1
3372794,13338,7,1
3373410,30391,1,0
3373410,14852,2,0
3373410,40078,3,1
3373410,4889,4,1
3373410,24954,5,1
3373410,44549,6,1
3378830,47977,1,1
3378830,10690,2,1
3378830,36316,3,1
3378830,20720,4,0
3379405,42719,1,0
3379405,11543,2,0
3379405,21704,3,0
3379405,26165,4,0
3379405,42768,5,0
3379405,26620,6,1
3379405,41658,7,1
3379405,45965,8,0
3379405,9047,9,0
3379405,28985,10,1
3379405,37065,11,0
3379405,13780,12,0
3380083,5764,1,1
3380083,28535,2,1
3380091,24852,1,1
3380091,47766,2,1
3380091,15290,3,1
3380091,16616,4,1
3380091,1979,5,1
3380091,47626,6,0
3380091,7503,7,1
3380091,9550,8,1
3380091,33303,9,1
3380091,25824,10,1
3380091,15560,11,0
3380091,4920,12,0
3380091,20843,13,0
3381984,8571,1,0
3381984,43724,2,1
3381984,21292,3,1
3381984,27984,4,1
3381984,39408,5,0
3381984,6184,6,0
3381984,27790,7,0
3381984,12899,8,0
3381984,7987,9,1
3381984,17419,10,0
3381984,889,11,1
3381984,48762,12,0
3381984,40120,13,0
3381984,31506,14,0
3381984,18441,15,1
3381984,37919,16,0
3381984,11759,17,0
3384531,28842,1,0
3384531,13292,2,1
3384531,2985,3,0
3384531,45544,4,0
3384531,8847,5,0
3384531,28985,6,1
3384531,29180,7,0
3386435,37588,1,1
3386435,16997,2,1
3386435,28386,3,1
3386435,39252,4,1
3386435,37229,5,0
3386435,27307,6,0
3386435,33419,7,0
3386435,33200,8,1
3386435,40354,9,1
3386435,24852,10,0
3386435,5077,11,1
3386435,42732,12,0
3390062,46651,1,1
3390062,41658,2,0
3390062,3628,3,1
3390062,36714,4,1
3390062,21903,5,0
3390509,24852,1,1
3390509,22089,2,1
3390509,47766,3,1
3390509,13646,4,1
3390509,36116,5,0
3390509,8467,6,0
3390509,43352,7,1
3390509,4920,8,1
3390509,28204,9,1
3390509,22825,10,0
3390509,22035,11,1
3390509,18382,12,1
3390509,23192,13,1
3390509,35688,14,0
3390509,6532,15,1
3390509,12572,16,0
3390509,16070,17,0
3390509,37080,18,0
3390625,20904,1,0
3390625,47626,2,0
3390625,34664,3,0
3390625,9405,4,1
3390625,45965,5,0
3390625,9825,6,0
3390625,37158,7,0
3390625,12196,8,0
3390625,4030,9,0
3390625,40396,10,0
3392539,36345,1,1
3392539,48220,2,1
3392539,5212,3,1
3392539,43767,4,1
3392539,13712,5,1
3392539,14947,6,0
3392539,41290,7,0
3392539,28836,8,0
3392539,13176,9,1
3392539,12384,10,1
3392539,17807,11,1
3392539,7058,12,1
3393449,36307,1,1
3393449,34386,2,1
3393449,37836,3,1
3394033,29447,1,1
3394475,36848,1,1
3394475,13176,2,1
3394475,47144,3,0
3394475,5920,4,0
3394475,9913,5,0
3394475,44830,6,0
3394475,18891,7,0
3394475,21903,8,1
3394475,33120,9,0
3394475,12541,10,0
3394712,43351,1,1
3394712,24489,2,0
3394712,46820,3,1
3395231,27966,1,1
3395231,6948,2,1
3395231,13176,3,1
3395231,21137,4,1
3395231,5450,5,1
3395231,11140,6,0
3395231,14540,7,1
3395231,44533,8,1
3395231,32478,9,1
3395231,34668,10,1
3395231,30391,11,1
3396142,43662,1,1
3396142,2371,2,0
3396142,8174,3,0
3396142,25814,4,0
3396142,42847,5,0
3396142,35108,6,1
3396142,40593,7,0
3396142,37067,8,0
3396142,48455,9,0
3396142,24184,10,0
3396142,15290,11,1
3396142,23734,12,0
3396142,26925,13,0
3396142,16797,14,0
3398268,47209,1,1
3398335,37019,1,0
3398335,35935,2,0
3398335,6734,3,1
3398335,33387,4,0
3398335,45282,5,1
3398335,45445,6,1
3398335,19448,7,0
3398335,2545,8,0
3398335,12521,9,0
3398335,29307,10,0
3398335,45948,11,0
3398335,15626,12,1
3398335,10826,13,0
3398335,3857,14,0
3398442,16797,1,1
3398442,14218,2,1
3398442,35221,3,1
3398442,49520,4,1
3398442,22719,5,1
3398442,27464,6,1
3398442,35042,7,1
3398442,38770,8,1
3398442,33894,9,1
3398442,33819,10,1
3398442,45938,11,1
3398442,23150,12,1
3398442,21157,13,1
3398442,45762,14,1
3398442,14439,15,0
3398442,4605,16,1
3398442,14780,17,1
3398442,5025,18,1
3398442,12068,19,1
3398442,1006,20,1
3398442,46476,21,1
3398442,15386,22,0
3398442,39604,23,0
3398442,8460,24,0
3398442,4920,25,0
3398442,36685,26,0
3398442,260,27,0
3398442,18599,28,0
3403890,31371,1,0
3403890,27521,2,0
3403890,28985,3,0
3403890,28204,4,0
3403890,16185,5,1
3403890,47626,6,0
3403890,29675,7,1
3403890,7485,8,1
3403890,25138,9,0
3403890,40545,10,0
3403890,32320,11,1
3405794,49235,1,1
3405794,5750,2,1
3405794,41590,3,1
3405794,35233,4,0
3405794,30638,5,0
3405794,32385,6,0
3405794,39459,7,1
3405794,38483,8,1
3405794,13974,9,0
3405794,1281,10,0
3405794,44233,11,0
3407336,8193,1,1
3407336,33995,2,1
3407336,8197,3,0
3407336,35413,4,1
3407336,11706,5,0
3407336,12980,6,0
3407336,23888,7,0
3407397,33135,1,1
3407397,47388,2,1
3407397,22825,3,1
3407397,12916,4,1
3407397,3708,5,1
3407863,15579,1,1
3407863,45066,2,1
3407863,43352,3,1
3407863,19348,4,1
3407863,10749,5,1
3407863,36117,6,1
3407863,44359,7,1
3407863,22935,8,1
3407863,39275,9,1
3407863,24830,10,1
3407863,33768,11,1
3407863,47626,12,1
3408714,14218,1,1
3408714,14594,2,1
3408714,29987,3,1
3408714,46676,4,1
3408714,18926,5,1
3408714,41844,6,0
3408714,39411,7,1
3409185,37215,1,1
3409185,42504,2,1
3409185,20345,3,1
3409185,18786,4,1
3409185,42265,5,1
3409185,3682,6,1
3409185,43290,7,1
3409185,42736,8,1
3409185,8518,9,1
3409185,38510,10,0
3409185,42625,11,1
3409185,21616,12,0
3409425,46747,1,0
3409425,46260,2,0
3409425,24005,3,0
3409425,43961,4,0
3409425,13535,5,0
3409425,10724,6,0
3409425,26634,7,0
3409425,39921,8,0
3409605,15290,1,1
3409605,19468,2,0
3409605,38739,3,0
3410023,26419,1,0
3410023,24066,2,0
3410023,24764,3,0
3410023,4461,4,0
3410023,48523,5,0
3410023,26084,6,0
3410023,188,7,0
3412213,38689,1,1
3412213,18224,2,1
3412213,21137,3,1
3412213,21903,4,1
3412213,13176,5,1
3412213,3952,6,0
3412213,48628,7,1
3412213,36550,8,1
3412213,8277,9,1
3412213,17794,10,0
3412213,18389,11,1
3412775,3479,1,1
3412775,44053,2,0
3412775,45104,3,1
3412775,2086,4,1
3413883,6846,1,1
3413883,42913,2,1
3413883,27757,3,1
3413883,5115,4,1
3413883,7330,5,0
3413883,13590,6,0
3413883,31410,7,0
3413883,2772,8,0
3413883,26348,9,0
3413883,27471,10,0
3414690,20738,1,1
3414690,39747,2,1
3414690,44314,3,0
3417058,22025,1,0
3417058,5550,2,0
3417058,39275,3,0
3417058,41148,4,0
3417058,38739,5,0
3417058,34466,6,0
3417058,24852,7,0
3417058,49319,8,1
3417058,1408,9,0
3417058,15363,10,0
3417058,6967,11,1
3417058,47052,12,1
3419364,6962,1,1
3419364,12060,2,1
3419364,21527,3,1
3419364,4957,4,1
3419364,27966,5,1
3419364,40571,6,1
3419364,5785,7,1
3419364,21137,8,1
3420425,8048,1,1
3420425,10258,2,1
3420425,2691,3,1
